Candidate_ID,Full_Name,Gender,Demographic_Cohort,Requisition_ID,Applied_Date,Source_Channel,Current_Stage,Disposition_Reason,Resume_Screen_Score,Phone_Screen_Score,Work_Sample_Score,Structured_Interview_Score,Job_Knowledge_Score,Composite_Score,Subjective_Impression_Score,Bias_Variance_Gap,Offer_Extended,Offer_Accepted,Hired_Date
CAND-2026-0001,Synthetic Candidate 0001,Male,Reference Group,REQ-2026-ENG-G4,2026-01-12,Skills Academy,Hired,Selected - highest governed composite,4.10,4.30,4.80,4.65,4.60,4.70,5.00,0.30,Yes,Yes,2026-02-08
CAND-2026-0002,Synthetic Candidate 0002,Male,Reference Group,REQ-2026-ENG-G4,2026-01-06,Direct Career Portal,Hired,Selected - highest governed composite,3.40,3.80,4.60,4.63,4.80,4.65,5.00,0.35,Yes,Yes,2026-02-08
CAND-2026-0003,Synthetic Candidate 0003,Male,Reference Group,REQ-2026-ENG-G4,2026-01-13,Regional Hiring Drive,Hired,Selected - highest governed composite,4.10,3.30,4.90,4.60,4.50,4.70,5.00,0.30,Yes,Yes,2026-02-08
CAND-2026-0004,Synthetic Candidate 0004,Female,Focal Group,REQ-2026-ENG-G4,2026-01-07,Employee Referral,Hired,Selected - highest governed composite,3.40,4.40,4.80,4.65,4.60,4.70,4.90,0.20,Yes,Yes,2026-02-08
CAND-2026-0005,Synthetic Candidate 0005,Female,Focal Group,REQ-2026-ENG-G4,2026-01-14,LinkedIn Recruiter,Hired,Selected - highest governed composite,4.10,3.90,4.60,4.63,4.80,4.65,4.75,0.10,Yes,Yes,2026-02-08
CAND-2026-0006,Synthetic Candidate 0006,Male,Reference Group,REQ-2026-ENG-G4,2026-01-08,Skills Academy,Hired,Selected - highest governed composite,3.40,3.40,4.70,4.58,4.70,4.65,4.65,0.00,Yes,Yes,2026-02-08
CAND-2026-0007,Synthetic Candidate 0007,Male,Reference Group,REQ-2026-ENG-G4,2026-01-15,Direct Career Portal,Hired,Selected - highest governed composite,4.10,4.50,4.50,4.55,4.40,4.50,4.40,-0.10,Yes,Yes,2026-02-08
CAND-2026-0008,Synthetic Candidate 0008,Male,Reference Group,REQ-2026-ENG-G4,2026-01-09,Regional Hiring Drive,Hired,Selected - highest governed composite,3.40,4.00,4.80,4.65,4.60,4.70,4.50,-0.20,Yes,Yes,2026-02-08
CAND-2026-0009,Synthetic Candidate 0009,Female,Focal Group,REQ-2026-ENG-G4,2026-01-16,Employee Referral,Hired,Selected - highest governed composite,4.10,3.50,4.90,4.60,4.50,4.70,4.40,-0.30,Yes,Yes,2026-02-08
CAND-2026-0010,Synthetic Candidate 0010,Female,Focal Group,REQ-2026-ENG-G4,2026-01-10,LinkedIn Recruiter,Hired,Selected - highest governed composite,3.40,4.60,4.70,4.58,4.70,4.65,5.00,0.35,Yes,Yes,2026-02-08
CAND-2026-0011,Synthetic Candidate 0011,Male,Reference Group,REQ-2026-ENG-G4,2026-01-17,Skills Academy,Interview Complete,Composite below requisition threshold,4.10,4.10,3.20,3.40,3.60,3.36,3.76,0.40,No,No,
CAND-2026-0012,Synthetic Candidate 0012,Male,Reference Group,REQ-2026-ENG-G4,2026-01-11,Direct Career Portal,Interview Complete,Composite below requisition threshold,3.40,3.60,3.70,3.58,3.10,3.53,3.83,0.30,No,No,
CAND-2026-0013,Synthetic Candidate 0013,Male,Reference Group,REQ-2026-ENG-G4,2026-01-05,Regional Hiring Drive,Interview Complete,Halo Effect control - evidence did not support override,4.10,4.70,4.00,3.80,4.00,3.92,4.60,0.68,No,No,
CAND-2026-0014,Synthetic Candidate 0014,Female,Focal Group,REQ-2026-ENG-G4,2026-01-12,Employee Referral,Interview Complete,Composite below requisition threshold,3.40,4.20,3.60,3.65,3.30,3.56,3.66,0.10,No,No,
CAND-2026-0015,Synthetic Candidate 0015,Female,Focal Group,REQ-2026-ENG-G4,2026-01-06,LinkedIn Recruiter,Interview Complete,Composite below requisition threshold,4.10,3.70,4.10,3.83,4.00,3.97,3.97,0.00,No,No,
CAND-2026-0016,Synthetic Candidate 0016,Male,Reference Group,REQ-2026-ENG-G4,2026-01-13,Skills Academy,Interview Complete,Composite below requisition threshold,3.40,3.20,3.50,3.73,3.50,3.59,3.49,-0.10,No,No,
CAND-2026-0017,Synthetic Candidate 0017,Male,Reference Group,REQ-2026-ENG-G4,2026-01-07,Direct Career Portal,Interview Complete,Composite below requisition threshold,4.10,4.30,4.00,3.63,4.20,3.89,3.69,-0.20,No,No,
CAND-2026-0018,Synthetic Candidate 0018,Male,Reference Group,REQ-2026-ENG-G4,2026-01-14,Regional Hiring Drive,Interview Complete,Composite below requisition threshold,3.40,3.80,3.40,3.53,3.70,3.51,3.21,-0.30,No,No,
CAND-2026-0019,Synthetic Candidate 0019,Female,Focal Group,REQ-2026-ENG-G4,2026-01-08,Employee Referral,Interview Complete,Composite below requisition threshold,4.10,3.30,3.90,3.70,3.20,3.68,4.18,0.50,No,No,
CAND-2026-0020,Synthetic Candidate 0020,Female,Focal Group,REQ-2026-ENG-G4,2026-01-15,LinkedIn Recruiter,Interview Complete,Composite below requisition threshold,3.40,4.40,3.30,3.35,3.90,3.44,3.84,0.40,No,No,
CAND-2026-0021,Synthetic Candidate 0021,Male,Reference Group,REQ-2026-ENG-G4,2026-01-09,Skills Academy,Interview Complete,Composite below requisition threshold,4.10,3.90,3.80,3.78,3.40,3.71,4.01,0.30,No,No,
CAND-2026-0022,Synthetic Candidate 0022,Male,Reference Group,REQ-2026-ENG-G4,2026-01-16,Direct Career Portal,Interview Complete,Composite below requisition threshold,3.40,3.40,3.20,3.40,4.10,3.46,3.66,0.20,No,No,
CAND-2026-0023,Synthetic Candidate 0023,Male,Reference Group,REQ-2026-ENG-G4,2026-01-10,Regional Hiring Drive,Interview Complete,Composite below requisition threshold,4.10,4.50,3.70,3.58,3.60,3.63,3.73,0.10,No,No,
CAND-2026-0024,Synthetic Candidate 0024,Female,Focal Group,REQ-2026-ENG-G4,2026-01-17,Employee Referral,Interview Complete,Composite below requisition threshold,3.40,4.00,4.20,3.75,3.10,3.80,3.80,0.00,No,No,
CAND-2026-0025,Synthetic Candidate 0025,Female,Focal Group,REQ-2026-ENG-G4,2026-01-11,LinkedIn Recruiter,Interview Complete,Composite below requisition threshold,4.10,3.50,3.60,3.65,3.80,3.66,3.56,-0.10,No,No,
CAND-2026-0026,Synthetic Candidate 0026,Male,Reference Group,REQ-2026-ENG-G4,2026-01-05,Skills Academy,Interview Complete,Composite below requisition threshold,3.40,4.60,4.10,3.83,3.30,3.83,3.63,-0.20,No,No,
CAND-2026-0027,Synthetic Candidate 0027,Male,Reference Group,REQ-2026-ENG-G4,2026-01-12,Direct Career Portal,Interview Complete,Composite below requisition threshold,4.10,4.10,3.50,3.73,4.00,3.69,3.39,-0.30,No,No,
CAND-2026-0028,Synthetic Candidate 0028,Male,Reference Group,REQ-2026-ENG-G4,2026-01-06,Regional Hiring Drive,Interview Complete,Composite below requisition threshold,3.40,3.60,4.00,3.63,3.50,3.75,4.25,0.50,No,No,
CAND-2026-0029,Synthetic Candidate 0029,Female,Focal Group,REQ-2026-ENG-G4,2026-01-13,Employee Referral,Interview Complete,Composite below requisition threshold,4.10,4.70,3.40,3.53,4.20,3.61,4.01,0.40,No,No,
CAND-2026-0030,Synthetic Candidate 0030,Female,Focal Group,REQ-2026-ENG-G4,2026-01-07,LinkedIn Recruiter,Interview Complete,Composite below requisition threshold,3.40,4.20,3.90,3.45,3.70,3.68,3.98,0.30,No,No,
CAND-2026-0031,Synthetic Candidate 0031,Male,Reference Group,REQ-2026-ENG-G4,2026-01-14,Skills Academy,Interview Complete,Composite below requisition threshold,4.10,3.70,3.30,3.60,3.20,3.40,3.60,0.20,No,No,
CAND-2026-0032,Synthetic Candidate 0032,Male,Reference Group,REQ-2026-ENG-G4,2026-01-08,Direct Career Portal,Interview Complete,Composite below requisition threshold,3.40,3.20,3.80,3.78,3.90,3.81,3.91,0.10,No,No,
CAND-2026-0033,Synthetic Candidate 0033,Male,Reference Group,REQ-2026-ENG-G4,2026-01-15,Regional Hiring Drive,Interview Complete,Composite below requisition threshold,4.10,4.30,3.20,3.40,3.40,3.32,3.32,0.00,No,No,
CAND-2026-0034,Synthetic Candidate 0034,Female,Focal Group,REQ-2026-ENG-G4,2026-01-09,Employee Referral,Interview Complete,Composite below requisition threshold,3.40,3.80,3.70,3.58,4.10,3.73,3.63,-0.10,No,No,
CAND-2026-0035,Synthetic Candidate 0035,Female,Focal Group,REQ-2026-ENG-G4,2026-01-16,LinkedIn Recruiter,Interview Complete,Composite below requisition threshold,4.10,3.30,4.20,3.75,3.60,3.90,3.70,-0.20,No,No,
CAND-2026-0036,Synthetic Candidate 0036,Male,Reference Group,REQ-2026-ENG-G4,2026-01-10,Skills Academy,Interview Complete,Composite below requisition threshold,3.40,4.40,3.60,3.65,3.10,3.52,3.22,-0.30,No,No,
CAND-2026-0037,Synthetic Candidate 0037,Male,Reference Group,REQ-2026-ENG-G4,2026-01-17,Direct Career Portal,Interview Complete,Composite below requisition threshold,4.10,3.90,4.10,3.83,3.80,3.93,4.43,0.50,No,No,
CAND-2026-0038,Synthetic Candidate 0038,Male,Reference Group,REQ-2026-ENG-G4,2026-01-11,Regional Hiring Drive,Interview Complete,Composite below requisition threshold,3.40,3.40,3.50,3.73,3.30,3.55,3.95,0.40,No,No,
CAND-2026-0039,Synthetic Candidate 0039,Female,Focal Group,REQ-2026-ENG-G4,2026-01-05,Employee Referral,Interview Complete,Composite below requisition threshold,4.10,4.50,4.00,3.63,4.00,3.85,4.15,0.30,No,No,
CAND-2026-0040,Synthetic Candidate 0040,Female,Focal Group,REQ-2026-ENG-G4,2026-01-12,LinkedIn Recruiter,Interview Complete,Composite below requisition threshold,3.40,4.00,3.40,3.28,3.50,3.37,3.57,0.20,No,No,
CAND-2026-0041,Synthetic Candidate 0041,Male,Reference Group,REQ-2026-ENG-G4,2026-01-06,Skills Academy,Interview Complete,Composite below requisition threshold,4.10,3.50,3.90,3.70,4.20,3.88,3.98,0.10,No,No,
CAND-2026-0042,Synthetic Candidate 0042,Male,Reference Group,REQ-2026-ENG-G4,2026-01-13,Direct Career Portal,Interview Complete,Composite below requisition threshold,3.40,4.60,3.30,3.60,3.70,3.50,3.50,0.00,No,No,
CAND-2026-0043,Synthetic Candidate 0043,Male,Reference Group,REQ-2026-ENG-G4,2026-01-07,Regional Hiring Drive,Interview Complete,Composite below requisition threshold,4.10,4.10,3.80,3.78,3.20,3.67,3.57,-0.10,No,No,
CAND-2026-0044,Synthetic Candidate 0044,Female,Focal Group,REQ-2026-ENG-G4,2026-01-14,Employee Referral,Interview Complete,Composite below requisition threshold,3.40,3.60,3.20,3.40,3.90,3.42,3.22,-0.20,No,No,
CAND-2026-0045,Synthetic Candidate 0045,Female,Focal Group,REQ-2026-ENG-G4,2026-01-08,LinkedIn Recruiter,Interview Complete,Composite below requisition threshold,4.10,4.70,3.70,3.58,3.40,3.59,3.29,-0.30,No,No,
CAND-2026-0046,Synthetic Candidate 0046,Male,Reference Group,REQ-2026-ENG-G4,2026-01-15,Skills Academy,Interview Complete,Composite below requisition threshold,3.40,4.20,4.20,3.75,4.10,4.00,4.50,0.50,No,No,
CAND-2026-0047,Synthetic Candidate 0047,Male,Reference Group,REQ-2026-ENG-G4,2026-01-09,Direct Career Portal,Interview Complete,Composite below requisition threshold,4.10,3.70,3.60,3.65,3.60,3.62,4.02,0.40,No,No,
CAND-2026-0048,Synthetic Candidate 0048,Male,Reference Group,REQ-2026-ENG-G4,2026-01-16,Regional Hiring Drive,Interview Complete,Composite below requisition threshold,3.40,3.20,4.10,3.83,3.10,3.79,4.09,0.30,No,No,
CAND-2026-0049,Synthetic Candidate 0049,Female,Focal Group,REQ-2026-ENG-G4,2026-01-10,Employee Referral,Interview Complete,Composite below requisition threshold,4.10,4.30,3.50,3.73,3.80,3.65,3.85,0.20,No,No,
CAND-2026-0050,Synthetic Candidate 0050,Female,Focal Group,REQ-2026-ENG-G4,2026-01-17,LinkedIn Recruiter,Interview Complete,Composite below requisition threshold,3.40,3.80,4.00,3.38,3.30,3.61,3.71,0.10,No,No,
CAND-2026-0051,Synthetic Candidate 0051,Male,Reference Group,REQ-2026-ENG-G4,2026-01-11,Skills Academy,Interview Complete,Composite below requisition threshold,4.10,3.30,3.40,3.53,4.00,3.57,3.57,0.00,No,No,
CAND-2026-0052,Synthetic Candidate 0052,Male,Reference Group,REQ-2026-ENG-G4,2026-01-05,Direct Career Portal,Interview Complete,Composite below requisition threshold,3.40,4.40,3.90,3.70,3.50,3.74,3.64,-0.10,No,No,
CAND-2026-0053,Synthetic Candidate 0053,Male,Reference Group,REQ-2026-ENG-G4,2026-01-12,Regional Hiring Drive,Interview Complete,Composite below requisition threshold,4.10,3.90,3.30,3.60,4.20,3.60,3.40,-0.20,No,No,
CAND-2026-0054,Synthetic Candidate 0054,Female,Focal Group,REQ-2026-ENG-G4,2026-01-06,Employee Referral,Interview Complete,Composite below requisition threshold,3.40,3.40,3.80,3.78,3.70,3.77,3.47,-0.30,No,No,
CAND-2026-0055,Synthetic Candidate 0055,Female,Focal Group,REQ-2026-ENG-G4,2026-01-13,LinkedIn Recruiter,Interview Complete,Composite below requisition threshold,4.10,4.50,3.20,3.40,3.20,3.28,3.78,0.50,No,No,
CAND-2026-0056,Synthetic Candidate 0056,Male,Reference Group,REQ-2026-ENG-G4,2026-01-07,Skills Academy,Interview Complete,Composite below requisition threshold,3.40,4.00,3.70,3.58,3.90,3.69,4.09,0.40,No,No,
CAND-2026-0057,Synthetic Candidate 0057,Male,Reference Group,REQ-2026-ENG-G4,2026-01-14,Direct Career Portal,Interview Complete,Composite below requisition threshold,4.10,3.50,4.20,3.75,3.40,3.86,4.16,0.30,No,No,
CAND-2026-0058,Synthetic Candidate 0058,Male,Reference Group,REQ-2026-ENG-G4,2026-01-08,Regional Hiring Drive,Interview Complete,Composite below requisition threshold,3.40,4.60,3.60,3.65,4.10,3.72,3.92,0.20,No,No,
CAND-2026-0059,Synthetic Candidate 0059,Female,Focal Group,REQ-2026-ENG-G4,2026-01-15,Employee Referral,Interview Complete,Composite below requisition threshold,4.10,4.10,4.10,3.83,3.60,3.89,3.99,0.10,No,No,
CAND-2026-0060,Synthetic Candidate 0060,Female,Focal Group,REQ-2026-ENG-G4,2026-01-09,LinkedIn Recruiter,Interview Complete,Composite below requisition threshold,3.40,3.60,3.50,3.48,3.10,3.41,3.41,0.00,No,No,
CAND-2026-0061,Synthetic Candidate 0061,Male,Reference Group,REQ-2026-ENG-G4,2026-01-16,Skills Academy,Interview Complete,Composite below requisition threshold,4.10,4.70,4.00,3.63,3.80,3.81,3.71,-0.10,No,No,
CAND-2026-0062,Synthetic Candidate 0062,Male,Reference Group,REQ-2026-ENG-G4,2026-01-10,Direct Career Portal,Interview Complete,Composite below requisition threshold,3.40,4.20,3.40,3.53,3.30,3.43,3.23,-0.20,No,No,
CAND-2026-0063,Synthetic Candidate 0063,Male,Reference Group,REQ-2026-ENG-G4,2026-01-17,Regional Hiring Drive,Interview Complete,Composite below requisition threshold,4.10,3.70,3.90,3.70,4.00,3.84,3.54,-0.30,No,No,
CAND-2026-0064,Synthetic Candidate 0064,Female,Focal Group,REQ-2026-ENG-G4,2026-01-11,Employee Referral,Interview Complete,Composite below requisition threshold,3.40,3.20,3.30,3.60,3.50,3.46,3.96,0.50,No,No,
CAND-2026-0065,Synthetic Candidate 0065,Female,Focal Group,REQ-2026-ENG-G4,2026-01-05,LinkedIn Recruiter,Interview Complete,Composite below requisition threshold,4.10,4.30,3.80,3.78,4.20,3.87,4.27,0.40,No,No,
CAND-2026-0066,Synthetic Candidate 0066,Male,Reference Group,REQ-2026-ENG-G4,2026-01-12,Skills Academy,Interview Complete,Composite below requisition threshold,3.40,3.80,3.20,3.40,3.70,3.38,3.68,0.30,No,No,
CAND-2026-0067,Synthetic Candidate 0067,Male,Reference Group,REQ-2026-ENG-G4,2026-01-06,Direct Career Portal,Interview Complete,Composite below requisition threshold,4.10,3.30,3.70,3.58,3.20,3.55,3.75,0.20,No,No,
CAND-2026-0068,Synthetic Candidate 0068,Male,Reference Group,REQ-2026-ENG-G4,2026-01-13,Regional Hiring Drive,Interview Complete,Composite below requisition threshold,3.40,4.40,4.20,3.75,3.90,3.96,4.06,0.10,No,No,
CAND-2026-0069,Synthetic Candidate 0069,Female,Focal Group,REQ-2026-ENG-G4,2026-01-07,Employee Referral,Interview Complete,Composite below requisition threshold,4.10,3.90,3.60,3.65,3.40,3.58,3.58,0.00,No,No,
CAND-2026-0070,Synthetic Candidate 0070,Female,Focal Group,REQ-2026-ENG-G4,2026-01-14,LinkedIn Recruiter,Interview Complete,Composite below requisition threshold,3.40,3.40,4.10,3.58,4.10,3.89,3.79,-0.10,No,No,
CAND-2026-0071,Synthetic Candidate 0071,Male,Reference Group,REQ-2026-ENG-G4,2026-01-08,Skills Academy,Interview Complete,Composite below requisition threshold,4.10,4.50,3.50,3.73,3.60,3.61,3.41,-0.20,No,No,
CAND-2026-0072,Synthetic Candidate 0072,Male,Reference Group,REQ-2026-ENG-G4,2026-01-15,Direct Career Portal,Interview Complete,Composite below requisition threshold,3.40,4.00,4.00,3.63,3.10,3.67,3.37,-0.30,No,No,
CAND-2026-0073,Synthetic Candidate 0073,Male,Reference Group,REQ-2026-ENG-G4,2026-01-09,Regional Hiring Drive,Interview Complete,Composite below requisition threshold,4.10,3.50,3.40,3.53,3.80,3.53,4.03,0.50,No,No,
CAND-2026-0074,Synthetic Candidate 0074,Female,Focal Group,REQ-2026-ENG-G4,2026-01-16,Employee Referral,Interview Complete,Composite below requisition threshold,3.40,4.60,3.90,3.70,3.30,3.70,4.10,0.40,No,No,
CAND-2026-0075,Synthetic Candidate 0075,Female,Focal Group,REQ-2026-ENG-G4,2026-01-10,LinkedIn Recruiter,Interview Complete,Composite below requisition threshold,4.10,4.10,3.30,3.60,4.00,3.56,3.86,0.30,No,No,
CAND-2026-0076,Synthetic Candidate 0076,Male,Reference Group,REQ-2026-ENG-G4,2026-01-17,Skills Academy,Interview Complete,Composite below requisition threshold,3.40,3.60,3.80,3.78,3.50,3.73,3.93,0.20,No,No,
CAND-2026-0077,Synthetic Candidate 0077,Male,Reference Group,REQ-2026-ENG-G4,2026-01-11,Direct Career Portal,Interview Complete,Composite below requisition threshold,4.10,4.70,3.20,3.40,4.20,3.48,3.58,0.10,No,No,
CAND-2026-0078,Synthetic Candidate 0078,Male,Reference Group,REQ-2026-ENG-G4,2026-01-05,Regional Hiring Drive,Interview Complete,Composite below requisition threshold,3.40,4.20,3.70,3.58,3.70,3.65,3.65,0.00,No,No,
CAND-2026-0079,Synthetic Candidate 0079,Female,Focal Group,REQ-2026-ENG-G4,2026-01-12,Employee Referral,Interview Complete,Composite below requisition threshold,4.10,3.70,4.20,3.75,3.20,3.82,3.72,-0.10,No,No,
CAND-2026-0080,Synthetic Candidate 0080,Female,Focal Group,REQ-2026-ENG-G4,2026-01-06,LinkedIn Recruiter,Interview Complete,Composite below requisition threshold,3.40,3.20,3.60,3.40,3.90,3.58,3.38,-0.20,No,No,
CAND-2026-0081,Synthetic Candidate 0081,Male,Reference Group,REQ-2026-ENG-G4,2026-01-13,Skills Academy,Interview Complete,Composite below requisition threshold,4.10,4.30,4.10,3.83,3.40,3.85,3.55,-0.30,No,No,
CAND-2026-0082,Synthetic Candidate 0082,Male,Reference Group,REQ-2026-ENG-G4,2026-01-07,Direct Career Portal,Interview Complete,Composite below requisition threshold,3.40,3.80,3.50,3.73,4.10,3.71,4.21,0.50,No,No,
CAND-2026-0083,Synthetic Candidate 0083,Male,Reference Group,REQ-2026-ENG-G4,2026-01-14,Regional Hiring Drive,Interview Complete,Composite below requisition threshold,4.10,3.30,4.00,3.63,3.60,3.77,4.17,0.40,No,No,
CAND-2026-0084,Synthetic Candidate 0084,Female,Focal Group,REQ-2026-ENG-G4,2026-01-08,Employee Referral,Interview Complete,Composite below requisition threshold,3.40,4.40,3.40,3.53,3.10,3.39,3.69,0.30,No,No,
CAND-2026-0085,Synthetic Candidate 0085,Female,Focal Group,REQ-2026-ENG-G4,2026-01-15,LinkedIn Recruiter,Interview Complete,Composite below requisition threshold,4.10,3.90,3.90,3.70,3.80,3.80,4.00,0.20,No,No,
CAND-2026-0086,Synthetic Candidate 0086,Male,Reference Group,REQ-2026-ENG-G4,2026-01-09,Skills Academy,Interview Complete,Composite below requisition threshold,3.40,3.40,3.30,3.60,3.30,3.42,3.52,0.10,No,No,
CAND-2026-0087,Synthetic Candidate 0087,Male,Reference Group,REQ-2026-ENG-G4,2026-01-16,Direct Career Portal,Interview Complete,Composite below requisition threshold,4.10,4.50,3.80,3.78,4.00,3.83,3.83,0.00,No,No,
CAND-2026-0088,Synthetic Candidate 0088,Male,Reference Group,REQ-2026-ENG-G4,2026-01-10,Regional Hiring Drive,Interview Complete,Composite below requisition threshold,3.40,4.00,3.20,3.40,3.50,3.34,3.24,-0.10,No,No,
CAND-2026-0089,Synthetic Candidate 0089,Female,Focal Group,REQ-2026-ENG-G4,2026-01-17,Employee Referral,Interview Complete,Composite below requisition threshold,4.10,3.50,3.70,3.58,4.20,3.75,3.55,-0.20,No,No,
CAND-2026-0090,Synthetic Candidate 0090,Female,Focal Group,REQ-2026-ENG-G4,2026-01-11,LinkedIn Recruiter,Interview Complete,Composite below requisition threshold,3.40,4.60,4.20,3.50,3.70,3.82,3.52,-0.30,No,No,
CAND-2026-0091,Synthetic Candidate 0091,Male,Reference Group,REQ-2026-ENG-G4,2026-01-05,Skills Academy,Interview Complete,Composite below requisition threshold,4.10,4.10,3.60,3.65,3.20,3.54,4.04,0.50,No,No,
CAND-2026-0092,Synthetic Candidate 0092,Male,Reference Group,REQ-2026-ENG-G4,2026-01-12,Direct Career Portal,Interview Complete,Composite below requisition threshold,3.40,3.60,4.10,3.83,3.90,3.95,4.35,0.40,No,No,
CAND-2026-0093,Synthetic Candidate 0093,Male,Reference Group,REQ-2026-ENG-G4,2026-01-06,Regional Hiring Drive,Interview Complete,Composite below requisition threshold,4.10,4.70,3.50,3.73,3.40,3.57,3.87,0.30,No,No,
CAND-2026-0094,Synthetic Candidate 0094,Female,Focal Group,REQ-2026-ENG-G4,2026-01-13,Employee Referral,Interview Complete,Composite below requisition threshold,3.40,4.20,4.00,3.63,4.10,3.87,4.07,0.20,No,No,
CAND-2026-0095,Synthetic Candidate 0095,Female,Focal Group,REQ-2026-ENG-G4,2026-01-07,LinkedIn Recruiter,Interview Complete,Composite below requisition threshold,4.10,3.70,3.40,3.53,3.60,3.49,3.59,0.10,No,No,
CAND-2026-0096,Synthetic Candidate 0096,Male,Reference Group,REQ-2026-ENG-G4,2026-01-14,Skills Academy,Interview Complete,Composite below requisition threshold,3.40,3.20,3.90,3.70,3.10,3.66,3.66,0.00,No,No,
CAND-2026-0097,Synthetic Candidate 0097,Male,Reference Group,REQ-2026-ENG-G4,2026-01-08,Direct Career Portal,Interview Complete,Composite below requisition threshold,4.10,4.30,3.30,3.60,3.80,3.52,3.42,-0.10,No,No,
CAND-2026-0098,Synthetic Candidate 0098,Male,Reference Group,REQ-2026-ENG-G4,2026-01-15,Regional Hiring Drive,Interview Complete,Composite below requisition threshold,3.40,3.80,3.80,3.78,3.30,3.69,3.49,-0.20,No,No,
CAND-2026-0099,Synthetic Candidate 0099,Female,Focal Group,REQ-2026-ENG-G4,2026-01-09,Employee Referral,Interview Complete,Composite below requisition threshold,4.10,3.30,3.20,3.40,4.00,3.44,3.14,-0.30,No,No,
CAND-2026-0100,Synthetic Candidate 0100,Female,Focal Group,REQ-2026-ENG-G4,2026-01-16,LinkedIn Recruiter,Interview Complete,Composite below requisition threshold,3.40,4.40,3.70,3.33,3.50,3.51,4.01,0.50,No,No,
CAND-2026-0101,Synthetic Candidate 0101,Male,Reference Group,REQ-2026-ENG-G4,2026-01-10,Skills Academy,Shortlisted,Not advanced to standardized assessment,4.10,3.90,,,,,,,No,No,
CAND-2026-0102,Synthetic Candidate 0102,Male,Reference Group,REQ-2026-ENG-G4,2026-01-17,Direct Career Portal,Shortlisted,Not advanced to standardized assessment,3.40,3.40,,,,,,,No,No,
CAND-2026-0103,Synthetic Candidate 0103,Male,Reference Group,REQ-2026-ENG-G4,2026-01-11,Regional Hiring Drive,Shortlisted,Not advanced to standardized assessment,4.10,4.50,,,,,,,No,No,
CAND-2026-0104,Synthetic Candidate 0104,Female,Focal Group,REQ-2026-ENG-G4,2026-01-05,Employee Referral,Shortlisted,Not advanced to standardized assessment,3.40,4.00,,,,,,,No,No,
CAND-2026-0105,Synthetic Candidate 0105,Female,Focal Group,REQ-2026-ENG-G4,2026-01-12,LinkedIn Recruiter,Shortlisted,Not advanced to standardized assessment,4.10,3.50,,,,,,,No,No,
CAND-2026-0106,Synthetic Candidate 0106,Male,Reference Group,REQ-2026-ENG-G4,2026-01-06,Skills Academy,Shortlisted,Not advanced to standardized assessment,3.40,4.60,,,,,,,No,No,
CAND-2026-0107,Synthetic Candidate 0107,Male,Reference Group,REQ-2026-ENG-G4,2026-01-13,Direct Career Portal,Shortlisted,Not advanced to standardized assessment,4.10,4.10,,,,,,,No,No,
CAND-2026-0108,Synthetic Candidate 0108,Male,Reference Group,REQ-2026-ENG-G4,2026-01-07,Regional Hiring Drive,Shortlisted,Not advanced to standardized assessment,3.40,3.60,,,,,,,No,No,
CAND-2026-0109,Synthetic Candidate 0109,Female,Focal Group,REQ-2026-ENG-G4,2026-01-14,Employee Referral,Shortlisted,Not advanced to standardized assessment,4.10,4.70,,,,,,,No,No,
CAND-2026-0110,Synthetic Candidate 0110,Female,Focal Group,REQ-2026-ENG-G4,2026-01-08,LinkedIn Recruiter,Shortlisted,Not advanced to standardized assessment,3.40,4.20,,,,,,,No,No,
CAND-2026-0111,Synthetic Candidate 0111,Male,Reference Group,REQ-2026-ENG-G4,2026-01-15,Skills Academy,Shortlisted,Not advanced to standardized assessment,4.10,3.70,,,,,,,No,No,
CAND-2026-0112,Synthetic Candidate 0112,Male,Reference Group,REQ-2026-ENG-G4,2026-01-09,Direct Career Portal,Shortlisted,Not advanced to standardized assessment,3.40,3.20,,,,,,,No,No,
CAND-2026-0113,Synthetic Candidate 0113,Male,Reference Group,REQ-2026-ENG-G4,2026-01-16,Regional Hiring Drive,Shortlisted,Not advanced to standardized assessment,4.10,4.30,,,,,,,No,No,
CAND-2026-0114,Synthetic Candidate 0114,Female,Focal Group,REQ-2026-ENG-G4,2026-01-10,Employee Referral,Shortlisted,Not advanced to standardized assessment,3.40,3.80,,,,,,,No,No,
CAND-2026-0115,Synthetic Candidate 0115,Female,Focal Group,REQ-2026-ENG-G4,2026-01-17,LinkedIn Recruiter,Shortlisted,Not advanced to standardized assessment,4.10,3.30,,,,,,,No,No,
CAND-2026-0116,Synthetic Candidate 0116,Male,Reference Group,REQ-2026-ENG-G4,2026-01-11,Skills Academy,Shortlisted,Not advanced to standardized assessment,3.40,4.40,,,,,,,No,No,
CAND-2026-0117,Synthetic Candidate 0117,Male,Reference Group,REQ-2026-ENG-G4,2026-01-05,Direct Career Portal,Shortlisted,Not advanced to standardized assessment,4.10,3.90,,,,,,,No,No,
CAND-2026-0118,Synthetic Candidate 0118,Male,Reference Group,REQ-2026-ENG-G4,2026-01-12,Regional Hiring Drive,Shortlisted,Not advanced to standardized assessment,3.40,3.40,,,,,,,No,No,
CAND-2026-0119,Synthetic Candidate 0119,Female,Focal Group,REQ-2026-ENG-G4,2026-01-06,Employee Referral,Shortlisted,Not advanced to standardized assessment,4.10,4.50,,,,,,,No,No,
CAND-2026-0120,Synthetic Candidate 0120,Female,Focal Group,REQ-2026-ENG-G4,2026-01-13,LinkedIn Recruiter,Shortlisted,Not advanced to standardized assessment,3.40,4.00,,,,,,,No,No,
CAND-2026-0121,Synthetic Candidate 0121,Male,Reference Group,REQ-2026-ENG-G4,2026-01-07,Skills Academy,Shortlisted,Not advanced to standardized assessment,4.10,3.50,,,,,,,No,No,
CAND-2026-0122,Synthetic Candidate 0122,Male,Reference Group,REQ-2026-ENG-G4,2026-01-14,Direct Career Portal,Shortlisted,Not advanced to standardized assessment,3.40,4.60,,,,,,,No,No,
CAND-2026-0123,Synthetic Candidate 0123,Male,Reference Group,REQ-2026-ENG-G4,2026-01-08,Regional Hiring Drive,Shortlisted,Not advanced to standardized assessment,4.10,4.10,,,,,,,No,No,
CAND-2026-0124,Synthetic Candidate 0124,Female,Focal Group,REQ-2026-ENG-G4,2026-01-15,Employee Referral,Shortlisted,Not advanced to standardized assessment,3.40,3.60,,,,,,,No,No,
CAND-2026-0125,Synthetic Candidate 0125,Female,Focal Group,REQ-2026-ENG-G4,2026-01-09,LinkedIn Recruiter,Shortlisted,Not advanced to standardized assessment,4.10,4.70,,,,,,,No,No,
CAND-2026-0126,Synthetic Candidate 0126,Male,Reference Group,REQ-2026-ENG-G4,2026-01-16,Skills Academy,Shortlisted,Not advanced to standardized assessment,3.40,4.20,,,,,,,No,No,
CAND-2026-0127,Synthetic Candidate 0127,Male,Reference Group,REQ-2026-ENG-G4,2026-01-10,Direct Career Portal,Shortlisted,Not advanced to standardized assessment,4.10,3.70,,,,,,,No,No,
CAND-2026-0128,Synthetic Candidate 0128,Male,Reference Group,REQ-2026-ENG-G4,2026-01-17,Regional Hiring Drive,Shortlisted,Not advanced to standardized assessment,3.40,3.20,,,,,,,No,No,
CAND-2026-0129,Synthetic Candidate 0129,Female,Focal Group,REQ-2026-ENG-G4,2026-01-11,Employee Referral,Shortlisted,Not advanced to standardized assessment,4.10,4.30,,,,,,,No,No,
CAND-2026-0130,Synthetic Candidate 0130,Female,Focal Group,REQ-2026-ENG-G4,2026-01-05,LinkedIn Recruiter,Shortlisted,Not advanced to standardized assessment,3.40,3.80,,,,,,,No,No,
CAND-2026-0131,Synthetic Candidate 0131,Male,Reference Group,REQ-2026-ENG-G4,2026-01-12,Skills Academy,Shortlisted,Not advanced to standardized assessment,4.10,3.30,,,,,,,No,No,
CAND-2026-0132,Synthetic Candidate 0132,Male,Reference Group,REQ-2026-ENG-G4,2026-01-06,Direct Career Portal,Shortlisted,Not advanced to standardized assessment,3.40,4.40,,,,,,,No,No,
CAND-2026-0133,Synthetic Candidate 0133,Male,Reference Group,REQ-2026-ENG-G4,2026-01-13,Regional Hiring Drive,Shortlisted,Not advanced to standardized assessment,4.10,3.90,,,,,,,No,No,
CAND-2026-0134,Synthetic Candidate 0134,Female,Focal Group,REQ-2026-ENG-G4,2026-01-07,Employee Referral,Shortlisted,Not advanced to standardized assessment,3.40,3.40,,,,,,,No,No,
CAND-2026-0135,Synthetic Candidate 0135,Female,Focal Group,REQ-2026-ENG-G4,2026-01-14,LinkedIn Recruiter,Shortlisted,Not advanced to standardized assessment,4.10,4.50,,,,,,,No,No,
CAND-2026-0136,Synthetic Candidate 0136,Male,Reference Group,REQ-2026-ENG-G4,2026-01-08,Skills Academy,Shortlisted,Not advanced to standardized assessment,3.40,4.00,,,,,,,No,No,
CAND-2026-0137,Synthetic Candidate 0137,Male,Reference Group,REQ-2026-ENG-G4,2026-01-15,Direct Career Portal,Shortlisted,Not advanced to standardized assessment,4.10,3.50,,,,,,,No,No,
CAND-2026-0138,Synthetic Candidate 0138,Male,Reference Group,REQ-2026-ENG-G4,2026-01-09,Regional Hiring Drive,Shortlisted,Not advanced to standardized assessment,3.40,4.60,,,,,,,No,No,
CAND-2026-0139,Synthetic Candidate 0139,Female,Focal Group,REQ-2026-ENG-G4,2026-01-16,Employee Referral,Shortlisted,Not advanced to standardized assessment,4.10,4.10,,,,,,,No,No,
CAND-2026-0140,Synthetic Candidate 0140,Female,Focal Group,REQ-2026-ENG-G4,2026-01-10,LinkedIn Recruiter,Shortlisted,Not advanced to standardized assessment,3.40,3.60,,,,,,,No,No,
CAND-2026-0141,Synthetic Candidate 0141,Male,Reference Group,REQ-2026-ENG-G4,2026-01-17,Skills Academy,Shortlisted,Not advanced to standardized assessment,4.10,4.70,,,,,,,No,No,
CAND-2026-0142,Synthetic Candidate 0142,Male,Reference Group,REQ-2026-ENG-G4,2026-01-11,Direct Career Portal,Shortlisted,Not advanced to standardized assessment,3.40,4.20,,,,,,,No,No,
CAND-2026-0143,Synthetic Candidate 0143,Male,Reference Group,REQ-2026-ENG-G4,2026-01-05,Regional Hiring Drive,Shortlisted,Not advanced to standardized assessment,4.10,3.70,,,,,,,No,No,
CAND-2026-0144,Synthetic Candidate 0144,Female,Focal Group,REQ-2026-ENG-G4,2026-01-12,Employee Referral,Shortlisted,Not advanced to standardized assessment,3.40,3.20,,,,,,,No,No,
CAND-2026-0145,Synthetic Candidate 0145,Female,Focal Group,REQ-2026-ENG-G4,2026-01-06,LinkedIn Recruiter,Shortlisted,Not advanced to standardized assessment,4.10,4.30,,,,,,,No,No,
CAND-2026-0146,Synthetic Candidate 0146,Male,Reference Group,REQ-2026-ENG-G4,2026-01-13,Skills Academy,Shortlisted,Not advanced to standardized assessment,3.40,3.80,,,,,,,No,No,
CAND-2026-0147,Synthetic Candidate 0147,Male,Reference Group,REQ-2026-ENG-G4,2026-01-07,Direct Career Portal,Shortlisted,Not advanced to standardized assessment,4.10,3.30,,,,,,,No,No,
CAND-2026-0148,Synthetic Candidate 0148,Male,Reference Group,REQ-2026-ENG-G4,2026-01-14,Regional Hiring Drive,Shortlisted,Not advanced to standardized assessment,3.40,4.40,,,,,,,No,No,
CAND-2026-0149,Synthetic Candidate 0149,Female,Focal Group,REQ-2026-ENG-G4,2026-01-08,Employee Referral,Shortlisted,Not advanced to standardized assessment,4.10,3.90,,,,,,,No,No,
CAND-2026-0150,Synthetic Candidate 0150,Female,Focal Group,REQ-2026-ENG-G4,2026-01-15,LinkedIn Recruiter,Shortlisted,Not advanced to standardized assessment,3.40,3.40,,,,,,,No,No,
CAND-2026-0151,Synthetic Candidate 0151,Male,Reference Group,REQ-2026-ENG-G4,2026-01-09,Skills Academy,Shortlisted,Not advanced to standardized assessment,4.10,4.50,,,,,,,No,No,
CAND-2026-0152,Synthetic Candidate 0152,Male,Reference Group,REQ-2026-ENG-G4,2026-01-16,Direct Career Portal,Shortlisted,Not advanced to standardized assessment,3.40,4.00,,,,,,,No,No,
CAND-2026-0153,Synthetic Candidate 0153,Male,Reference Group,REQ-2026-ENG-G4,2026-01-10,Regional Hiring Drive,Shortlisted,Not advanced to standardized assessment,4.10,3.50,,,,,,,No,No,
CAND-2026-0154,Synthetic Candidate 0154,Female,Focal Group,REQ-2026-ENG-G4,2026-01-17,Employee Referral,Shortlisted,Not advanced to standardized assessment,3.40,4.60,,,,,,,No,No,
CAND-2026-0155,Synthetic Candidate 0155,Female,Focal Group,REQ-2026-ENG-G4,2026-01-11,LinkedIn Recruiter,Shortlisted,Not advanced to standardized assessment,4.10,4.10,,,,,,,No,No,
CAND-2026-0156,Synthetic Candidate 0156,Male,Reference Group,REQ-2026-ENG-G4,2026-01-05,Skills Academy,Shortlisted,Not advanced to standardized assessment,3.40,3.60,,,,,,,No,No,
CAND-2026-0157,Synthetic Candidate 0157,Male,Reference Group,REQ-2026-ENG-G4,2026-01-12,Direct Career Portal,Shortlisted,Not advanced to standardized assessment,4.10,4.70,,,,,,,No,No,
CAND-2026-0158,Synthetic Candidate 0158,Male,Reference Group,REQ-2026-ENG-G4,2026-01-06,Regional Hiring Drive,Shortlisted,Not advanced to standardized assessment,3.40,4.20,,,,,,,No,No,
CAND-2026-0159,Synthetic Candidate 0159,Female,Focal Group,REQ-2026-ENG-G4,2026-01-13,Employee Referral,Shortlisted,Not advanced to standardized assessment,4.10,3.70,,,,,,,No,No,
CAND-2026-0160,Synthetic Candidate 0160,Female,Focal Group,REQ-2026-ENG-G4,2026-01-07,LinkedIn Recruiter,Shortlisted,Not advanced to standardized assessment,3.40,3.20,,,,,,,No,No,
CAND-2026-0161,Synthetic Candidate 0161,Male,Reference Group,REQ-2026-ENG-G4,2026-01-14,Skills Academy,Shortlisted,Not advanced to standardized assessment,4.10,4.30,,,,,,,No,No,
CAND-2026-0162,Synthetic Candidate 0162,Male,Reference Group,REQ-2026-ENG-G4,2026-01-08,Direct Career Portal,Shortlisted,Not advanced to standardized assessment,3.40,3.80,,,,,,,No,No,
CAND-2026-0163,Synthetic Candidate 0163,Male,Reference Group,REQ-2026-ENG-G4,2026-01-15,Regional Hiring Drive,Shortlisted,Not advanced to standardized assessment,4.10,3.30,,,,,,,No,No,
CAND-2026-0164,Synthetic Candidate 0164,Female,Focal Group,REQ-2026-ENG-G4,2026-01-09,Employee Referral,Shortlisted,Not advanced to standardized assessment,3.40,4.40,,,,,,,No,No,
CAND-2026-0165,Synthetic Candidate 0165,Female,Focal Group,REQ-2026-ENG-G4,2026-01-16,LinkedIn Recruiter,Shortlisted,Not advanced to standardized assessment,4.10,3.90,,,,,,,No,No,
CAND-2026-0166,Synthetic Candidate 0166,Male,Reference Group,REQ-2026-ENG-G4,2026-01-10,Skills Academy,Shortlisted,Not advanced to standardized assessment,3.40,3.40,,,,,,,No,No,
CAND-2026-0167,Synthetic Candidate 0167,Male,Reference Group,REQ-2026-ENG-G4,2026-01-17,Direct Career Portal,Shortlisted,Not advanced to standardized assessment,4.10,4.50,,,,,,,No,No,
CAND-2026-0168,Synthetic Candidate 0168,Male,Reference Group,REQ-2026-ENG-G4,2026-01-11,Regional Hiring Drive,Shortlisted,Not advanced to standardized assessment,3.40,4.00,,,,,,,No,No,
CAND-2026-0169,Synthetic Candidate 0169,Female,Focal Group,REQ-2026-ENG-G4,2026-01-05,Employee Referral,Shortlisted,Not advanced to standardized assessment,4.10,3.50,,,,,,,No,No,
CAND-2026-0170,Synthetic Candidate 0170,Female,Focal Group,REQ-2026-ENG-G4,2026-01-12,LinkedIn Recruiter,Shortlisted,Not advanced to standardized assessment,3.40,4.60,,,,,,,No,No,
CAND-2026-0171,Synthetic Candidate 0171,Male,Reference Group,REQ-2026-ENG-G4,2026-01-06,Skills Academy,Shortlisted,Not advanced to standardized assessment,4.10,4.10,,,,,,,No,No,
CAND-2026-0172,Synthetic Candidate 0172,Male,Reference Group,REQ-2026-ENG-G4,2026-01-13,Direct Career Portal,Shortlisted,Not advanced to standardized assessment,3.40,3.60,,,,,,,No,No,
CAND-2026-0173,Synthetic Candidate 0173,Male,Reference Group,REQ-2026-ENG-G4,2026-01-07,Regional Hiring Drive,Shortlisted,Not advanced to standardized assessment,4.10,4.70,,,,,,,No,No,
CAND-2026-0174,Synthetic Candidate 0174,Female,Focal Group,REQ-2026-ENG-G4,2026-01-14,Employee Referral,Shortlisted,Not advanced to standardized assessment,3.40,4.20,,,,,,,No,No,
CAND-2026-0175,Synthetic Candidate 0175,Female,Focal Group,REQ-2026-ENG-G4,2026-01-08,LinkedIn Recruiter,Shortlisted,Not advanced to standardized assessment,4.10,3.70,,,,,,,No,No,
CAND-2026-0176,Synthetic Candidate 0176,Male,Reference Group,REQ-2026-ENG-G4,2026-01-15,Skills Academy,Shortlisted,Not advanced to standardized assessment,3.40,3.20,,,,,,,No,No,
CAND-2026-0177,Synthetic Candidate 0177,Male,Reference Group,REQ-2026-ENG-G4,2026-01-09,Direct Career Portal,Shortlisted,Not advanced to standardized assessment,4.10,4.30,,,,,,,No,No,
CAND-2026-0178,Synthetic Candidate 0178,Male,Reference Group,REQ-2026-ENG-G4,2026-01-16,Regional Hiring Drive,Shortlisted,Not advanced to standardized assessment,3.40,3.80,,,,,,,No,No,
CAND-2026-0179,Synthetic Candidate 0179,Female,Focal Group,REQ-2026-ENG-G4,2026-01-10,Employee Referral,Shortlisted,Not advanced to standardized assessment,4.10,3.30,,,,,,,No,No,
CAND-2026-0180,Synthetic Candidate 0180,Female,Focal Group,REQ-2026-ENG-G4,2026-01-17,LinkedIn Recruiter,Shortlisted,Not advanced to standardized assessment,3.40,4.40,,,,,,,No,No,
CAND-2026-0181,Synthetic Candidate 0181,Male,Reference Group,REQ-2026-ENG-G4,2026-01-11,Skills Academy,Shortlisted,Not advanced to standardized assessment,4.10,3.90,,,,,,,No,No,
CAND-2026-0182,Synthetic Candidate 0182,Male,Reference Group,REQ-2026-ENG-G4,2026-01-05,Direct Career Portal,Shortlisted,Not advanced to standardized assessment,3.40,3.40,,,,,,,No,No,
CAND-2026-0183,Synthetic Candidate 0183,Male,Reference Group,REQ-2026-ENG-G4,2026-01-12,Regional Hiring Drive,Shortlisted,Not advanced to standardized assessment,4.10,4.50,,,,,,,No,No,
CAND-2026-0184,Synthetic Candidate 0184,Female,Focal Group,REQ-2026-ENG-G4,2026-01-06,Employee Referral,Application Review,Automated job-related knockout criteria not met,2.60,,,,,,,,No,No,
CAND-2026-0185,Synthetic Candidate 0185,Female,Focal Group,REQ-2026-ENG-G4,2026-01-13,LinkedIn Recruiter,Application Review,Automated job-related knockout criteria not met,3.30,,,,,,,,No,No,
CAND-2026-0186,Synthetic Candidate 0186,Male,Reference Group,REQ-2026-ENG-G4,2026-01-07,Skills Academy,Shortlisted,Not advanced to standardized assessment,3.40,4.60,,,,,,,No,No,
CAND-2026-0187,Synthetic Candidate 0187,Male,Reference Group,REQ-2026-ENG-G4,2026-01-14,Direct Career Portal,Shortlisted,Not advanced to standardized assessment,4.10,4.10,,,,,,,No,No,
CAND-2026-0188,Synthetic Candidate 0188,Male,Reference Group,REQ-2026-ENG-G4,2026-01-08,Regional Hiring Drive,Shortlisted,Not advanced to standardized assessment,3.40,3.60,,,,,,,No,No,
CAND-2026-0189,Synthetic Candidate 0189,Female,Focal Group,REQ-2026-ENG-G4,2026-01-15,Employee Referral,Application Review,Automated job-related knockout criteria not met,2.50,,,,,,,,No,No,
CAND-2026-0190,Synthetic Candidate 0190,Female,Focal Group,REQ-2026-ENG-G4,2026-01-09,LinkedIn Recruiter,Application Review,Automated job-related knockout criteria not met,3.20,,,,,,,,No,No,
CAND-2026-0191,Synthetic Candidate 0191,Male,Reference Group,REQ-2026-ENG-G4,2026-01-16,Skills Academy,Shortlisted,Not advanced to standardized assessment,4.10,3.70,,,,,,,No,No,
CAND-2026-0192,Synthetic Candidate 0192,Male,Reference Group,REQ-2026-ENG-G4,2026-01-10,Direct Career Portal,Shortlisted,Not advanced to standardized assessment,3.40,3.20,,,,,,,No,No,
CAND-2026-0193,Synthetic Candidate 0193,Male,Reference Group,REQ-2026-ENG-G4,2026-01-17,Regional Hiring Drive,Shortlisted,Not advanced to standardized assessment,4.10,4.30,,,,,,,No,No,
CAND-2026-0194,Synthetic Candidate 0194,Female,Focal Group,REQ-2026-ENG-G4,2026-01-11,Employee Referral,Application Review,Automated job-related knockout criteria not met,2.40,,,,,,,,No,No,
CAND-2026-0195,Synthetic Candidate 0195,Female,Focal Group,REQ-2026-ENG-G4,2026-01-05,LinkedIn Recruiter,Application Review,Automated job-related knockout criteria not met,3.10,,,,,,,,No,No,
CAND-2026-0196,Synthetic Candidate 0196,Male,Reference Group,REQ-2026-ENG-G4,2026-01-12,Skills Academy,Shortlisted,Not advanced to standardized assessment,3.40,4.40,,,,,,,No,No,
CAND-2026-0197,Synthetic Candidate 0197,Male,Reference Group,REQ-2026-ENG-G4,2026-01-06,Direct Career Portal,Shortlisted,Not advanced to standardized assessment,4.10,3.90,,,,,,,No,No,
CAND-2026-0198,Synthetic Candidate 0198,Male,Reference Group,REQ-2026-ENG-G4,2026-01-13,Regional Hiring Drive,Shortlisted,Not advanced to standardized assessment,3.40,3.40,,,,,,,No,No,
CAND-2026-0199,Synthetic Candidate 0199,Female,Focal Group,REQ-2026-ENG-G4,2026-01-07,Employee Referral,Application Review,Automated job-related knockout criteria not met,2.30,,,,,,,,No,No,
CAND-2026-0200,Synthetic Candidate 0200,Female,Focal Group,REQ-2026-ENG-G4,2026-01-14,LinkedIn Recruiter,Application Review,Automated job-related knockout criteria not met,3.00,,,,,,,,No,No,
CAND-2026-0201,Synthetic Candidate 0201,Male,Reference Group,REQ-2026-ENG-G4,2026-01-08,Skills Academy,Shortlisted,Not advanced to standardized assessment,4.10,3.50,,,,,,,No,No,
CAND-2026-0202,Synthetic Candidate 0202,Male,Reference Group,REQ-2026-ENG-G4,2026-01-15,Direct Career Portal,Shortlisted,Not advanced to standardized assessment,3.40,4.60,,,,,,,No,No,
CAND-2026-0203,Synthetic Candidate 0203,Male,Reference Group,REQ-2026-ENG-G4,2026-01-09,Regional Hiring Drive,Shortlisted,Not advanced to standardized assessment,4.10,4.10,,,,,,,No,No,
CAND-2026-0204,Synthetic Candidate 0204,Female,Focal Group,REQ-2026-ENG-G4,2026-01-16,Employee Referral,Application Review,Automated job-related knockout criteria not met,2.20,,,,,,,,No,No,
CAND-2026-0205,Synthetic Candidate 0205,Female,Focal Group,REQ-2026-ENG-G4,2026-01-10,LinkedIn Recruiter,Application Review,Automated job-related knockout criteria not met,2.90,,,,,,,,No,No,
CAND-2026-0206,Synthetic Candidate 0206,Male,Reference Group,REQ-2026-ENG-G4,2026-01-17,Skills Academy,Shortlisted,Not advanced to standardized assessment,3.40,4.20,,,,,,,No,No,
CAND-2026-0207,Synthetic Candidate 0207,Male,Reference Group,REQ-2026-ENG-G4,2026-01-11,Direct Career Portal,Shortlisted,Not advanced to standardized assessment,4.10,3.70,,,,,,,No,No,
CAND-2026-0208,Synthetic Candidate 0208,Male,Reference Group,REQ-2026-ENG-G4,2026-01-05,Regional Hiring Drive,Application Review,Automated job-related knockout criteria not met,2.60,,,,,,,,No,No,
CAND-2026-0209,Synthetic Candidate 0209,Female,Focal Group,REQ-2026-ENG-G4,2026-01-12,Employee Referral,Application Review,Automated job-related knockout criteria not met,3.30,,,,,,,,No,No,
CAND-2026-0210,Synthetic Candidate 0210,Female,Focal Group,REQ-2026-ENG-G4,2026-01-06,LinkedIn Recruiter,Application Review,Automated job-related knockout criteria not met,2.80,,,,,,,,No,No,
CAND-2026-0211,Synthetic Candidate 0211,Male,Reference Group,REQ-2026-ENG-G4,2026-01-13,Skills Academy,Application Review,Automated job-related knockout criteria not met,2.30,,,,,,,,No,No,
CAND-2026-0212,Synthetic Candidate 0212,Male,Reference Group,REQ-2026-ENG-G4,2026-01-07,Direct Career Portal,Application Review,Automated job-related knockout criteria not met,3.00,,,,,,,,No,No,
CAND-2026-0213,Synthetic Candidate 0213,Male,Reference Group,REQ-2026-ENG-G4,2026-01-14,Regional Hiring Drive,Application Review,Automated job-related knockout criteria not met,2.50,,,,,,,,No,No,
CAND-2026-0214,Synthetic Candidate 0214,Female,Focal Group,REQ-2026-ENG-G4,2026-01-08,Employee Referral,Application Review,Automated job-related knockout criteria not met,3.20,,,,,,,,No,No,
CAND-2026-0215,Synthetic Candidate 0215,Female,Focal Group,REQ-2026-ENG-G4,2026-01-15,LinkedIn Recruiter,Application Review,Automated job-related knockout criteria not met,2.70,,,,,,,,No,No,
CAND-2026-0216,Synthetic Candidate 0216,Male,Reference Group,REQ-2026-ENG-G4,2026-01-09,Skills Academy,Application Review,Automated job-related knockout criteria not met,2.20,,,,,,,,No,No,
CAND-2026-0217,Synthetic Candidate 0217,Male,Reference Group,REQ-2026-ENG-G4,2026-01-16,Direct Career Portal,Application Review,Automated job-related knockout criteria not met,2.90,,,,,,,,No,No,
CAND-2026-0218,Synthetic Candidate 0218,Male,Reference Group,REQ-2026-ENG-G4,2026-01-10,Regional Hiring Drive,Application Review,Automated job-related knockout criteria not met,2.40,,,,,,,,No,No,
CAND-2026-0219,Synthetic Candidate 0219,Female,Focal Group,REQ-2026-ENG-G4,2026-01-17,Employee Referral,Application Review,Automated job-related knockout criteria not met,3.10,,,,,,,,No,No,
CAND-2026-0220,Synthetic Candidate 0220,Female,Focal Group,REQ-2026-ENG-G4,2026-01-11,LinkedIn Recruiter,Application Review,Automated job-related knockout criteria not met,2.60,,,,,,,,No,No,
CAND-2026-0221,Synthetic Candidate 0221,Male,Reference Group,REQ-2026-ENG-G4,2026-01-05,Skills Academy,Application Review,Automated job-related knockout criteria not met,3.30,,,,,,,,No,No,
CAND-2026-0222,Synthetic Candidate 0222,Male,Reference Group,REQ-2026-ENG-G4,2026-01-12,Direct Career Portal,Application Review,Automated job-related knockout criteria not met,2.80,,,,,,,,No,No,
CAND-2026-0223,Synthetic Candidate 0223,Male,Reference Group,REQ-2026-ENG-G4,2026-01-06,Regional Hiring Drive,Application Review,Automated job-related knockout criteria not met,2.30,,,,,,,,No,No,
CAND-2026-0224,Synthetic Candidate 0224,Female,Focal Group,REQ-2026-ENG-G4,2026-01-13,Employee Referral,Application Review,Automated job-related knockout criteria not met,3.00,,,,,,,,No,No,
CAND-2026-0225,Synthetic Candidate 0225,Female,Focal Group,REQ-2026-ENG-G4,2026-01-07,LinkedIn Recruiter,Application Review,Automated job-related knockout criteria not met,2.50,,,,,,,,No,No,
CAND-2026-0226,Synthetic Candidate 0226,Male,Reference Group,REQ-2026-ENG-G4,2026-01-14,Skills Academy,Application Review,Automated job-related knockout criteria not met,3.20,,,,,,,,No,No,
CAND-2026-0227,Synthetic Candidate 0227,Male,Reference Group,REQ-2026-ENG-G4,2026-01-08,Direct Career Portal,Application Review,Automated job-related knockout criteria not met,2.70,,,,,,,,No,No,
CAND-2026-0228,Synthetic Candidate 0228,Male,Reference Group,REQ-2026-ENG-G4,2026-01-15,Regional Hiring Drive,Application Review,Automated job-related knockout criteria not met,2.20,,,,,,,,No,No,
CAND-2026-0229,Synthetic Candidate 0229,Female,Focal Group,REQ-2026-ENG-G4,2026-01-09,Employee Referral,Application Review,Automated job-related knockout criteria not met,2.90,,,,,,,,No,No,
CAND-2026-0230,Synthetic Candidate 0230,Female,Focal Group,REQ-2026-ENG-G4,2026-01-16,LinkedIn Recruiter,Application Review,Automated job-related knockout criteria not met,2.40,,,,,,,,No,No,
CAND-2026-0231,Synthetic Candidate 0231,Male,Reference Group,REQ-2026-ENG-G4,2026-01-10,Skills Academy,Application Review,Automated job-related knockout criteria not met,3.10,,,,,,,,No,No,
CAND-2026-0232,Synthetic Candidate 0232,Male,Reference Group,REQ-2026-ENG-G4,2026-01-17,Direct Career Portal,Application Review,Automated job-related knockout criteria not met,2.60,,,,,,,,No,No,
CAND-2026-0233,Synthetic Candidate 0233,Male,Reference Group,REQ-2026-ENG-G4,2026-01-11,Regional Hiring Drive,Application Review,Automated job-related knockout criteria not met,3.30,,,,,,,,No,No,
CAND-2026-0234,Synthetic Candidate 0234,Female,Focal Group,REQ-2026-ENG-G4,2026-01-05,Employee Referral,Application Review,Automated job-related knockout criteria not met,2.80,,,,,,,,No,No,
CAND-2026-0235,Synthetic Candidate 0235,Female,Focal Group,REQ-2026-ENG-G4,2026-01-12,LinkedIn Recruiter,Application Review,Automated job-related knockout criteria not met,2.30,,,,,,,,No,No,
CAND-2026-0236,Synthetic Candidate 0236,Male,Reference Group,REQ-2026-ENG-G4,2026-01-06,Skills Academy,Application Review,Automated job-related knockout criteria not met,3.00,,,,,,,,No,No,
CAND-2026-0237,Synthetic Candidate 0237,Male,Reference Group,REQ-2026-ENG-G4,2026-01-13,Direct Career Portal,Application Review,Automated job-related knockout criteria not met,2.50,,,,,,,,No,No,
CAND-2026-0238,Synthetic Candidate 0238,Male,Reference Group,REQ-2026-ENG-G4,2026-01-07,Regional Hiring Drive,Application Review,Automated job-related knockout criteria not met,3.20,,,,,,,,No,No,
CAND-2026-0239,Synthetic Candidate 0239,Female,Focal Group,REQ-2026-ENG-G4,2026-01-14,Employee Referral,Application Review,Automated job-related knockout criteria not met,2.70,,,,,,,,No,No,
CAND-2026-0240,Synthetic Candidate 0240,Female,Focal Group,REQ-2026-ENG-G4,2026-01-08,LinkedIn Recruiter,Application Review,Automated job-related knockout criteria not met,2.20,,,,,,,,No,No,
CAND-2026-0241,Synthetic Candidate 0241,Male,Reference Group,REQ-2026-ENG-G4,2026-01-15,Skills Academy,Application Review,Automated job-related knockout criteria not met,2.90,,,,,,,,No,No,
CAND-2026-0242,Synthetic Candidate 0242,Male,Reference Group,REQ-2026-ENG-G4,2026-01-09,Direct Career Portal,Application Review,Automated job-related knockout criteria not met,2.40,,,,,,,,No,No,
CAND-2026-0243,Synthetic Candidate 0243,Male,Reference Group,REQ-2026-ENG-G4,2026-01-16,Regional Hiring Drive,Application Review,Automated job-related knockout criteria not met,3.10,,,,,,,,No,No,
CAND-2026-0244,Synthetic Candidate 0244,Female,Focal Group,REQ-2026-ENG-G4,2026-01-10,Employee Referral,Application Review,Automated job-related knockout criteria not met,2.60,,,,,,,,No,No,
CAND-2026-0245,Synthetic Candidate 0245,Female,Focal Group,REQ-2026-ENG-G4,2026-01-17,LinkedIn Recruiter,Application Review,Automated job-related knockout criteria not met,3.30,,,,,,,,No,No,
CAND-2026-0246,Synthetic Candidate 0246,Male,Reference Group,REQ-2026-ENG-G4,2026-01-11,Skills Academy,Application Review,Automated job-related knockout criteria not met,2.80,,,,,,,,No,No,
CAND-2026-0247,Synthetic Candidate 0247,Male,Reference Group,REQ-2026-ENG-G4,2026-01-05,Direct Career Portal,Application Review,Automated job-related knockout criteria not met,2.30,,,,,,,,No,No,
CAND-2026-0248,Synthetic Candidate 0248,Male,Reference Group,REQ-2026-ENG-G4,2026-01-12,Regional Hiring Drive,Application Review,Automated job-related knockout criteria not met,3.00,,,,,,,,No,No,
CAND-2026-0249,Synthetic Candidate 0249,Female,Focal Group,REQ-2026-ENG-G4,2026-01-06,Employee Referral,Application Review,Automated job-related knockout criteria not met,2.50,,,,,,,,No,No,
CAND-2026-0250,Synthetic Candidate 0250,Female,Focal Group,REQ-2026-ENG-G4,2026-01-13,LinkedIn Recruiter,Application Review,Automated job-related knockout criteria not met,3.20,,,,,,,,No,No,
CAND-2026-0251,Synthetic Candidate 0251,Male,Reference Group,REQ-2026-ENG-G4,2026-01-07,Skills Academy,Application Review,Automated job-related knockout criteria not met,2.70,,,,,,,,No,No,
CAND-2026-0252,Synthetic Candidate 0252,Male,Reference Group,REQ-2026-ENG-G4,2026-01-14,Direct Career Portal,Application Review,Automated job-related knockout criteria not met,2.20,,,,,,,,No,No,
CAND-2026-0253,Synthetic Candidate 0253,Male,Reference Group,REQ-2026-ENG-G4,2026-01-08,Regional Hiring Drive,Application Review,Automated job-related knockout criteria not met,2.90,,,,,,,,No,No,
CAND-2026-0254,Synthetic Candidate 0254,Female,Focal Group,REQ-2026-ENG-G4,2026-01-15,Employee Referral,Application Review,Automated job-related knockout criteria not met,2.40,,,,,,,,No,No,
CAND-2026-0255,Synthetic Candidate 0255,Female,Focal Group,REQ-2026-ENG-G4,2026-01-09,LinkedIn Recruiter,Application Review,Automated job-related knockout criteria not met,3.10,,,,,,,,No,No,
CAND-2026-0256,Synthetic Candidate 0256,Male,Reference Group,REQ-2026-ENG-G4,2026-01-16,Skills Academy,Application Review,Automated job-related knockout criteria not met,2.60,,,,,,,,No,No,
CAND-2026-0257,Synthetic Candidate 0257,Male,Reference Group,REQ-2026-ENG-G4,2026-01-10,Direct Career Portal,Application Review,Automated job-related knockout criteria not met,3.30,,,,,,,,No,No,
CAND-2026-0258,Synthetic Candidate 0258,Male,Reference Group,REQ-2026-ENG-G4,2026-01-17,Regional Hiring Drive,Application Review,Automated job-related knockout criteria not met,2.80,,,,,,,,No,No,
CAND-2026-0259,Synthetic Candidate 0259,Female,Focal Group,REQ-2026-ENG-G4,2026-01-11,Employee Referral,Application Review,Automated job-related knockout criteria not met,2.30,,,,,,,,No,No,
CAND-2026-0260,Synthetic Candidate 0260,Female,Focal Group,REQ-2026-ENG-G4,2026-01-05,LinkedIn Recruiter,Application Review,Automated job-related knockout criteria not met,3.00,,,,,,,,No,No,
CAND-2026-0261,Synthetic Candidate 0261,Male,Reference Group,REQ-2026-ENG-G4,2026-01-12,Skills Academy,Application Review,Automated job-related knockout criteria not met,2.50,,,,,,,,No,No,
CAND-2026-0262,Synthetic Candidate 0262,Male,Reference Group,REQ-2026-ENG-G4,2026-01-06,Direct Career Portal,Application Review,Automated job-related knockout criteria not met,3.20,,,,,,,,No,No,
CAND-2026-0263,Synthetic Candidate 0263,Male,Reference Group,REQ-2026-ENG-G4,2026-01-13,Regional Hiring Drive,Application Review,Automated job-related knockout criteria not met,2.70,,,,,,,,No,No,
CAND-2026-0264,Synthetic Candidate 0264,Female,Focal Group,REQ-2026-ENG-G4,2026-01-07,Employee Referral,Application Review,Automated job-related knockout criteria not met,2.20,,,,,,,,No,No,
CAND-2026-0265,Synthetic Candidate 0265,Female,Focal Group,REQ-2026-ENG-G4,2026-01-14,LinkedIn Recruiter,Application Review,Automated job-related knockout criteria not met,2.90,,,,,,,,No,No,
CAND-2026-0266,Synthetic Candidate 0266,Male,Reference Group,REQ-2026-ENG-G4,2026-01-08,Skills Academy,Application Review,Automated job-related knockout criteria not met,2.40,,,,,,,,No,No,
CAND-2026-0267,Synthetic Candidate 0267,Male,Reference Group,REQ-2026-ENG-G4,2026-01-15,Direct Career Portal,Application Review,Automated job-related knockout criteria not met,3.10,,,,,,,,No,No,
CAND-2026-0268,Synthetic Candidate 0268,Male,Reference Group,REQ-2026-ENG-G4,2026-01-09,Regional Hiring Drive,Application Review,Automated job-related knockout criteria not met,2.60,,,,,,,,No,No,
CAND-2026-0269,Synthetic Candidate 0269,Female,Focal Group,REQ-2026-ENG-G4,2026-01-16,Employee Referral,Application Review,Automated job-related knockout criteria not met,3.30,,,,,,,,No,No,
CAND-2026-0270,Synthetic Candidate 0270,Female,Focal Group,REQ-2026-ENG-G4,2026-01-10,LinkedIn Recruiter,Application Review,Automated job-related knockout criteria not met,2.80,,,,,,,,No,No,
CAND-2026-0271,Synthetic Candidate 0271,Male,Reference Group,REQ-2026-ENG-G4,2026-01-17,Skills Academy,Application Review,Automated job-related knockout criteria not met,2.30,,,,,,,,No,No,
CAND-2026-0272,Synthetic Candidate 0272,Male,Reference Group,REQ-2026-ENG-G4,2026-01-11,Direct Career Portal,Application Review,Automated job-related knockout criteria not met,3.00,,,,,,,,No,No,
CAND-2026-0273,Synthetic Candidate 0273,Male,Reference Group,REQ-2026-ENG-G4,2026-01-05,Regional Hiring Drive,Application Review,Automated job-related knockout criteria not met,2.50,,,,,,,,No,No,
CAND-2026-0274,Synthetic Candidate 0274,Female,Focal Group,REQ-2026-ENG-G4,2026-01-12,Employee Referral,Application Review,Automated job-related knockout criteria not met,3.20,,,,,,,,No,No,
CAND-2026-0275,Synthetic Candidate 0275,Female,Focal Group,REQ-2026-ENG-G4,2026-01-06,LinkedIn Recruiter,Application Review,Automated job-related knockout criteria not met,2.70,,,,,,,,No,No,
CAND-2026-0276,Synthetic Candidate 0276,Male,Reference Group,REQ-2026-ENG-G4,2026-01-13,Skills Academy,Application Review,Automated job-related knockout criteria not met,2.20,,,,,,,,No,No,
CAND-2026-0277,Synthetic Candidate 0277,Male,Reference Group,REQ-2026-ENG-G4,2026-01-07,Direct Career Portal,Application Review,Automated job-related knockout criteria not met,2.90,,,,,,,,No,No,
CAND-2026-0278,Synthetic Candidate 0278,Male,Reference Group,REQ-2026-ENG-G4,2026-01-14,Regional Hiring Drive,Application Review,Automated job-related knockout criteria not met,2.40,,,,,,,,No,No,
CAND-2026-0279,Synthetic Candidate 0279,Female,Focal Group,REQ-2026-ENG-G4,2026-01-08,Employee Referral,Application Review,Automated job-related knockout criteria not met,3.10,,,,,,,,No,No,
CAND-2026-0280,Synthetic Candidate 0280,Female,Focal Group,REQ-2026-ENG-G4,2026-01-15,LinkedIn Recruiter,Application Review,Automated job-related knockout criteria not met,2.60,,,,,,,,No,No,
CAND-2026-0281,Synthetic Candidate 0281,Male,Reference Group,REQ-2026-ENG-G4,2026-01-09,Skills Academy,Application Review,Automated job-related knockout criteria not met,3.30,,,,,,,,No,No,
CAND-2026-0282,Synthetic Candidate 0282,Male,Reference Group,REQ-2026-ENG-G4,2026-01-16,Direct Career Portal,Application Review,Automated job-related knockout criteria not met,2.80,,,,,,,,No,No,
CAND-2026-0283,Synthetic Candidate 0283,Male,Reference Group,REQ-2026-ENG-G4,2026-01-10,Regional Hiring Drive,Application Review,Automated job-related knockout criteria not met,2.30,,,,,,,,No,No,
CAND-2026-0284,Synthetic Candidate 0284,Female,Focal Group,REQ-2026-ENG-G4,2026-01-17,Employee Referral,Application Review,Automated job-related knockout criteria not met,3.00,,,,,,,,No,No,
CAND-2026-0285,Synthetic Candidate 0285,Female,Focal Group,REQ-2026-ENG-G4,2026-01-11,LinkedIn Recruiter,Application Review,Automated job-related knockout criteria not met,2.50,,,,,,,,No,No,
CAND-2026-0286,Synthetic Candidate 0286,Male,Reference Group,REQ-2026-ENG-G4,2026-01-05,Skills Academy,Application Review,Automated job-related knockout criteria not met,3.20,,,,,,,,No,No,
CAND-2026-0287,Synthetic Candidate 0287,Male,Reference Group,REQ-2026-ENG-G4,2026-01-12,Direct Career Portal,Application Review,Automated job-related knockout criteria not met,2.70,,,,,,,,No,No,
CAND-2026-0288,Synthetic Candidate 0288,Male,Reference Group,REQ-2026-ENG-G4,2026-01-06,Regional Hiring Drive,Application Review,Automated job-related knockout criteria not met,2.20,,,,,,,,No,No,
CAND-2026-0289,Synthetic Candidate 0289,Female,Focal Group,REQ-2026-ENG-G4,2026-01-13,Employee Referral,Application Review,Automated job-related knockout criteria not met,2.90,,,,,,,,No,No,
CAND-2026-0290,Synthetic Candidate 0290,Female,Focal Group,REQ-2026-ENG-G4,2026-01-07,LinkedIn Recruiter,Application Review,Automated job-related knockout criteria not met,2.40,,,,,,,,No,No,
CAND-2026-0291,Synthetic Candidate 0291,Male,Reference Group,REQ-2026-ENG-G4,2026-01-14,Skills Academy,Application Review,Automated job-related knockout criteria not met,3.10,,,,,,,,No,No,
CAND-2026-0292,Synthetic Candidate 0292,Male,Reference Group,REQ-2026-ENG-G4,2026-01-08,Direct Career Portal,Application Review,Automated job-related knockout criteria not met,2.60,,,,,,,,No,No,
CAND-2026-0293,Synthetic Candidate 0293,Male,Reference Group,REQ-2026-ENG-G4,2026-01-15,Regional Hiring Drive,Application Review,Automated job-related knockout criteria not met,3.30,,,,,,,,No,No,
CAND-2026-0294,Synthetic Candidate 0294,Female,Focal Group,REQ-2026-ENG-G4,2026-01-09,Employee Referral,Application Review,Automated job-related knockout criteria not met,2.80,,,,,,,,No,No,
CAND-2026-0295,Synthetic Candidate 0295,Female,Focal Group,REQ-2026-ENG-G4,2026-01-16,LinkedIn Recruiter,Application Review,Automated job-related knockout criteria not met,2.30,,,,,,,,No,No,
CAND-2026-0296,Synthetic Candidate 0296,Male,Reference Group,REQ-2026-ENG-G4,2026-01-10,Skills Academy,Application Review,Automated job-related knockout criteria not met,3.00,,,,,,,,No,No,
CAND-2026-0297,Synthetic Candidate 0297,Male,Reference Group,REQ-2026-ENG-G4,2026-01-17,Direct Career Portal,Application Review,Automated job-related knockout criteria not met,2.50,,,,,,,,No,No,
CAND-2026-0298,Synthetic Candidate 0298,Male,Reference Group,REQ-2026-ENG-G4,2026-01-11,Regional Hiring Drive,Application Review,Automated job-related knockout criteria not met,3.20,,,,,,,,No,No,
CAND-2026-0299,Synthetic Candidate 0299,Female,Focal Group,REQ-2026-ENG-G4,2026-01-05,Employee Referral,Application Review,Automated job-related knockout criteria not met,2.70,,,,,,,,No,No,
CAND-2026-0300,Synthetic Candidate 0300,Female,Focal Group,REQ-2026-ENG-G4,2026-01-12,LinkedIn Recruiter,Application Review,Automated job-related knockout criteria not met,2.20,,,,,,,,No,No,
CAND-2026-0301,Synthetic Candidate 0301,Male,Reference Group,REQ-2026-ENG-G4,2026-01-06,Skills Academy,Application Review,Automated job-related knockout criteria not met,2.90,,,,,,,,No,No,
CAND-2026-0302,Synthetic Candidate 0302,Male,Reference Group,REQ-2026-ENG-G4,2026-01-13,Direct Career Portal,Application Review,Automated job-related knockout criteria not met,2.40,,,,,,,,No,No,
CAND-2026-0303,Synthetic Candidate 0303,Male,Reference Group,REQ-2026-ENG-G4,2026-01-07,Regional Hiring Drive,Application Review,Automated job-related knockout criteria not met,3.10,,,,,,,,No,No,
CAND-2026-0304,Synthetic Candidate 0304,Female,Focal Group,REQ-2026-ENG-G4,2026-01-14,Employee Referral,Application Review,Automated job-related knockout criteria not met,2.60,,,,,,,,No,No,
CAND-2026-0305,Synthetic Candidate 0305,Female,Focal Group,REQ-2026-ENG-G4,2026-01-08,LinkedIn Recruiter,Application Review,Automated job-related knockout criteria not met,3.30,,,,,,,,No,No,
CAND-2026-0306,Synthetic Candidate 0306,Male,Reference Group,REQ-2026-ENG-G4,2026-01-15,Skills Academy,Application Review,Automated job-related knockout criteria not met,2.80,,,,,,,,No,No,
CAND-2026-0307,Synthetic Candidate 0307,Male,Reference Group,REQ-2026-ENG-G4,2026-01-09,Direct Career Portal,Application Review,Automated job-related knockout criteria not met,2.30,,,,,,,,No,No,
CAND-2026-0308,Synthetic Candidate 0308,Male,Reference Group,REQ-2026-ENG-G4,2026-01-16,Regional Hiring Drive,Application Review,Automated job-related knockout criteria not met,3.00,,,,,,,,No,No,
CAND-2026-0309,Synthetic Candidate 0309,Female,Focal Group,REQ-2026-ENG-G4,2026-01-10,Employee Referral,Application Review,Automated job-related knockout criteria not met,2.50,,,,,,,,No,No,
CAND-2026-0310,Synthetic Candidate 0310,Female,Focal Group,REQ-2026-ENG-G4,2026-01-17,LinkedIn Recruiter,Application Review,Automated job-related knockout criteria not met,3.20,,,,,,,,No,No,
CAND-2026-0311,Synthetic Candidate 0311,Male,Reference Group,REQ-2026-ENG-G4,2026-01-11,Skills Academy,Application Review,Automated job-related knockout criteria not met,2.70,,,,,,,,No,No,
CAND-2026-0312,Synthetic Candidate 0312,Male,Reference Group,REQ-2026-ENG-G4,2026-01-05,Direct Career Portal,Application Review,Automated job-related knockout criteria not met,2.20,,,,,,,,No,No,
CAND-2026-0313,Synthetic Candidate 0313,Male,Reference Group,REQ-2026-ENG-G4,2026-01-12,Regional Hiring Drive,Application Review,Automated job-related knockout criteria not met,2.90,,,,,,,,No,No,
CAND-2026-0314,Synthetic Candidate 0314,Female,Focal Group,REQ-2026-ENG-G4,2026-01-06,Employee Referral,Application Review,Automated job-related knockout criteria not met,2.40,,,,,,,,No,No,
CAND-2026-0315,Synthetic Candidate 0315,Female,Focal Group,REQ-2026-ENG-G4,2026-01-13,LinkedIn Recruiter,Application Review,Automated job-related knockout criteria not met,3.10,,,,,,,,No,No,
CAND-2026-0316,Synthetic Candidate 0316,Male,Reference Group,REQ-2026-ENG-G4,2026-01-07,Skills Academy,Application Review,Automated job-related knockout criteria not met,2.60,,,,,,,,No,No,
CAND-2026-0317,Synthetic Candidate 0317,Male,Reference Group,REQ-2026-ENG-G4,2026-01-14,Direct Career Portal,Application Review,Automated job-related knockout criteria not met,3.30,,,,,,,,No,No,
CAND-2026-0318,Synthetic Candidate 0318,Male,Reference Group,REQ-2026-ENG-G4,2026-01-08,Regional Hiring Drive,Application Review,Automated job-related knockout criteria not met,2.80,,,,,,,,No,No,
CAND-2026-0319,Synthetic Candidate 0319,Female,Focal Group,REQ-2026-ENG-G4,2026-01-15,Employee Referral,Application Review,Automated job-related knockout criteria not met,2.30,,,,,,,,No,No,
CAND-2026-0320,Synthetic Candidate 0320,Female,Focal Group,REQ-2026-ENG-G4,2026-01-09,LinkedIn Recruiter,Application Review,Automated job-related knockout criteria not met,3.00,,,,,,,,No,No,
CAND-2026-0321,Synthetic Candidate 0321,Male,Reference Group,REQ-2026-ENG-G4,2026-01-16,Skills Academy,Application Review,Automated job-related knockout criteria not met,2.50,,,,,,,,No,No,
CAND-2026-0322,Synthetic Candidate 0322,Male,Reference Group,REQ-2026-ENG-G4,2026-01-10,Direct Career Portal,Application Review,Automated job-related knockout criteria not met,3.20,,,,,,,,No,No,
CAND-2026-0323,Synthetic Candidate 0323,Male,Reference Group,REQ-2026-ENG-G4,2026-01-17,Regional Hiring Drive,Application Review,Automated job-related knockout criteria not met,2.70,,,,,,,,No,No,
CAND-2026-0324,Synthetic Candidate 0324,Female,Focal Group,REQ-2026-ENG-G4,2026-01-11,Employee Referral,Application Review,Automated job-related knockout criteria not met,2.20,,,,,,,,No,No,
CAND-2026-0325,Synthetic Candidate 0325,Female,Focal Group,REQ-2026-ENG-G4,2026-01-05,LinkedIn Recruiter,Application Review,Automated job-related knockout criteria not met,2.90,,,,,,,,No,No,
CAND-2026-0326,Synthetic Candidate 0326,Male,Reference Group,REQ-2026-ENG-G4,2026-01-12,Skills Academy,Application Review,Automated job-related knockout criteria not met,2.40,,,,,,,,No,No,
CAND-2026-0327,Synthetic Candidate 0327,Male,Reference Group,REQ-2026-ENG-G4,2026-01-06,Direct Career Portal,Application Review,Automated job-related knockout criteria not met,3.10,,,,,,,,No,No,
CAND-2026-0328,Synthetic Candidate 0328,Male,Reference Group,REQ-2026-ENG-G4,2026-01-13,Regional Hiring Drive,Application Review,Automated job-related knockout criteria not met,2.60,,,,,,,,No,No,
CAND-2026-0329,Synthetic Candidate 0329,Female,Focal Group,REQ-2026-ENG-G4,2026-01-07,Employee Referral,Application Review,Automated job-related knockout criteria not met,3.30,,,,,,,,No,No,
CAND-2026-0330,Synthetic Candidate 0330,Female,Focal Group,REQ-2026-ENG-G4,2026-01-14,LinkedIn Recruiter,Application Review,Automated job-related knockout criteria not met,2.80,,,,,,,,No,No,
CAND-2026-0331,Synthetic Candidate 0331,Male,Reference Group,REQ-2026-ENG-G4,2026-01-08,Skills Academy,Application Review,Automated job-related knockout criteria not met,2.30,,,,,,,,No,No,
CAND-2026-0332,Synthetic Candidate 0332,Male,Reference Group,REQ-2026-ENG-G4,2026-01-15,Direct Career Portal,Application Review,Automated job-related knockout criteria not met,3.00,,,,,,,,No,No,
CAND-2026-0333,Synthetic Candidate 0333,Male,Reference Group,REQ-2026-ENG-G4,2026-01-09,Regional Hiring Drive,Application Review,Automated job-related knockout criteria not met,2.50,,,,,,,,No,No,
CAND-2026-0334,Synthetic Candidate 0334,Female,Focal Group,REQ-2026-ENG-G4,2026-01-16,Employee Referral,Application Review,Automated job-related knockout criteria not met,3.20,,,,,,,,No,No,
CAND-2026-0335,Synthetic Candidate 0335,Female,Focal Group,REQ-2026-ENG-G4,2026-01-10,LinkedIn Recruiter,Application Review,Automated job-related knockout criteria not met,2.70,,,,,,,,No,No,
CAND-2026-0336,Synthetic Candidate 0336,Male,Reference Group,REQ-2026-ENG-G4,2026-01-17,Skills Academy,Application Review,Automated job-related knockout criteria not met,2.20,,,,,,,,No,No,
CAND-2026-0337,Synthetic Candidate 0337,Male,Reference Group,REQ-2026-ENG-G4,2026-01-11,Direct Career Portal,Application Review,Automated job-related knockout criteria not met,2.90,,,,,,,,No,No,
CAND-2026-0338,Synthetic Candidate 0338,Male,Reference Group,REQ-2026-ENG-G4,2026-01-05,Regional Hiring Drive,Application Review,Automated job-related knockout criteria not met,2.40,,,,,,,,No,No,
CAND-2026-0339,Synthetic Candidate 0339,Female,Focal Group,REQ-2026-ENG-G4,2026-01-12,Employee Referral,Application Review,Automated job-related knockout criteria not met,3.10,,,,,,,,No,No,
CAND-2026-0340,Synthetic Candidate 0340,Female,Focal Group,REQ-2026-ENG-G4,2026-01-06,LinkedIn Recruiter,Application Review,Automated job-related knockout criteria not met,2.60,,,,,,,,No,No,
CAND-2026-0341,Synthetic Candidate 0341,Male,Reference Group,REQ-2026-ENG-G4,2026-01-13,Skills Academy,Application Review,Automated job-related knockout criteria not met,3.30,,,,,,,,No,No,
CAND-2026-0342,Synthetic Candidate 0342,Male,Reference Group,REQ-2026-ENG-G4,2026-01-07,Direct Career Portal,Application Review,Automated job-related knockout criteria not met,2.80,,,,,,,,No,No,
CAND-2026-0343,Synthetic Candidate 0343,Male,Reference Group,REQ-2026-ENG-G4,2026-01-14,Regional Hiring Drive,Application Review,Automated job-related knockout criteria not met,2.30,,,,,,,,No,No,
CAND-2026-0344,Synthetic Candidate 0344,Female,Focal Group,REQ-2026-ENG-G4,2026-01-08,Employee Referral,Application Review,Automated job-related knockout criteria not met,3.00,,,,,,,,No,No,
CAND-2026-0345,Synthetic Candidate 0345,Female,Focal Group,REQ-2026-ENG-G4,2026-01-15,LinkedIn Recruiter,Application Review,Automated job-related knockout criteria not met,2.50,,,,,,,,No,No,
CAND-2026-0346,Synthetic Candidate 0346,Male,Reference Group,REQ-2026-ENG-G4,2026-01-09,Skills Academy,Application Review,Automated job-related knockout criteria not met,3.20,,,,,,,,No,No,
CAND-2026-0347,Synthetic Candidate 0347,Male,Reference Group,REQ-2026-ENG-G4,2026-01-16,Direct Career Portal,Application Review,Automated job-related knockout criteria not met,2.70,,,,,,,,No,No,
CAND-2026-0348,Synthetic Candidate 0348,Male,Reference Group,REQ-2026-ENG-G4,2026-01-10,Regional Hiring Drive,Application Review,Automated job-related knockout criteria not met,2.20,,,,,,,,No,No,
CAND-2026-0349,Synthetic Candidate 0349,Female,Focal Group,REQ-2026-ENG-G4,2026-01-17,Employee Referral,Application Review,Automated job-related knockout criteria not met,2.90,,,,,,,,No,No,
CAND-2026-0350,Synthetic Candidate 0350,Female,Focal Group,REQ-2026-ENG-G4,2026-01-11,LinkedIn Recruiter,Application Review,Automated job-related knockout criteria not met,2.40,,,,,,,,No,No,
CAND-2026-0351,Synthetic Candidate 0351,Male,Reference Group,REQ-2026-ENG-G4,2026-01-05,Skills Academy,Application Review,Automated job-related knockout criteria not met,3.10,,,,,,,,No,No,
CAND-2026-0352,Synthetic Candidate 0352,Male,Reference Group,REQ-2026-ENG-G4,2026-01-12,Direct Career Portal,Application Review,Automated job-related knockout criteria not met,2.60,,,,,,,,No,No,
CAND-2026-0353,Synthetic Candidate 0353,Male,Reference Group,REQ-2026-ENG-G4,2026-01-06,Regional Hiring Drive,Application Review,Automated job-related knockout criteria not met,3.30,,,,,,,,No,No,
CAND-2026-0354,Synthetic Candidate 0354,Female,Focal Group,REQ-2026-ENG-G4,2026-01-13,Employee Referral,Application Review,Automated job-related knockout criteria not met,2.80,,,,,,,,No,No,
CAND-2026-0355,Synthetic Candidate 0355,Female,Focal Group,REQ-2026-ENG-G4,2026-01-07,LinkedIn Recruiter,Application Review,Automated job-related knockout criteria not met,2.30,,,,,,,,No,No,
CAND-2026-0356,Synthetic Candidate 0356,Male,Reference Group,REQ-2026-ENG-G4,2026-01-14,Skills Academy,Application Review,Automated job-related knockout criteria not met,3.00,,,,,,,,No,No,
CAND-2026-0357,Synthetic Candidate 0357,Male,Reference Group,REQ-2026-ENG-G4,2026-01-08,Direct Career Portal,Application Review,Automated job-related knockout criteria not met,2.50,,,,,,,,No,No,
CAND-2026-0358,Synthetic Candidate 0358,Male,Reference Group,REQ-2026-ENG-G4,2026-01-15,Regional Hiring Drive,Application Review,Automated job-related knockout criteria not met,3.20,,,,,,,,No,No,
CAND-2026-0359,Synthetic Candidate 0359,Female,Focal Group,REQ-2026-ENG-G4,2026-01-09,Employee Referral,Application Review,Automated job-related knockout criteria not met,2.70,,,,,,,,No,No,
CAND-2026-0360,Synthetic Candidate 0360,Female,Focal Group,REQ-2026-ENG-G4,2026-01-16,LinkedIn Recruiter,Application Review,Automated job-related knockout criteria not met,2.20,,,,,,,,No,No,
CAND-2026-0361,Synthetic Candidate 0361,Male,Reference Group,REQ-2026-ENG-G4,2026-01-10,Skills Academy,Application Review,Automated job-related knockout criteria not met,2.90,,,,,,,,No,No,
CAND-2026-0362,Synthetic Candidate 0362,Male,Reference Group,REQ-2026-ENG-G4,2026-01-17,Direct Career Portal,Application Review,Automated job-related knockout criteria not met,2.40,,,,,,,,No,No,
CAND-2026-0363,Synthetic Candidate 0363,Male,Reference Group,REQ-2026-ENG-G4,2026-01-11,Regional Hiring Drive,Application Review,Automated job-related knockout criteria not met,3.10,,,,,,,,No,No,
CAND-2026-0364,Synthetic Candidate 0364,Female,Focal Group,REQ-2026-ENG-G4,2026-01-05,Employee Referral,Application Review,Automated job-related knockout criteria not met,2.60,,,,,,,,No,No,
CAND-2026-0365,Synthetic Candidate 0365,Female,Focal Group,REQ-2026-ENG-G4,2026-01-12,LinkedIn Recruiter,Application Review,Automated job-related knockout criteria not met,3.30,,,,,,,,No,No,
CAND-2026-0366,Synthetic Candidate 0366,Male,Reference Group,REQ-2026-ENG-G4,2026-01-06,Skills Academy,Application Review,Automated job-related knockout criteria not met,2.80,,,,,,,,No,No,
CAND-2026-0367,Synthetic Candidate 0367,Male,Reference Group,REQ-2026-ENG-G4,2026-01-13,Direct Career Portal,Application Review,Automated job-related knockout criteria not met,2.30,,,,,,,,No,No,
CAND-2026-0368,Synthetic Candidate 0368,Male,Reference Group,REQ-2026-ENG-G4,2026-01-07,Regional Hiring Drive,Application Review,Automated job-related knockout criteria not met,3.00,,,,,,,,No,No,
CAND-2026-0369,Synthetic Candidate 0369,Female,Focal Group,REQ-2026-ENG-G4,2026-01-14,Employee Referral,Application Review,Automated job-related knockout criteria not met,2.50,,,,,,,,No,No,
CAND-2026-0370,Synthetic Candidate 0370,Female,Focal Group,REQ-2026-ENG-G4,2026-01-08,LinkedIn Recruiter,Application Review,Automated job-related knockout criteria not met,3.20,,,,,,,,No,No,
CAND-2026-0371,Synthetic Candidate 0371,Male,Reference Group,REQ-2026-ENG-G4,2026-01-15,Skills Academy,Application Review,Automated job-related knockout criteria not met,2.70,,,,,,,,No,No,
CAND-2026-0372,Synthetic Candidate 0372,Male,Reference Group,REQ-2026-ENG-G4,2026-01-09,Direct Career Portal,Application Review,Automated job-related knockout criteria not met,2.20,,,,,,,,No,No,
CAND-2026-0373,Synthetic Candidate 0373,Male,Reference Group,REQ-2026-ENG-G4,2026-01-16,Regional Hiring Drive,Application Review,Automated job-related knockout criteria not met,2.90,,,,,,,,No,No,
CAND-2026-0374,Synthetic Candidate 0374,Female,Focal Group,REQ-2026-ENG-G4,2026-01-10,Employee Referral,Application Review,Automated job-related knockout criteria not met,2.40,,,,,,,,No,No,
CAND-2026-0375,Synthetic Candidate 0375,Female,Focal Group,REQ-2026-ENG-G4,2026-01-17,LinkedIn Recruiter,Application Review,Automated job-related knockout criteria not met,3.10,,,,,,,,No,No,
CAND-2026-0376,Synthetic Candidate 0376,Male,Reference Group,REQ-2026-ENG-G4,2026-01-11,Skills Academy,Application Review,Automated job-related knockout criteria not met,2.60,,,,,,,,No,No,
CAND-2026-0377,Synthetic Candidate 0377,Male,Reference Group,REQ-2026-ENG-G4,2026-01-05,Direct Career Portal,Application Review,Automated job-related knockout criteria not met,3.30,,,,,,,,No,No,
CAND-2026-0378,Synthetic Candidate 0378,Male,Reference Group,REQ-2026-ENG-G4,2026-01-12,Regional Hiring Drive,Application Review,Automated job-related knockout criteria not met,2.80,,,,,,,,No,No,
CAND-2026-0379,Synthetic Candidate 0379,Female,Focal Group,REQ-2026-ENG-G4,2026-01-06,Employee Referral,Application Review,Automated job-related knockout criteria not met,2.30,,,,,,,,No,No,
CAND-2026-0380,Synthetic Candidate 0380,Female,Focal Group,REQ-2026-ENG-G4,2026-01-13,LinkedIn Recruiter,Application Review,Automated job-related knockout criteria not met,3.00,,,,,,,,No,No,
CAND-2026-0381,Synthetic Candidate 0381,Male,Reference Group,REQ-2026-ENG-G4,2026-01-07,Skills Academy,Application Review,Automated job-related knockout criteria not met,2.50,,,,,,,,No,No,
CAND-2026-0382,Synthetic Candidate 0382,Male,Reference Group,REQ-2026-ENG-G4,2026-01-14,Direct Career Portal,Application Review,Automated job-related knockout criteria not met,3.20,,,,,,,,No,No,
CAND-2026-0383,Synthetic Candidate 0383,Male,Reference Group,REQ-2026-ENG-G4,2026-01-08,Regional Hiring Drive,Application Review,Automated job-related knockout criteria not met,2.70,,,,,,,,No,No,
CAND-2026-0384,Synthetic Candidate 0384,Female,Focal Group,REQ-2026-ENG-G4,2026-01-15,Employee Referral,Application Review,Automated job-related knockout criteria not met,2.20,,,,,,,,No,No,
CAND-2026-0385,Synthetic Candidate 0385,Female,Focal Group,REQ-2026-ENG-G4,2026-01-09,LinkedIn Recruiter,Application Review,Automated job-related knockout criteria not met,2.90,,,,,,,,No,No,
CAND-2026-0386,Synthetic Candidate 0386,Male,Reference Group,REQ-2026-ENG-G4,2026-01-16,Skills Academy,Application Review,Automated job-related knockout criteria not met,2.40,,,,,,,,No,No,
CAND-2026-0387,Synthetic Candidate 0387,Male,Reference Group,REQ-2026-ENG-G4,2026-01-10,Direct Career Portal,Application Review,Automated job-related knockout criteria not met,3.10,,,,,,,,No,No,
CAND-2026-0388,Synthetic Candidate 0388,Male,Reference Group,REQ-2026-ENG-G4,2026-01-17,Regional Hiring Drive,Application Review,Automated job-related knockout criteria not met,2.60,,,,,,,,No,No,
CAND-2026-0389,Synthetic Candidate 0389,Female,Focal Group,REQ-2026-ENG-G4,2026-01-11,Employee Referral,Application Review,Automated job-related knockout criteria not met,3.30,,,,,,,,No,No,
CAND-2026-0390,Synthetic Candidate 0390,Female,Focal Group,REQ-2026-ENG-G4,2026-01-05,LinkedIn Recruiter,Application Review,Automated job-related knockout criteria not met,2.80,,,,,,,,No,No,
CAND-2026-0391,Synthetic Candidate 0391,Male,Reference Group,REQ-2026-ENG-G4,2026-01-12,Skills Academy,Application Review,Automated job-related knockout criteria not met,2.30,,,,,,,,No,No,
CAND-2026-0392,Synthetic Candidate 0392,Male,Reference Group,REQ-2026-ENG-G4,2026-01-06,Direct Career Portal,Application Review,Automated job-related knockout criteria not met,3.00,,,,,,,,No,No,
CAND-2026-0393,Synthetic Candidate 0393,Male,Reference Group,REQ-2026-ENG-G4,2026-01-13,Regional Hiring Drive,Application Review,Automated job-related knockout criteria not met,2.50,,,,,,,,No,No,
CAND-2026-0394,Synthetic Candidate 0394,Female,Focal Group,REQ-2026-ENG-G4,2026-01-07,Employee Referral,Application Review,Automated job-related knockout criteria not met,3.20,,,,,,,,No,No,
CAND-2026-0395,Synthetic Candidate 0395,Female,Focal Group,REQ-2026-ENG-G4,2026-01-14,LinkedIn Recruiter,Application Review,Automated job-related knockout criteria not met,2.70,,,,,,,,No,No,
CAND-2026-0396,Synthetic Candidate 0396,Male,Reference Group,REQ-2026-ENG-G4,2026-01-08,Skills Academy,Application Review,Automated job-related knockout criteria not met,2.20,,,,,,,,No,No,
CAND-2026-0397,Synthetic Candidate 0397,Male,Reference Group,REQ-2026-ENG-G4,2026-01-15,Direct Career Portal,Application Review,Automated job-related knockout criteria not met,2.90,,,,,,,,No,No,
CAND-2026-0398,Synthetic Candidate 0398,Male,Reference Group,REQ-2026-ENG-G4,2026-01-09,Regional Hiring Drive,Application Review,Automated job-related knockout criteria not met,2.40,,,,,,,,No,No,
CAND-2026-0399,Synthetic Candidate 0399,Female,Focal Group,REQ-2026-ENG-G4,2026-01-16,Employee Referral,Application Review,Automated job-related knockout criteria not met,3.10,,,,,,,,No,No,
CAND-2026-0400,Synthetic Candidate 0400,Female,Focal Group,REQ-2026-ENG-G4,2026-01-10,LinkedIn Recruiter,Application Review,Automated job-related knockout criteria not met,2.60,,,,,,,,No,No,
CAND-2026-0401,Synthetic Candidate 0401,Male,Reference Group,REQ-2026-ENG-G4,2026-01-17,Skills Academy,Application Review,Automated job-related knockout criteria not met,3.30,,,,,,,,No,No,
CAND-2026-0402,Synthetic Candidate 0402,Male,Reference Group,REQ-2026-ENG-G4,2026-01-11,Direct Career Portal,Application Review,Automated job-related knockout criteria not met,2.80,,,,,,,,No,No,
CAND-2026-0403,Synthetic Candidate 0403,Male,Reference Group,REQ-2026-ENG-G4,2026-01-05,Regional Hiring Drive,Application Review,Automated job-related knockout criteria not met,2.30,,,,,,,,No,No,
CAND-2026-0404,Synthetic Candidate 0404,Female,Focal Group,REQ-2026-ENG-G4,2026-01-12,Employee Referral,Application Review,Automated job-related knockout criteria not met,3.00,,,,,,,,No,No,
CAND-2026-0405,Synthetic Candidate 0405,Female,Focal Group,REQ-2026-ENG-G4,2026-01-06,LinkedIn Recruiter,Application Review,Automated job-related knockout criteria not met,2.50,,,,,,,,No,No,
CAND-2026-0406,Synthetic Candidate 0406,Male,Reference Group,REQ-2026-ENG-G4,2026-01-13,Skills Academy,Application Review,Automated job-related knockout criteria not met,3.20,,,,,,,,No,No,
CAND-2026-0407,Synthetic Candidate 0407,Male,Reference Group,REQ-2026-ENG-G4,2026-01-07,Direct Career Portal,Application Review,Automated job-related knockout criteria not met,2.70,,,,,,,,No,No,
CAND-2026-0408,Synthetic Candidate 0408,Male,Reference Group,REQ-2026-ENG-G4,2026-01-14,Regional Hiring Drive,Application Review,Automated job-related knockout criteria not met,2.20,,,,,,,,No,No,
CAND-2026-0409,Synthetic Candidate 0409,Female,Focal Group,REQ-2026-ENG-G4,2026-01-08,Employee Referral,Application Review,Automated job-related knockout criteria not met,2.90,,,,,,,,No,No,
CAND-2026-0410,Synthetic Candidate 0410,Female,Focal Group,REQ-2026-ENG-G4,2026-01-15,LinkedIn Recruiter,Application Review,Automated job-related knockout criteria not met,2.40,,,,,,,,No,No,
CAND-2026-0411,Synthetic Candidate 0411,Male,Reference Group,REQ-2026-ENG-G4,2026-01-09,Skills Academy,Application Review,Automated job-related knockout criteria not met,3.10,,,,,,,,No,No,
CAND-2026-0412,Synthetic Candidate 0412,Male,Reference Group,REQ-2026-ENG-G4,2026-01-16,Direct Career Portal,Application Review,Automated job-related knockout criteria not met,2.60,,,,,,,,No,No,
CAND-2026-0413,Synthetic Candidate 0413,Male,Reference Group,REQ-2026-ENG-G4,2026-01-10,Regional Hiring Drive,Application Review,Automated job-related knockout criteria not met,3.30,,,,,,,,No,No,
CAND-2026-0414,Synthetic Candidate 0414,Female,Focal Group,REQ-2026-ENG-G4,2026-01-17,Employee Referral,Application Review,Automated job-related knockout criteria not met,2.80,,,,,,,,No,No,
CAND-2026-0415,Synthetic Candidate 0415,Female,Focal Group,REQ-2026-ENG-G4,2026-01-11,LinkedIn Recruiter,Application Review,Automated job-related knockout criteria not met,2.30,,,,,,,,No,No,
CAND-2026-0416,Synthetic Candidate 0416,Male,Reference Group,REQ-2026-ENG-G4,2026-01-05,Skills Academy,Application Review,Automated job-related knockout criteria not met,3.00,,,,,,,,No,No,
CAND-2026-0417,Synthetic Candidate 0417,Male,Reference Group,REQ-2026-ENG-G4,2026-01-12,Direct Career Portal,Application Review,Automated job-related knockout criteria not met,2.50,,,,,,,,No,No,
CAND-2026-0418,Synthetic Candidate 0418,Male,Reference Group,REQ-2026-ENG-G4,2026-01-06,Regional Hiring Drive,Application Review,Automated job-related knockout criteria not met,3.20,,,,,,,,No,No,
CAND-2026-0419,Synthetic Candidate 0419,Female,Focal Group,REQ-2026-ENG-G4,2026-01-13,Employee Referral,Application Review,Automated job-related knockout criteria not met,2.70,,,,,,,,No,No,
CAND-2026-0420,Synthetic Candidate 0420,Female,Focal Group,REQ-2026-ENG-G4,2026-01-07,LinkedIn Recruiter,Application Review,Automated job-related knockout criteria not met,2.20,,,,,,,,No,No,
CAND-2026-0421,Synthetic Candidate 0421,Male,Reference Group,REQ-2026-ENG-G4,2026-01-14,Skills Academy,Application Review,Automated job-related knockout criteria not met,2.90,,,,,,,,No,No,
CAND-2026-0422,Synthetic Candidate 0422,Male,Reference Group,REQ-2026-ENG-G4,2026-01-08,Direct Career Portal,Application Review,Automated job-related knockout criteria not met,2.40,,,,,,,,No,No,
CAND-2026-0423,Synthetic Candidate 0423,Male,Reference Group,REQ-2026-ENG-G4,2026-01-15,Regional Hiring Drive,Application Review,Automated job-related knockout criteria not met,3.10,,,,,,,,No,No,
CAND-2026-0424,Synthetic Candidate 0424,Female,Focal Group,REQ-2026-ENG-G4,2026-01-09,Employee Referral,Application Review,Automated job-related knockout criteria not met,2.60,,,,,,,,No,No,
CAND-2026-0425,Synthetic Candidate 0425,Female,Focal Group,REQ-2026-ENG-G4,2026-01-16,LinkedIn Recruiter,Application Review,Automated job-related knockout criteria not met,3.30,,,,,,,,No,No,
CAND-2026-0426,Synthetic Candidate 0426,Male,Reference Group,REQ-2026-ENG-G4,2026-01-10,Skills Academy,Application Review,Automated job-related knockout criteria not met,2.80,,,,,,,,No,No,
CAND-2026-0427,Synthetic Candidate 0427,Male,Reference Group,REQ-2026-ENG-G4,2026-01-17,Direct Career Portal,Application Review,Automated job-related knockout criteria not met,2.30,,,,,,,,No,No,
CAND-2026-0428,Synthetic Candidate 0428,Male,Reference Group,REQ-2026-ENG-G4,2026-01-11,Regional Hiring Drive,Application Review,Automated job-related knockout criteria not met,3.00,,,,,,,,No,No,
CAND-2026-0429,Synthetic Candidate 0429,Female,Focal Group,REQ-2026-ENG-G4,2026-01-05,Employee Referral,Application Review,Automated job-related knockout criteria not met,2.50,,,,,,,,No,No,
CAND-2026-0430,Synthetic Candidate 0430,Female,Focal Group,REQ-2026-ENG-G4,2026-01-12,LinkedIn Recruiter,Application Review,Automated job-related knockout criteria not met,3.20,,,,,,,,No,No,
CAND-2026-0431,Synthetic Candidate 0431,Male,Reference Group,REQ-2026-ENG-G4,2026-01-06,Skills Academy,Application Review,Automated job-related knockout criteria not met,2.70,,,,,,,,No,No,
CAND-2026-0432,Synthetic Candidate 0432,Male,Reference Group,REQ-2026-ENG-G4,2026-01-13,Direct Career Portal,Application Review,Automated job-related knockout criteria not met,2.20,,,,,,,,No,No,
CAND-2026-0433,Synthetic Candidate 0433,Male,Reference Group,REQ-2026-ENG-G4,2026-01-07,Regional Hiring Drive,Application Review,Automated job-related knockout criteria not met,2.90,,,,,,,,No,No,
CAND-2026-0434,Synthetic Candidate 0434,Female,Focal Group,REQ-2026-ENG-G4,2026-01-14,Employee Referral,Application Review,Automated job-related knockout criteria not met,2.40,,,,,,,,No,No,
CAND-2026-0435,Synthetic Candidate 0435,Female,Focal Group,REQ-2026-ENG-G4,2026-01-08,LinkedIn Recruiter,Application Review,Automated job-related knockout criteria not met,3.10,,,,,,,,No,No,
CAND-2026-0436,Synthetic Candidate 0436,Male,Reference Group,REQ-2026-ENG-G4,2026-01-15,Skills Academy,Application Review,Automated job-related knockout criteria not met,2.60,,,,,,,,No,No,
CAND-2026-0437,Synthetic Candidate 0437,Male,Reference Group,REQ-2026-ENG-G4,2026-01-09,Direct Career Portal,Application Review,Automated job-related knockout criteria not met,3.30,,,,,,,,No,No,
CAND-2026-0438,Synthetic Candidate 0438,Male,Reference Group,REQ-2026-ENG-G4,2026-01-16,Regional Hiring Drive,Application Review,Automated job-related knockout criteria not met,2.80,,,,,,,,No,No,
CAND-2026-0439,Synthetic Candidate 0439,Female,Focal Group,REQ-2026-ENG-G4,2026-01-10,Employee Referral,Application Review,Automated job-related knockout criteria not met,2.30,,,,,,,,No,No,
CAND-2026-0440,Synthetic Candidate 0440,Female,Focal Group,REQ-2026-ENG-G4,2026-01-17,LinkedIn Recruiter,Application Review,Automated job-related knockout criteria not met,3.00,,,,,,,,No,No,
CAND-2026-0441,Synthetic Candidate 0441,Male,Reference Group,REQ-2026-ENG-G4,2026-01-11,Skills Academy,Application Review,Automated job-related knockout criteria not met,2.50,,,,,,,,No,No,
CAND-2026-0442,Synthetic Candidate 0442,Male,Reference Group,REQ-2026-ENG-G4,2026-01-05,Direct Career Portal,Application Review,Automated job-related knockout criteria not met,3.20,,,,,,,,No,No,
CAND-2026-0443,Synthetic Candidate 0443,Male,Reference Group,REQ-2026-ENG-G4,2026-01-12,Regional Hiring Drive,Application Review,Automated job-related knockout criteria not met,2.70,,,,,,,,No,No,
CAND-2026-0444,Synthetic Candidate 0444,Female,Focal Group,REQ-2026-ENG-G4,2026-01-06,Employee Referral,Application Review,Automated job-related knockout criteria not met,2.20,,,,,,,,No,No,
CAND-2026-0445,Synthetic Candidate 0445,Female,Focal Group,REQ-2026-ENG-G4,2026-01-13,LinkedIn Recruiter,Application Review,Automated job-related knockout criteria not met,2.90,,,,,,,,No,No,
CAND-2026-0446,Synthetic Candidate 0446,Male,Reference Group,REQ-2026-ENG-G4,2026-01-07,Skills Academy,Application Review,Automated job-related knockout criteria not met,2.40,,,,,,,,No,No,
CAND-2026-0447,Synthetic Candidate 0447,Male,Reference Group,REQ-2026-ENG-G4,2026-01-14,Direct Career Portal,Application Review,Automated job-related knockout criteria not met,3.10,,,,,,,,No,No,
CAND-2026-0448,Synthetic Candidate 0448,Male,Reference Group,REQ-2026-ENG-G4,2026-01-08,Regional Hiring Drive,Application Review,Automated job-related knockout criteria not met,2.60,,,,,,,,No,No,
CAND-2026-0449,Synthetic Candidate 0449,Female,Focal Group,REQ-2026-ENG-G4,2026-01-15,Employee Referral,Application Review,Automated job-related knockout criteria not met,3.30,,,,,,,,No,No,
CAND-2026-0450,Synthetic Candidate 0450,Female,Focal Group,REQ-2026-ENG-G4,2026-01-09,LinkedIn Recruiter,Application Review,Automated job-related knockout criteria not met,2.80,,,,,,,,No,No,
CAND-2026-0451,Synthetic Candidate 0451,Male,Reference Group,REQ-2026-ENG-G4,2026-01-16,Skills Academy,Application Review,Automated job-related knockout criteria not met,2.30,,,,,,,,No,No,
CAND-2026-0452,Synthetic Candidate 0452,Male,Reference Group,REQ-2026-ENG-G4,2026-01-10,Direct Career Portal,Application Review,Automated job-related knockout criteria not met,3.00,,,,,,,,No,No,
CAND-2026-0453,Synthetic Candidate 0453,Male,Reference Group,REQ-2026-ENG-G4,2026-01-17,Regional Hiring Drive,Application Review,Automated job-related knockout criteria not met,2.50,,,,,,,,No,No,
CAND-2026-0454,Synthetic Candidate 0454,Female,Focal Group,REQ-2026-ENG-G4,2026-01-11,Employee Referral,Application Review,Automated job-related knockout criteria not met,3.20,,,,,,,,No,No,
CAND-2026-0455,Synthetic Candidate 0455,Female,Focal Group,REQ-2026-ENG-G4,2026-01-05,LinkedIn Recruiter,Application Review,Automated job-related knockout criteria not met,2.70,,,,,,,,No,No,
CAND-2026-0456,Synthetic Candidate 0456,Male,Reference Group,REQ-2026-ENG-G4,2026-01-12,Skills Academy,Application Review,Automated job-related knockout criteria not met,2.20,,,,,,,,No,No,
CAND-2026-0457,Synthetic Candidate 0457,Male,Reference Group,REQ-2026-ENG-G4,2026-01-06,Direct Career Portal,Application Review,Automated job-related knockout criteria not met,2.90,,,,,,,,No,No,
CAND-2026-0458,Synthetic Candidate 0458,Male,Reference Group,REQ-2026-ENG-G4,2026-01-13,Regional Hiring Drive,Application Review,Automated job-related knockout criteria not met,2.40,,,,,,,,No,No,
CAND-2026-0459,Synthetic Candidate 0459,Female,Focal Group,REQ-2026-ENG-G4,2026-01-07,Employee Referral,Application Review,Automated job-related knockout criteria not met,3.10,,,,,,,,No,No,
CAND-2026-0460,Synthetic Candidate 0460,Female,Focal Group,REQ-2026-ENG-G4,2026-01-14,LinkedIn Recruiter,Application Review,Automated job-related knockout criteria not met,2.60,,,,,,,,No,No,
CAND-2026-0461,Synthetic Candidate 0461,Male,Reference Group,REQ-2026-ENG-G4,2026-01-08,Skills Academy,Application Review,Automated job-related knockout criteria not met,3.30,,,,,,,,No,No,
CAND-2026-0462,Synthetic Candidate 0462,Male,Reference Group,REQ-2026-ENG-G4,2026-01-15,Direct Career Portal,Application Review,Automated job-related knockout criteria not met,2.80,,,,,,,,No,No,
CAND-2026-0463,Synthetic Candidate 0463,Male,Reference Group,REQ-2026-ENG-G4,2026-01-09,Regional Hiring Drive,Application Review,Automated job-related knockout criteria not met,2.30,,,,,,,,No,No,
CAND-2026-0464,Synthetic Candidate 0464,Female,Focal Group,REQ-2026-ENG-G4,2026-01-16,Employee Referral,Application Review,Automated job-related knockout criteria not met,3.00,,,,,,,,No,No,
CAND-2026-0465,Synthetic Candidate 0465,Female,Focal Group,REQ-2026-ENG-G4,2026-01-10,LinkedIn Recruiter,Application Review,Automated job-related knockout criteria not met,2.50,,,,,,,,No,No,
CAND-2026-0466,Synthetic Candidate 0466,Male,Reference Group,REQ-2026-ENG-G4,2026-01-17,Skills Academy,Application Review,Automated job-related knockout criteria not met,3.20,,,,,,,,No,No,
CAND-2026-0467,Synthetic Candidate 0467,Male,Reference Group,REQ-2026-ENG-G4,2026-01-11,Direct Career Portal,Application Review,Automated job-related knockout criteria not met,2.70,,,,,,,,No,No,
CAND-2026-0468,Synthetic Candidate 0468,Male,Reference Group,REQ-2026-ENG-G4,2026-01-05,Regional Hiring Drive,Application Review,Automated job-related knockout criteria not met,2.20,,,,,,,,No,No,
CAND-2026-0469,Synthetic Candidate 0469,Female,Focal Group,REQ-2026-ENG-G4,2026-01-12,Employee Referral,Application Review,Automated job-related knockout criteria not met,2.90,,,,,,,,No,No,
CAND-2026-0470,Synthetic Candidate 0470,Female,Focal Group,REQ-2026-ENG-G4,2026-01-06,LinkedIn Recruiter,Application Review,Automated job-related knockout criteria not met,2.40,,,,,,,,No,No,
CAND-2026-0471,Synthetic Candidate 0471,Male,Reference Group,REQ-2026-ENG-G4,2026-01-13,Skills Academy,Application Review,Automated job-related knockout criteria not met,3.10,,,,,,,,No,No,
CAND-2026-0472,Synthetic Candidate 0472,Male,Reference Group,REQ-2026-ENG-G4,2026-01-07,Direct Career Portal,Application Review,Automated job-related knockout criteria not met,2.60,,,,,,,,No,No,
CAND-2026-0473,Synthetic Candidate 0473,Male,Reference Group,REQ-2026-ENG-G4,2026-01-14,Regional Hiring Drive,Application Review,Automated job-related knockout criteria not met,3.30,,,,,,,,No,No,
CAND-2026-0474,Synthetic Candidate 0474,Female,Focal Group,REQ-2026-ENG-G4,2026-01-08,Employee Referral,Application Review,Automated job-related knockout criteria not met,2.80,,,,,,,,No,No,
CAND-2026-0475,Synthetic Candidate 0475,Female,Focal Group,REQ-2026-ENG-G4,2026-01-15,LinkedIn Recruiter,Application Review,Automated job-related knockout criteria not met,2.30,,,,,,,,No,No,
CAND-2026-0476,Synthetic Candidate 0476,Male,Reference Group,REQ-2026-ENG-G4,2026-01-09,Skills Academy,Application Review,Automated job-related knockout criteria not met,3.00,,,,,,,,No,No,
CAND-2026-0477,Synthetic Candidate 0477,Male,Reference Group,REQ-2026-ENG-G4,2026-01-16,Direct Career Portal,Application Review,Automated job-related knockout criteria not met,2.50,,,,,,,,No,No,
CAND-2026-0478,Synthetic Candidate 0478,Male,Reference Group,REQ-2026-ENG-G4,2026-01-10,Regional Hiring Drive,Application Review,Automated job-related knockout criteria not met,3.20,,,,,,,,No,No,
CAND-2026-0479,Synthetic Candidate 0479,Female,Focal Group,REQ-2026-ENG-G4,2026-01-17,Employee Referral,Application Review,Automated job-related knockout criteria not met,2.70,,,,,,,,No,No,
CAND-2026-0480,Synthetic Candidate 0480,Female,Focal Group,REQ-2026-ENG-G4,2026-01-11,LinkedIn Recruiter,Application Review,Automated job-related knockout criteria not met,2.20,,,,,,,,No,No,
CAND-2026-0481,Synthetic Candidate 0481,Male,Reference Group,REQ-2026-ENG-G4,2026-01-05,Skills Academy,Application Review,Automated job-related knockout criteria not met,2.90,,,,,,,,No,No,
CAND-2026-0482,Synthetic Candidate 0482,Male,Reference Group,REQ-2026-ENG-G4,2026-01-12,Direct Career Portal,Application Review,Automated job-related knockout criteria not met,2.40,,,,,,,,No,No,
CAND-2026-0483,Synthetic Candidate 0483,Male,Reference Group,REQ-2026-ENG-G4,2026-01-06,Regional Hiring Drive,Application Review,Automated job-related knockout criteria not met,3.10,,,,,,,,No,No,
CAND-2026-0484,Synthetic Candidate 0484,Female,Focal Group,REQ-2026-ENG-G4,2026-01-13,Employee Referral,Application Review,Automated job-related knockout criteria not met,2.60,,,,,,,,No,No,
CAND-2026-0485,Synthetic Candidate 0485,Female,Focal Group,REQ-2026-ENG-G4,2026-01-07,LinkedIn Recruiter,Application Review,Automated job-related knockout criteria not met,3.30,,,,,,,,No,No,
CAND-2026-0486,Synthetic Candidate 0486,Male,Reference Group,REQ-2026-ENG-G4,2026-01-14,Skills Academy,Application Review,Automated job-related knockout criteria not met,2.80,,,,,,,,No,No,
CAND-2026-0487,Synthetic Candidate 0487,Male,Reference Group,REQ-2026-ENG-G4,2026-01-08,Direct Career Portal,Application Review,Automated job-related knockout criteria not met,2.30,,,,,,,,No,No,
CAND-2026-0488,Synthetic Candidate 0488,Male,Reference Group,REQ-2026-ENG-G4,2026-01-15,Regional Hiring Drive,Application Review,Automated job-related knockout criteria not met,3.00,,,,,,,,No,No,
CAND-2026-0489,Synthetic Candidate 0489,Female,Focal Group,REQ-2026-ENG-G4,2026-01-09,Employee Referral,Application Review,Automated job-related knockout criteria not met,2.50,,,,,,,,No,No,
CAND-2026-0490,Synthetic Candidate 0490,Female,Focal Group,REQ-2026-ENG-G4,2026-01-16,LinkedIn Recruiter,Application Review,Automated job-related knockout criteria not met,3.20,,,,,,,,No,No,
CAND-2026-0491,Synthetic Candidate 0491,Male,Reference Group,REQ-2026-ENG-G4,2026-01-10,Skills Academy,Application Review,Automated job-related knockout criteria not met,2.70,,,,,,,,No,No,
CAND-2026-0492,Synthetic Candidate 0492,Male,Reference Group,REQ-2026-ENG-G4,2026-01-17,Direct Career Portal,Application Review,Automated job-related knockout criteria not met,2.20,,,,,,,,No,No,
CAND-2026-0493,Synthetic Candidate 0493,Male,Reference Group,REQ-2026-ENG-G4,2026-01-11,Regional Hiring Drive,Application Review,Automated job-related knockout criteria not met,2.90,,,,,,,,No,No,
CAND-2026-0494,Synthetic Candidate 0494,Female,Focal Group,REQ-2026-ENG-G4,2026-01-05,Employee Referral,Application Review,Automated job-related knockout criteria not met,2.40,,,,,,,,No,No,
CAND-2026-0495,Synthetic Candidate 0495,Female,Focal Group,REQ-2026-ENG-G4,2026-01-12,LinkedIn Recruiter,Application Review,Automated job-related knockout criteria not met,3.10,,,,,,,,No,No,
CAND-2026-0496,Synthetic Candidate 0496,Male,Reference Group,REQ-2026-ENG-G4,2026-01-06,Skills Academy,Application Review,Automated job-related knockout criteria not met,2.60,,,,,,,,No,No,
CAND-2026-0497,Synthetic Candidate 0497,Male,Reference Group,REQ-2026-ENG-G4,2026-01-13,Direct Career Portal,Application Review,Automated job-related knockout criteria not met,3.30,,,,,,,,No,No,
CAND-2026-0498,Synthetic Candidate 0498,Male,Reference Group,REQ-2026-ENG-G4,2026-01-07,Regional Hiring Drive,Application Review,Automated job-related knockout criteria not met,2.80,,,,,,,,No,No,
CAND-2026-0499,Synthetic Candidate 0499,Female,Focal Group,REQ-2026-ENG-G4,2026-01-14,Employee Referral,Application Review,Automated job-related knockout criteria not met,2.30,,,,,,,,No,No,
CAND-2026-0500,Synthetic Candidate 0500,Female,Focal Group,REQ-2026-ENG-G4,2026-01-08,LinkedIn Recruiter,Application Review,Automated job-related knockout criteria not met,3.00,,,,,,,,No,No,
CAND-2026-0501,Synthetic Candidate 0501,Male,Reference Group,REQ-2026-ENG-G4,2026-01-15,Skills Academy,Application Review,Automated job-related knockout criteria not met,2.50,,,,,,,,No,No,
CAND-2026-0502,Synthetic Candidate 0502,Male,Reference Group,REQ-2026-ENG-G4,2026-01-09,Direct Career Portal,Application Review,Automated job-related knockout criteria not met,3.20,,,,,,,,No,No,
CAND-2026-0503,Synthetic Candidate 0503,Male,Reference Group,REQ-2026-ENG-G4,2026-01-16,Regional Hiring Drive,Application Review,Automated job-related knockout criteria not met,2.70,,,,,,,,No,No,
CAND-2026-0504,Synthetic Candidate 0504,Female,Focal Group,REQ-2026-ENG-G4,2026-01-10,Employee Referral,Application Review,Automated job-related knockout criteria not met,2.20,,,,,,,,No,No,
CAND-2026-0505,Synthetic Candidate 0505,Female,Focal Group,REQ-2026-ENG-G4,2026-01-17,LinkedIn Recruiter,Application Review,Automated job-related knockout criteria not met,2.90,,,,,,,,No,No,
CAND-2026-0506,Synthetic Candidate 0506,Male,Reference Group,REQ-2026-ENG-G4,2026-01-11,Skills Academy,Application Review,Automated job-related knockout criteria not met,2.40,,,,,,,,No,No,
CAND-2026-0507,Synthetic Candidate 0507,Male,Reference Group,REQ-2026-ENG-G4,2026-01-05,Direct Career Portal,Application Review,Automated job-related knockout criteria not met,3.10,,,,,,,,No,No,
CAND-2026-0508,Synthetic Candidate 0508,Male,Reference Group,REQ-2026-ENG-G4,2026-01-12,Regional Hiring Drive,Application Review,Automated job-related knockout criteria not met,2.60,,,,,,,,No,No,
CAND-2026-0509,Synthetic Candidate 0509,Female,Focal Group,REQ-2026-ENG-G4,2026-01-06,Employee Referral,Application Review,Automated job-related knockout criteria not met,3.30,,,,,,,,No,No,
CAND-2026-0510,Synthetic Candidate 0510,Female,Focal Group,REQ-2026-ENG-G4,2026-01-13,LinkedIn Recruiter,Application Review,Automated job-related knockout criteria not met,2.80,,,,,,,,No,No,
CAND-2026-0511,Synthetic Candidate 0511,Male,Reference Group,REQ-2026-ENG-G4,2026-01-07,Skills Academy,Application Review,Automated job-related knockout criteria not met,2.30,,,,,,,,No,No,
CAND-2026-0512,Synthetic Candidate 0512,Male,Reference Group,REQ-2026-ENG-G4,2026-01-14,Direct Career Portal,Application Review,Automated job-related knockout criteria not met,3.00,,,,,,,,No,No,
CAND-2026-0513,Synthetic Candidate 0513,Male,Reference Group,REQ-2026-ENG-G4,2026-01-08,Regional Hiring Drive,Application Review,Automated job-related knockout criteria not met,2.50,,,,,,,,No,No,
CAND-2026-0514,Synthetic Candidate 0514,Female,Focal Group,REQ-2026-ENG-G4,2026-01-15,Employee Referral,Application Review,Automated job-related knockout criteria not met,3.20,,,,,,,,No,No,
CAND-2026-0515,Synthetic Candidate 0515,Female,Focal Group,REQ-2026-ENG-G4,2026-01-09,LinkedIn Recruiter,Application Review,Automated job-related knockout criteria not met,2.70,,,,,,,,No,No,
CAND-2026-0516,Synthetic Candidate 0516,Male,Reference Group,REQ-2026-ENG-G4,2026-01-16,Skills Academy,Application Review,Automated job-related knockout criteria not met,2.20,,,,,,,,No,No,
CAND-2026-0517,Synthetic Candidate 0517,Male,Reference Group,REQ-2026-ENG-G4,2026-01-10,Direct Career Portal,Application Review,Automated job-related knockout criteria not met,2.90,,,,,,,,No,No,
CAND-2026-0518,Synthetic Candidate 0518,Male,Reference Group,REQ-2026-ENG-G4,2026-01-17,Regional Hiring Drive,Application Review,Automated job-related knockout criteria not met,2.40,,,,,,,,No,No,
CAND-2026-0519,Synthetic Candidate 0519,Female,Focal Group,REQ-2026-ENG-G4,2026-01-11,Employee Referral,Application Review,Automated job-related knockout criteria not met,3.10,,,,,,,,No,No,
CAND-2026-0520,Synthetic Candidate 0520,Female,Focal Group,REQ-2026-ENG-G4,2026-01-05,LinkedIn Recruiter,Application Review,Automated job-related knockout criteria not met,2.60,,,,,,,,No,No,
CAND-2026-0521,Synthetic Candidate 0521,Male,Reference Group,REQ-2026-ENG-G4,2026-01-12,Skills Academy,Application Review,Automated job-related knockout criteria not met,3.30,,,,,,,,No,No,
CAND-2026-0522,Synthetic Candidate 0522,Male,Reference Group,REQ-2026-ENG-G4,2026-01-06,Direct Career Portal,Application Review,Automated job-related knockout criteria not met,2.80,,,,,,,,No,No,
CAND-2026-0523,Synthetic Candidate 0523,Male,Reference Group,REQ-2026-ENG-G4,2026-01-13,Regional Hiring Drive,Application Review,Automated job-related knockout criteria not met,2.30,,,,,,,,No,No,
CAND-2026-0524,Synthetic Candidate 0524,Female,Focal Group,REQ-2026-ENG-G4,2026-01-07,Employee Referral,Application Review,Automated job-related knockout criteria not met,3.00,,,,,,,,No,No,
CAND-2026-0525,Synthetic Candidate 0525,Female,Focal Group,REQ-2026-ENG-G4,2026-01-14,LinkedIn Recruiter,Application Review,Automated job-related knockout criteria not met,2.50,,,,,,,,No,No,
CAND-2026-0526,Synthetic Candidate 0526,Male,Reference Group,REQ-2026-ENG-G4,2026-01-08,Skills Academy,Application Review,Automated job-related knockout criteria not met,3.20,,,,,,,,No,No,
CAND-2026-0527,Synthetic Candidate 0527,Male,Reference Group,REQ-2026-ENG-G4,2026-01-15,Direct Career Portal,Application Review,Automated job-related knockout criteria not met,2.70,,,,,,,,No,No,
CAND-2026-0528,Synthetic Candidate 0528,Male,Reference Group,REQ-2026-ENG-G4,2026-01-09,Regional Hiring Drive,Application Review,Automated job-related knockout criteria not met,2.20,,,,,,,,No,No,
CAND-2026-0529,Synthetic Candidate 0529,Female,Focal Group,REQ-2026-ENG-G4,2026-01-16,Employee Referral,Application Review,Automated job-related knockout criteria not met,2.90,,,,,,,,No,No,
CAND-2026-0530,Synthetic Candidate 0530,Female,Focal Group,REQ-2026-ENG-G4,2026-01-10,LinkedIn Recruiter,Application Review,Automated job-related knockout criteria not met,2.40,,,,,,,,No,No,
CAND-2026-0531,Synthetic Candidate 0531,Male,Reference Group,REQ-2026-ENG-G4,2026-01-17,Skills Academy,Application Review,Automated job-related knockout criteria not met,3.10,,,,,,,,No,No,
CAND-2026-0532,Synthetic Candidate 0532,Male,Reference Group,REQ-2026-ENG-G4,2026-01-11,Direct Career Portal,Application Review,Automated job-related knockout criteria not met,2.60,,,,,,,,No,No,
CAND-2026-0533,Synthetic Candidate 0533,Male,Reference Group,REQ-2026-ENG-G4,2026-01-05,Regional Hiring Drive,Application Review,Automated job-related knockout criteria not met,3.30,,,,,,,,No,No,
CAND-2026-0534,Synthetic Candidate 0534,Female,Focal Group,REQ-2026-ENG-G4,2026-01-12,Employee Referral,Application Review,Automated job-related knockout criteria not met,2.80,,,,,,,,No,No,
CAND-2026-0535,Synthetic Candidate 0535,Female,Focal Group,REQ-2026-ENG-G4,2026-01-06,LinkedIn Recruiter,Application Review,Automated job-related knockout criteria not met,2.30,,,,,,,,No,No,
CAND-2026-0536,Synthetic Candidate 0536,Male,Reference Group,REQ-2026-ENG-G4,2026-01-13,Skills Academy,Application Review,Automated job-related knockout criteria not met,3.00,,,,,,,,No,No,
CAND-2026-0537,Synthetic Candidate 0537,Male,Reference Group,REQ-2026-ENG-G4,2026-01-07,Direct Career Portal,Application Review,Automated job-related knockout criteria not met,2.50,,,,,,,,No,No,
CAND-2026-0538,Synthetic Candidate 0538,Male,Reference Group,REQ-2026-ENG-G4,2026-01-14,Regional Hiring Drive,Application Review,Automated job-related knockout criteria not met,3.20,,,,,,,,No,No,
CAND-2026-0539,Synthetic Candidate 0539,Female,Focal Group,REQ-2026-ENG-G4,2026-01-08,Employee Referral,Application Review,Automated job-related knockout criteria not met,2.70,,,,,,,,No,No,
CAND-2026-0540,Synthetic Candidate 0540,Female,Focal Group,REQ-2026-ENG-G4,2026-01-15,LinkedIn Recruiter,Application Review,Automated job-related knockout criteria not met,2.20,,,,,,,,No,No,
CAND-2026-0541,Synthetic Candidate 0541,Male,Reference Group,REQ-2026-ENG-G4,2026-01-09,Skills Academy,Application Review,Automated job-related knockout criteria not met,2.90,,,,,,,,No,No,
CAND-2026-0542,Synthetic Candidate 0542,Male,Reference Group,REQ-2026-ENG-G4,2026-01-16,Direct Career Portal,Application Review,Automated job-related knockout criteria not met,2.40,,,,,,,,No,No,
CAND-2026-0543,Synthetic Candidate 0543,Male,Reference Group,REQ-2026-ENG-G4,2026-01-10,Regional Hiring Drive,Application Review,Automated job-related knockout criteria not met,3.10,,,,,,,,No,No,
CAND-2026-0544,Synthetic Candidate 0544,Female,Focal Group,REQ-2026-ENG-G4,2026-01-17,Employee Referral,Application Review,Automated job-related knockout criteria not met,2.60,,,,,,,,No,No,
CAND-2026-0545,Synthetic Candidate 0545,Female,Focal Group,REQ-2026-ENG-G4,2026-01-11,LinkedIn Recruiter,Application Review,Automated job-related knockout criteria not met,3.30,,,,,,,,No,No,
CAND-2026-0546,Synthetic Candidate 0546,Male,Reference Group,REQ-2026-ENG-G4,2026-01-05,Skills Academy,Application Review,Automated job-related knockout criteria not met,2.80,,,,,,,,No,No,
CAND-2026-0547,Synthetic Candidate 0547,Male,Reference Group,REQ-2026-ENG-G4,2026-01-12,Direct Career Portal,Application Review,Automated job-related knockout criteria not met,2.30,,,,,,,,No,No,
CAND-2026-0548,Synthetic Candidate 0548,Male,Reference Group,REQ-2026-ENG-G4,2026-01-06,Regional Hiring Drive,Application Review,Automated job-related knockout criteria not met,3.00,,,,,,,,No,No,
CAND-2026-0549,Synthetic Candidate 0549,Female,Focal Group,REQ-2026-ENG-G4,2026-01-13,Employee Referral,Application Review,Automated job-related knockout criteria not met,2.50,,,,,,,,No,No,
CAND-2026-0550,Synthetic Candidate 0550,Female,Focal Group,REQ-2026-ENG-G4,2026-01-07,LinkedIn Recruiter,Application Review,Automated job-related knockout criteria not met,3.20,,,,,,,,No,No,
CAND-2026-0551,Synthetic Candidate 0551,Male,Reference Group,REQ-2026-ENG-G4,2026-01-14,Skills Academy,Application Review,Automated job-related knockout criteria not met,2.70,,,,,,,,No,No,
CAND-2026-0552,Synthetic Candidate 0552,Male,Reference Group,REQ-2026-ENG-G4,2026-01-08,Direct Career Portal,Application Review,Automated job-related knockout criteria not met,2.20,,,,,,,,No,No,
CAND-2026-0553,Synthetic Candidate 0553,Male,Reference Group,REQ-2026-ENG-G4,2026-01-15,Regional Hiring Drive,Application Review,Automated job-related knockout criteria not met,2.90,,,,,,,,No,No,
CAND-2026-0554,Synthetic Candidate 0554,Female,Focal Group,REQ-2026-ENG-G4,2026-01-09,Employee Referral,Application Review,Automated job-related knockout criteria not met,2.40,,,,,,,,No,No,
CAND-2026-0555,Synthetic Candidate 0555,Female,Focal Group,REQ-2026-ENG-G4,2026-01-16,LinkedIn Recruiter,Application Review,Automated job-related knockout criteria not met,3.10,,,,,,,,No,No,
CAND-2026-0556,Synthetic Candidate 0556,Male,Reference Group,REQ-2026-ENG-G4,2026-01-10,Skills Academy,Application Review,Automated job-related knockout criteria not met,2.60,,,,,,,,No,No,
CAND-2026-0557,Synthetic Candidate 0557,Male,Reference Group,REQ-2026-ENG-G4,2026-01-17,Direct Career Portal,Application Review,Automated job-related knockout criteria not met,3.30,,,,,,,,No,No,
CAND-2026-0558,Synthetic Candidate 0558,Male,Reference Group,REQ-2026-ENG-G4,2026-01-11,Regional Hiring Drive,Application Review,Automated job-related knockout criteria not met,2.80,,,,,,,,No,No,
CAND-2026-0559,Synthetic Candidate 0559,Female,Focal Group,REQ-2026-ENG-G4,2026-01-05,Employee Referral,Application Review,Automated job-related knockout criteria not met,2.30,,,,,,,,No,No,
CAND-2026-0560,Synthetic Candidate 0560,Female,Focal Group,REQ-2026-ENG-G4,2026-01-12,LinkedIn Recruiter,Application Review,Automated job-related knockout criteria not met,3.00,,,,,,,,No,No,
CAND-2026-0561,Synthetic Candidate 0561,Male,Reference Group,REQ-2026-ENG-G4,2026-01-06,Skills Academy,Application Review,Automated job-related knockout criteria not met,2.50,,,,,,,,No,No,
CAND-2026-0562,Synthetic Candidate 0562,Male,Reference Group,REQ-2026-ENG-G4,2026-01-13,Direct Career Portal,Application Review,Automated job-related knockout criteria not met,3.20,,,,,,,,No,No,
CAND-2026-0563,Synthetic Candidate 0563,Male,Reference Group,REQ-2026-ENG-G4,2026-01-07,Regional Hiring Drive,Application Review,Automated job-related knockout criteria not met,2.70,,,,,,,,No,No,
CAND-2026-0564,Synthetic Candidate 0564,Female,Focal Group,REQ-2026-ENG-G4,2026-01-14,Employee Referral,Application Review,Automated job-related knockout criteria not met,2.20,,,,,,,,No,No,
CAND-2026-0565,Synthetic Candidate 0565,Female,Focal Group,REQ-2026-ENG-G4,2026-01-08,LinkedIn Recruiter,Application Review,Automated job-related knockout criteria not met,2.90,,,,,,,,No,No,
CAND-2026-0566,Synthetic Candidate 0566,Male,Reference Group,REQ-2026-ENG-G4,2026-01-15,Skills Academy,Application Review,Automated job-related knockout criteria not met,2.40,,,,,,,,No,No,
CAND-2026-0567,Synthetic Candidate 0567,Male,Reference Group,REQ-2026-ENG-G4,2026-01-09,Direct Career Portal,Application Review,Automated job-related knockout criteria not met,3.10,,,,,,,,No,No,
CAND-2026-0568,Synthetic Candidate 0568,Male,Reference Group,REQ-2026-ENG-G4,2026-01-16,Regional Hiring Drive,Application Review,Automated job-related knockout criteria not met,2.60,,,,,,,,No,No,
CAND-2026-0569,Synthetic Candidate 0569,Female,Focal Group,REQ-2026-ENG-G4,2026-01-10,Employee Referral,Application Review,Automated job-related knockout criteria not met,3.30,,,,,,,,No,No,
CAND-2026-0570,Synthetic Candidate 0570,Female,Focal Group,REQ-2026-ENG-G4,2026-01-17,LinkedIn Recruiter,Application Review,Automated job-related knockout criteria not met,2.80,,,,,,,,No,No,
CAND-2026-0571,Synthetic Candidate 0571,Male,Reference Group,REQ-2026-ENG-G4,2026-01-11,Skills Academy,Application Review,Automated job-related knockout criteria not met,2.30,,,,,,,,No,No,
CAND-2026-0572,Synthetic Candidate 0572,Male,Reference Group,REQ-2026-ENG-G4,2026-01-05,Direct Career Portal,Application Review,Automated job-related knockout criteria not met,3.00,,,,,,,,No,No,
CAND-2026-0573,Synthetic Candidate 0573,Male,Reference Group,REQ-2026-ENG-G4,2026-01-12,Regional Hiring Drive,Application Review,Automated job-related knockout criteria not met,2.50,,,,,,,,No,No,
CAND-2026-0574,Synthetic Candidate 0574,Female,Focal Group,REQ-2026-ENG-G4,2026-01-06,Employee Referral,Application Review,Automated job-related knockout criteria not met,3.20,,,,,,,,No,No,
CAND-2026-0575,Synthetic Candidate 0575,Female,Focal Group,REQ-2026-ENG-G4,2026-01-13,LinkedIn Recruiter,Application Review,Automated job-related knockout criteria not met,2.70,,,,,,,,No,No,
CAND-2026-0576,Synthetic Candidate 0576,Male,Reference Group,REQ-2026-ENG-G4,2026-01-07,Skills Academy,Application Review,Automated job-related knockout criteria not met,2.20,,,,,,,,No,No,
CAND-2026-0577,Synthetic Candidate 0577,Male,Reference Group,REQ-2026-ENG-G4,2026-01-14,Direct Career Portal,Application Review,Automated job-related knockout criteria not met,2.90,,,,,,,,No,No,
CAND-2026-0578,Synthetic Candidate 0578,Male,Reference Group,REQ-2026-ENG-G4,2026-01-08,Regional Hiring Drive,Application Review,Automated job-related knockout criteria not met,2.40,,,,,,,,No,No,
CAND-2026-0579,Synthetic Candidate 0579,Female,Focal Group,REQ-2026-ENG-G4,2026-01-15,Employee Referral,Application Review,Automated job-related knockout criteria not met,3.10,,,,,,,,No,No,
CAND-2026-0580,Synthetic Candidate 0580,Female,Focal Group,REQ-2026-ENG-G4,2026-01-09,LinkedIn Recruiter,Application Review,Automated job-related knockout criteria not met,2.60,,,,,,,,No,No,
CAND-2026-0581,Synthetic Candidate 0581,Male,Reference Group,REQ-2026-ENG-G4,2026-01-16,Skills Academy,Application Review,Automated job-related knockout criteria not met,3.30,,,,,,,,No,No,
CAND-2026-0582,Synthetic Candidate 0582,Male,Reference Group,REQ-2026-ENG-G4,2026-01-10,Direct Career Portal,Application Review,Automated job-related knockout criteria not met,2.80,,,,,,,,No,No,
CAND-2026-0583,Synthetic Candidate 0583,Male,Reference Group,REQ-2026-ENG-G4,2026-01-17,Regional Hiring Drive,Application Review,Automated job-related knockout criteria not met,2.30,,,,,,,,No,No,
CAND-2026-0584,Synthetic Candidate 0584,Female,Focal Group,REQ-2026-ENG-G4,2026-01-11,Employee Referral,Application Review,Automated job-related knockout criteria not met,3.00,,,,,,,,No,No,
CAND-2026-0585,Synthetic Candidate 0585,Female,Focal Group,REQ-2026-ENG-G4,2026-01-05,LinkedIn Recruiter,Application Review,Automated job-related knockout criteria not met,2.50,,,,,,,,No,No,
CAND-2026-0586,Synthetic Candidate 0586,Male,Reference Group,REQ-2026-ENG-G4,2026-01-12,Skills Academy,Application Review,Automated job-related knockout criteria not met,3.20,,,,,,,,No,No,
CAND-2026-0587,Synthetic Candidate 0587,Male,Reference Group,REQ-2026-ENG-G4,2026-01-06,Direct Career Portal,Application Review,Automated job-related knockout criteria not met,2.70,,,,,,,,No,No,
CAND-2026-0588,Synthetic Candidate 0588,Male,Reference Group,REQ-2026-ENG-G4,2026-01-13,Regional Hiring Drive,Application Review,Automated job-related knockout criteria not met,2.20,,,,,,,,No,No,
CAND-2026-0589,Synthetic Candidate 0589,Female,Focal Group,REQ-2026-ENG-G4,2026-01-07,Employee Referral,Application Review,Automated job-related knockout criteria not met,2.90,,,,,,,,No,No,
CAND-2026-0590,Synthetic Candidate 0590,Female,Focal Group,REQ-2026-ENG-G4,2026-01-14,LinkedIn Recruiter,Application Review,Automated job-related knockout criteria not met,2.40,,,,,,,,No,No,
CAND-2026-0591,Synthetic Candidate 0591,Male,Reference Group,REQ-2026-ENG-G4,2026-01-08,Skills Academy,Application Review,Automated job-related knockout criteria not met,3.10,,,,,,,,No,No,
CAND-2026-0592,Synthetic Candidate 0592,Male,Reference Group,REQ-2026-ENG-G4,2026-01-15,Direct Career Portal,Application Review,Automated job-related knockout criteria not met,2.60,,,,,,,,No,No,
CAND-2026-0593,Synthetic Candidate 0593,Male,Reference Group,REQ-2026-ENG-G4,2026-01-09,Regional Hiring Drive,Application Review,Automated job-related knockout criteria not met,3.30,,,,,,,,No,No,
CAND-2026-0594,Synthetic Candidate 0594,Female,Focal Group,REQ-2026-ENG-G4,2026-01-16,Employee Referral,Application Review,Automated job-related knockout criteria not met,2.80,,,,,,,,No,No,
CAND-2026-0595,Synthetic Candidate 0595,Female,Focal Group,REQ-2026-ENG-G4,2026-01-10,LinkedIn Recruiter,Application Review,Automated job-related knockout criteria not met,2.30,,,,,,,,No,No,
CAND-2026-0596,Synthetic Candidate 0596,Male,Reference Group,REQ-2026-ENG-G4,2026-01-17,Skills Academy,Application Review,Automated job-related knockout criteria not met,3.00,,,,,,,,No,No,
CAND-2026-0597,Synthetic Candidate 0597,Male,Reference Group,REQ-2026-ENG-G4,2026-01-11,Direct Career Portal,Application Review,Automated job-related knockout criteria not met,2.50,,,,,,,,No,No,
CAND-2026-0598,Synthetic Candidate 0598,Male,Reference Group,REQ-2026-ENG-G4,2026-01-05,Regional Hiring Drive,Application Review,Automated job-related knockout criteria not met,3.20,,,,,,,,No,No,
CAND-2026-0599,Synthetic Candidate 0599,Female,Focal Group,REQ-2026-ENG-G4,2026-01-12,Employee Referral,Application Review,Automated job-related knockout criteria not met,2.70,,,,,,,,No,No,
CAND-2026-0600,Synthetic Candidate 0600,Female,Focal Group,REQ-2026-ENG-G4,2026-01-06,LinkedIn Recruiter,Application Review,Automated job-related knockout criteria not met,2.20,,,,,,,,No,No,
CAND-2026-0601,Synthetic Candidate 0601,Male,Reference Group,REQ-2026-ENG-G4,2026-01-13,Skills Academy,Application Review,Automated job-related knockout criteria not met,2.90,,,,,,,,No,No,
CAND-2026-0602,Synthetic Candidate 0602,Male,Reference Group,REQ-2026-ENG-G4,2026-01-07,Direct Career Portal,Application Review,Automated job-related knockout criteria not met,2.40,,,,,,,,No,No,
CAND-2026-0603,Synthetic Candidate 0603,Male,Reference Group,REQ-2026-ENG-G4,2026-01-14,Regional Hiring Drive,Application Review,Automated job-related knockout criteria not met,3.10,,,,,,,,No,No,
CAND-2026-0604,Synthetic Candidate 0604,Female,Focal Group,REQ-2026-ENG-G4,2026-01-08,Employee Referral,Application Review,Automated job-related knockout criteria not met,2.60,,,,,,,,No,No,
CAND-2026-0605,Synthetic Candidate 0605,Female,Focal Group,REQ-2026-ENG-G4,2026-01-15,LinkedIn Recruiter,Application Review,Automated job-related knockout criteria not met,3.30,,,,,,,,No,No,
CAND-2026-0606,Synthetic Candidate 0606,Male,Reference Group,REQ-2026-ENG-G4,2026-01-09,Skills Academy,Application Review,Automated job-related knockout criteria not met,2.80,,,,,,,,No,No,
CAND-2026-0607,Synthetic Candidate 0607,Male,Reference Group,REQ-2026-ENG-G4,2026-01-16,Direct Career Portal,Application Review,Automated job-related knockout criteria not met,2.30,,,,,,,,No,No,
CAND-2026-0608,Synthetic Candidate 0608,Male,Reference Group,REQ-2026-ENG-G4,2026-01-10,Regional Hiring Drive,Application Review,Automated job-related knockout criteria not met,3.00,,,,,,,,No,No,
CAND-2026-0609,Synthetic Candidate 0609,Female,Focal Group,REQ-2026-ENG-G4,2026-01-17,Employee Referral,Application Review,Automated job-related knockout criteria not met,2.50,,,,,,,,No,No,
CAND-2026-0610,Synthetic Candidate 0610,Female,Focal Group,REQ-2026-ENG-G4,2026-01-11,LinkedIn Recruiter,Application Review,Automated job-related knockout criteria not met,3.20,,,,,,,,No,No,
CAND-2026-0611,Synthetic Candidate 0611,Male,Reference Group,REQ-2026-ENG-G4,2026-01-05,Skills Academy,Application Review,Automated job-related knockout criteria not met,2.70,,,,,,,,No,No,
CAND-2026-0612,Synthetic Candidate 0612,Male,Reference Group,REQ-2026-ENG-G4,2026-01-12,Direct Career Portal,Application Review,Automated job-related knockout criteria not met,2.20,,,,,,,,No,No,
CAND-2026-0613,Synthetic Candidate 0613,Male,Reference Group,REQ-2026-ENG-G4,2026-01-06,Regional Hiring Drive,Application Review,Automated job-related knockout criteria not met,2.90,,,,,,,,No,No,
CAND-2026-0614,Synthetic Candidate 0614,Female,Focal Group,REQ-2026-ENG-G4,2026-01-13,Employee Referral,Application Review,Automated job-related knockout criteria not met,2.40,,,,,,,,No,No,
CAND-2026-0615,Synthetic Candidate 0615,Female,Focal Group,REQ-2026-ENG-G4,2026-01-07,LinkedIn Recruiter,Application Review,Automated job-related knockout criteria not met,3.10,,,,,,,,No,No,
CAND-2026-0616,Synthetic Candidate 0616,Male,Reference Group,REQ-2026-ENG-G4,2026-01-14,Skills Academy,Application Review,Automated job-related knockout criteria not met,2.60,,,,,,,,No,No,
CAND-2026-0617,Synthetic Candidate 0617,Male,Reference Group,REQ-2026-ENG-G4,2026-01-08,Direct Career Portal,Application Review,Automated job-related knockout criteria not met,3.30,,,,,,,,No,No,
CAND-2026-0618,Synthetic Candidate 0618,Male,Reference Group,REQ-2026-ENG-G4,2026-01-15,Regional Hiring Drive,Application Review,Automated job-related knockout criteria not met,2.80,,,,,,,,No,No,
CAND-2026-0619,Synthetic Candidate 0619,Female,Focal Group,REQ-2026-ENG-G4,2026-01-09,Employee Referral,Application Review,Automated job-related knockout criteria not met,2.30,,,,,,,,No,No,
CAND-2026-0620,Synthetic Candidate 0620,Female,Focal Group,REQ-2026-ENG-G4,2026-01-16,LinkedIn Recruiter,Application Review,Automated job-related knockout criteria not met,3.00,,,,,,,,No,No,
CAND-2026-0621,Synthetic Candidate 0621,Male,Reference Group,REQ-2026-ENG-G4,2026-01-10,Skills Academy,Application Review,Automated job-related knockout criteria not met,2.50,,,,,,,,No,No,
CAND-2026-0622,Synthetic Candidate 0622,Male,Reference Group,REQ-2026-ENG-G4,2026-01-17,Direct Career Portal,Application Review,Automated job-related knockout criteria not met,3.20,,,,,,,,No,No,
CAND-2026-0623,Synthetic Candidate 0623,Male,Reference Group,REQ-2026-ENG-G4,2026-01-11,Regional Hiring Drive,Application Review,Automated job-related knockout criteria not met,2.70,,,,,,,,No,No,
CAND-2026-0624,Synthetic Candidate 0624,Female,Focal Group,REQ-2026-ENG-G4,2026-01-05,Employee Referral,Application Review,Automated job-related knockout criteria not met,2.20,,,,,,,,No,No,
CAND-2026-0625,Synthetic Candidate 0625,Female,Focal Group,REQ-2026-ENG-G4,2026-01-12,LinkedIn Recruiter,Application Review,Automated job-related knockout criteria not met,2.90,,,,,,,,No,No,
CAND-2026-0626,Synthetic Candidate 0626,Male,Reference Group,REQ-2026-ENG-G4,2026-01-06,Skills Academy,Application Review,Automated job-related knockout criteria not met,2.40,,,,,,,,No,No,
CAND-2026-0627,Synthetic Candidate 0627,Male,Reference Group,REQ-2026-ENG-G4,2026-01-13,Direct Career Portal,Application Review,Automated job-related knockout criteria not met,3.10,,,,,,,,No,No,
CAND-2026-0628,Synthetic Candidate 0628,Male,Reference Group,REQ-2026-ENG-G4,2026-01-07,Regional Hiring Drive,Application Review,Automated job-related knockout criteria not met,2.60,,,,,,,,No,No,
CAND-2026-0629,Synthetic Candidate 0629,Female,Focal Group,REQ-2026-ENG-G4,2026-01-14,Employee Referral,Application Review,Automated job-related knockout criteria not met,3.30,,,,,,,,No,No,
CAND-2026-0630,Synthetic Candidate 0630,Female,Focal Group,REQ-2026-ENG-G4,2026-01-08,LinkedIn Recruiter,Application Review,Automated job-related knockout criteria not met,2.80,,,,,,,,No,No,
CAND-2026-0631,Synthetic Candidate 0631,Male,Reference Group,REQ-2026-ENG-G4,2026-01-15,Skills Academy,Application Review,Automated job-related knockout criteria not met,2.30,,,,,,,,No,No,
CAND-2026-0632,Synthetic Candidate 0632,Male,Reference Group,REQ-2026-ENG-G4,2026-01-09,Direct Career Portal,Application Review,Automated job-related knockout criteria not met,3.00,,,,,,,,No,No,
CAND-2026-0633,Synthetic Candidate 0633,Male,Reference Group,REQ-2026-ENG-G4,2026-01-16,Regional Hiring Drive,Application Review,Automated job-related knockout criteria not met,2.50,,,,,,,,No,No,
CAND-2026-0634,Synthetic Candidate 0634,Female,Focal Group,REQ-2026-ENG-G4,2026-01-10,Employee Referral,Application Review,Automated job-related knockout criteria not met,3.20,,,,,,,,No,No,
CAND-2026-0635,Synthetic Candidate 0635,Female,Focal Group,REQ-2026-ENG-G4,2026-01-17,LinkedIn Recruiter,Application Review,Automated job-related knockout criteria not met,2.70,,,,,,,,No,No,
CAND-2026-0636,Synthetic Candidate 0636,Male,Reference Group,REQ-2026-ENG-G4,2026-01-11,Skills Academy,Application Review,Automated job-related knockout criteria not met,2.20,,,,,,,,No,No,
CAND-2026-0637,Synthetic Candidate 0637,Male,Reference Group,REQ-2026-ENG-G4,2026-01-05,Direct Career Portal,Application Review,Automated job-related knockout criteria not met,2.90,,,,,,,,No,No,
CAND-2026-0638,Synthetic Candidate 0638,Male,Reference Group,REQ-2026-ENG-G4,2026-01-12,Regional Hiring Drive,Application Review,Automated job-related knockout criteria not met,2.40,,,,,,,,No,No,
CAND-2026-0639,Synthetic Candidate 0639,Female,Focal Group,REQ-2026-ENG-G4,2026-01-06,Employee Referral,Application Review,Automated job-related knockout criteria not met,3.10,,,,,,,,No,No,
CAND-2026-0640,Synthetic Candidate 0640,Female,Focal Group,REQ-2026-ENG-G4,2026-01-13,LinkedIn Recruiter,Application Review,Automated job-related knockout criteria not met,2.60,,,,,,,,No,No,
CAND-2026-0641,Synthetic Candidate 0641,Male,Reference Group,REQ-2026-ENG-G4,2026-01-07,Skills Academy,Application Review,Automated job-related knockout criteria not met,3.30,,,,,,,,No,No,
CAND-2026-0642,Synthetic Candidate 0642,Male,Reference Group,REQ-2026-ENG-G4,2026-01-14,Direct Career Portal,Application Review,Automated job-related knockout criteria not met,2.80,,,,,,,,No,No,
CAND-2026-0643,Synthetic Candidate 0643,Male,Reference Group,REQ-2026-ENG-G4,2026-01-08,Regional Hiring Drive,Application Review,Automated job-related knockout criteria not met,2.30,,,,,,,,No,No,
CAND-2026-0644,Synthetic Candidate 0644,Female,Focal Group,REQ-2026-ENG-G4,2026-01-15,Employee Referral,Application Review,Automated job-related knockout criteria not met,3.00,,,,,,,,No,No,
CAND-2026-0645,Synthetic Candidate 0645,Female,Focal Group,REQ-2026-ENG-G4,2026-01-09,LinkedIn Recruiter,Application Review,Automated job-related knockout criteria not met,2.50,,,,,,,,No,No,
CAND-2026-0646,Synthetic Candidate 0646,Male,Reference Group,REQ-2026-ENG-G4,2026-01-16,Skills Academy,Application Review,Automated job-related knockout criteria not met,3.20,,,,,,,,No,No,
CAND-2026-0647,Synthetic Candidate 0647,Male,Reference Group,REQ-2026-ENG-G4,2026-01-10,Direct Career Portal,Application Review,Automated job-related knockout criteria not met,2.70,,,,,,,,No,No,
CAND-2026-0648,Synthetic Candidate 0648,Male,Reference Group,REQ-2026-ENG-G4,2026-01-17,Regional Hiring Drive,Application Review,Automated job-related knockout criteria not met,2.20,,,,,,,,No,No,
CAND-2026-0649,Synthetic Candidate 0649,Female,Focal Group,REQ-2026-ENG-G4,2026-01-11,Employee Referral,Application Review,Automated job-related knockout criteria not met,2.90,,,,,,,,No,No,
CAND-2026-0650,Synthetic Candidate 0650,Female,Focal Group,REQ-2026-ENG-G4,2026-01-05,LinkedIn Recruiter,Application Review,Automated job-related knockout criteria not met,2.40,,,,,,,,No,No,
CAND-2026-0651,Synthetic Candidate 0651,Male,Reference Group,REQ-2026-ENG-G4,2026-01-12,Skills Academy,Application Review,Automated job-related knockout criteria not met,3.10,,,,,,,,No,No,
CAND-2026-0652,Synthetic Candidate 0652,Male,Reference Group,REQ-2026-ENG-G4,2026-01-06,Direct Career Portal,Application Review,Automated job-related knockout criteria not met,2.60,,,,,,,,No,No,
CAND-2026-0653,Synthetic Candidate 0653,Male,Reference Group,REQ-2026-ENG-G4,2026-01-13,Regional Hiring Drive,Application Review,Automated job-related knockout criteria not met,3.30,,,,,,,,No,No,
CAND-2026-0654,Synthetic Candidate 0654,Female,Focal Group,REQ-2026-ENG-G4,2026-01-07,Employee Referral,Application Review,Automated job-related knockout criteria not met,2.80,,,,,,,,No,No,
CAND-2026-0655,Synthetic Candidate 0655,Female,Focal Group,REQ-2026-ENG-G4,2026-01-14,LinkedIn Recruiter,Application Review,Automated job-related knockout criteria not met,2.30,,,,,,,,No,No,
CAND-2026-0656,Synthetic Candidate 0656,Male,Reference Group,REQ-2026-ENG-G4,2026-01-08,Skills Academy,Application Review,Automated job-related knockout criteria not met,3.00,,,,,,,,No,No,
CAND-2026-0657,Synthetic Candidate 0657,Male,Reference Group,REQ-2026-ENG-G4,2026-01-15,Direct Career Portal,Application Review,Automated job-related knockout criteria not met,2.50,,,,,,,,No,No,
CAND-2026-0658,Synthetic Candidate 0658,Male,Reference Group,REQ-2026-ENG-G4,2026-01-09,Regional Hiring Drive,Application Review,Automated job-related knockout criteria not met,3.20,,,,,,,,No,No,
CAND-2026-0659,Synthetic Candidate 0659,Female,Focal Group,REQ-2026-ENG-G4,2026-01-16,Employee Referral,Application Review,Automated job-related knockout criteria not met,2.70,,,,,,,,No,No,
CAND-2026-0660,Synthetic Candidate 0660,Female,Focal Group,REQ-2026-ENG-G4,2026-01-10,LinkedIn Recruiter,Application Review,Automated job-related knockout criteria not met,2.20,,,,,,,,No,No,
CAND-2026-0661,Synthetic Candidate 0661,Male,Reference Group,REQ-2026-ENG-G4,2026-01-17,Skills Academy,Application Review,Automated job-related knockout criteria not met,2.90,,,,,,,,No,No,
CAND-2026-0662,Synthetic Candidate 0662,Male,Reference Group,REQ-2026-ENG-G4,2026-01-11,Direct Career Portal,Application Review,Automated job-related knockout criteria not met,2.40,,,,,,,,No,No,
CAND-2026-0663,Synthetic Candidate 0663,Male,Reference Group,REQ-2026-ENG-G4,2026-01-05,Regional Hiring Drive,Application Review,Automated job-related knockout criteria not met,3.10,,,,,,,,No,No,
CAND-2026-0664,Synthetic Candidate 0664,Female,Focal Group,REQ-2026-ENG-G4,2026-01-12,Employee Referral,Application Review,Automated job-related knockout criteria not met,2.60,,,,,,,,No,No,
CAND-2026-0665,Synthetic Candidate 0665,Female,Focal Group,REQ-2026-ENG-G4,2026-01-06,LinkedIn Recruiter,Application Review,Automated job-related knockout criteria not met,3.30,,,,,,,,No,No,
CAND-2026-0666,Synthetic Candidate 0666,Male,Reference Group,REQ-2026-ENG-G4,2026-01-13,Skills Academy,Application Review,Automated job-related knockout criteria not met,2.80,,,,,,,,No,No,
CAND-2026-0667,Synthetic Candidate 0667,Male,Reference Group,REQ-2026-ENG-G4,2026-01-07,Direct Career Portal,Application Review,Automated job-related knockout criteria not met,2.30,,,,,,,,No,No,
CAND-2026-0668,Synthetic Candidate 0668,Male,Reference Group,REQ-2026-ENG-G4,2026-01-14,Regional Hiring Drive,Application Review,Automated job-related knockout criteria not met,3.00,,,,,,,,No,No,
CAND-2026-0669,Synthetic Candidate 0669,Female,Focal Group,REQ-2026-ENG-G4,2026-01-08,Employee Referral,Application Review,Automated job-related knockout criteria not met,2.50,,,,,,,,No,No,
CAND-2026-0670,Synthetic Candidate 0670,Female,Focal Group,REQ-2026-ENG-G4,2026-01-15,LinkedIn Recruiter,Application Review,Automated job-related knockout criteria not met,3.20,,,,,,,,No,No,
CAND-2026-0671,Synthetic Candidate 0671,Male,Reference Group,REQ-2026-ENG-G4,2026-01-09,Skills Academy,Application Review,Automated job-related knockout criteria not met,2.70,,,,,,,,No,No,
CAND-2026-0672,Synthetic Candidate 0672,Male,Reference Group,REQ-2026-ENG-G4,2026-01-16,Direct Career Portal,Application Review,Automated job-related knockout criteria not met,2.20,,,,,,,,No,No,
CAND-2026-0673,Synthetic Candidate 0673,Male,Reference Group,REQ-2026-ENG-G4,2026-01-10,Regional Hiring Drive,Application Review,Automated job-related knockout criteria not met,2.90,,,,,,,,No,No,
CAND-2026-0674,Synthetic Candidate 0674,Female,Focal Group,REQ-2026-ENG-G4,2026-01-17,Employee Referral,Application Review,Automated job-related knockout criteria not met,2.40,,,,,,,,No,No,
CAND-2026-0675,Synthetic Candidate 0675,Female,Focal Group,REQ-2026-ENG-G4,2026-01-11,LinkedIn Recruiter,Application Review,Automated job-related knockout criteria not met,3.10,,,,,,,,No,No,
CAND-2026-0676,Synthetic Candidate 0676,Male,Reference Group,REQ-2026-ENG-G4,2026-01-05,Skills Academy,Application Review,Automated job-related knockout criteria not met,2.60,,,,,,,,No,No,
CAND-2026-0677,Synthetic Candidate 0677,Male,Reference Group,REQ-2026-ENG-G4,2026-01-12,Direct Career Portal,Application Review,Automated job-related knockout criteria not met,3.30,,,,,,,,No,No,
CAND-2026-0678,Synthetic Candidate 0678,Male,Reference Group,REQ-2026-ENG-G4,2026-01-06,Regional Hiring Drive,Application Review,Automated job-related knockout criteria not met,2.80,,,,,,,,No,No,
CAND-2026-0679,Synthetic Candidate 0679,Female,Focal Group,REQ-2026-ENG-G4,2026-01-13,Employee Referral,Application Review,Automated job-related knockout criteria not met,2.30,,,,,,,,No,No,
CAND-2026-0680,Synthetic Candidate 0680,Female,Focal Group,REQ-2026-ENG-G4,2026-01-07,LinkedIn Recruiter,Application Review,Automated job-related knockout criteria not met,3.00,,,,,,,,No,No,
CAND-2026-0681,Synthetic Candidate 0681,Male,Reference Group,REQ-2026-ENG-G4,2026-01-14,Skills Academy,Application Review,Automated job-related knockout criteria not met,2.50,,,,,,,,No,No,
CAND-2026-0682,Synthetic Candidate 0682,Male,Reference Group,REQ-2026-ENG-G4,2026-01-08,Direct Career Portal,Application Review,Automated job-related knockout criteria not met,3.20,,,,,,,,No,No,
CAND-2026-0683,Synthetic Candidate 0683,Male,Reference Group,REQ-2026-ENG-G4,2026-01-15,Regional Hiring Drive,Application Review,Automated job-related knockout criteria not met,2.70,,,,,,,,No,No,
CAND-2026-0684,Synthetic Candidate 0684,Female,Focal Group,REQ-2026-ENG-G4,2026-01-09,Employee Referral,Application Review,Automated job-related knockout criteria not met,2.20,,,,,,,,No,No,
CAND-2026-0685,Synthetic Candidate 0685,Female,Focal Group,REQ-2026-ENG-G4,2026-01-16,LinkedIn Recruiter,Application Review,Automated job-related knockout criteria not met,2.90,,,,,,,,No,No,
CAND-2026-0686,Synthetic Candidate 0686,Male,Reference Group,REQ-2026-ENG-G4,2026-01-10,Skills Academy,Application Review,Automated job-related knockout criteria not met,2.40,,,,,,,,No,No,
CAND-2026-0687,Synthetic Candidate 0687,Male,Reference Group,REQ-2026-ENG-G4,2026-01-17,Direct Career Portal,Application Review,Automated job-related knockout criteria not met,3.10,,,,,,,,No,No,
CAND-2026-0688,Synthetic Candidate 0688,Male,Reference Group,REQ-2026-ENG-G4,2026-01-11,Regional Hiring Drive,Application Review,Automated job-related knockout criteria not met,2.60,,,,,,,,No,No,
CAND-2026-0689,Synthetic Candidate 0689,Female,Focal Group,REQ-2026-ENG-G4,2026-01-05,Employee Referral,Application Review,Automated job-related knockout criteria not met,3.30,,,,,,,,No,No,
CAND-2026-0690,Synthetic Candidate 0690,Female,Focal Group,REQ-2026-ENG-G4,2026-01-12,LinkedIn Recruiter,Application Review,Automated job-related knockout criteria not met,2.80,,,,,,,,No,No,
CAND-2026-0691,Synthetic Candidate 0691,Male,Reference Group,REQ-2026-ENG-G4,2026-01-06,Skills Academy,Application Review,Automated job-related knockout criteria not met,2.30,,,,,,,,No,No,
CAND-2026-0692,Synthetic Candidate 0692,Male,Reference Group,REQ-2026-ENG-G4,2026-01-13,Direct Career Portal,Application Review,Automated job-related knockout criteria not met,3.00,,,,,,,,No,No,
CAND-2026-0693,Synthetic Candidate 0693,Male,Reference Group,REQ-2026-ENG-G4,2026-01-07,Regional Hiring Drive,Application Review,Automated job-related knockout criteria not met,2.50,,,,,,,,No,No,
CAND-2026-0694,Synthetic Candidate 0694,Female,Focal Group,REQ-2026-ENG-G4,2026-01-14,Employee Referral,Application Review,Automated job-related knockout criteria not met,3.20,,,,,,,,No,No,
CAND-2026-0695,Synthetic Candidate 0695,Female,Focal Group,REQ-2026-ENG-G4,2026-01-08,LinkedIn Recruiter,Application Review,Automated job-related knockout criteria not met,2.70,,,,,,,,No,No,
CAND-2026-0696,Synthetic Candidate 0696,Male,Reference Group,REQ-2026-ENG-G4,2026-01-15,Skills Academy,Application Review,Automated job-related knockout criteria not met,2.20,,,,,,,,No,No,
CAND-2026-0697,Synthetic Candidate 0697,Male,Reference Group,REQ-2026-ENG-G4,2026-01-09,Direct Career Portal,Application Review,Automated job-related knockout criteria not met,2.90,,,,,,,,No,No,
CAND-2026-0698,Synthetic Candidate 0698,Male,Reference Group,REQ-2026-ENG-G4,2026-01-16,Regional Hiring Drive,Application Review,Automated job-related knockout criteria not met,2.40,,,,,,,,No,No,
CAND-2026-0699,Synthetic Candidate 0699,Female,Focal Group,REQ-2026-ENG-G4,2026-01-10,Employee Referral,Application Review,Automated job-related knockout criteria not met,3.10,,,,,,,,No,No,
CAND-2026-0700,Synthetic Candidate 0700,Female,Focal Group,REQ-2026-ENG-G4,2026-01-17,LinkedIn Recruiter,Application Review,Automated job-related knockout criteria not met,2.60,,,,,,,,No,No,
CAND-2026-0701,Synthetic Candidate 0701,Male,Reference Group,REQ-2026-ENG-G4,2026-01-11,Skills Academy,Application Review,Automated job-related knockout criteria not met,3.30,,,,,,,,No,No,
CAND-2026-0702,Synthetic Candidate 0702,Male,Reference Group,REQ-2026-ENG-G4,2026-01-05,Direct Career Portal,Application Review,Automated job-related knockout criteria not met,2.80,,,,,,,,No,No,
CAND-2026-0703,Synthetic Candidate 0703,Male,Reference Group,REQ-2026-ENG-G4,2026-01-12,Regional Hiring Drive,Application Review,Automated job-related knockout criteria not met,2.30,,,,,,,,No,No,
CAND-2026-0704,Synthetic Candidate 0704,Female,Focal Group,REQ-2026-ENG-G4,2026-01-06,Employee Referral,Application Review,Automated job-related knockout criteria not met,3.00,,,,,,,,No,No,
CAND-2026-0705,Synthetic Candidate 0705,Female,Focal Group,REQ-2026-ENG-G4,2026-01-13,LinkedIn Recruiter,Application Review,Automated job-related knockout criteria not met,2.50,,,,,,,,No,No,
CAND-2026-0706,Synthetic Candidate 0706,Male,Reference Group,REQ-2026-ENG-G4,2026-01-07,Skills Academy,Application Review,Automated job-related knockout criteria not met,3.20,,,,,,,,No,No,
CAND-2026-0707,Synthetic Candidate 0707,Male,Reference Group,REQ-2026-ENG-G4,2026-01-14,Direct Career Portal,Application Review,Automated job-related knockout criteria not met,2.70,,,,,,,,No,No,
CAND-2026-0708,Synthetic Candidate 0708,Male,Reference Group,REQ-2026-ENG-G4,2026-01-08,Regional Hiring Drive,Application Review,Automated job-related knockout criteria not met,2.20,,,,,,,,No,No,
CAND-2026-0709,Synthetic Candidate 0709,Female,Focal Group,REQ-2026-ENG-G4,2026-01-15,Employee Referral,Application Review,Automated job-related knockout criteria not met,2.90,,,,,,,,No,No,
CAND-2026-0710,Synthetic Candidate 0710,Female,Focal Group,REQ-2026-ENG-G4,2026-01-09,LinkedIn Recruiter,Application Review,Automated job-related knockout criteria not met,2.40,,,,,,,,No,No,
CAND-2026-0711,Synthetic Candidate 0711,Male,Reference Group,REQ-2026-ENG-G4,2026-01-16,Skills Academy,Application Review,Automated job-related knockout criteria not met,3.10,,,,,,,,No,No,
CAND-2026-0712,Synthetic Candidate 0712,Male,Reference Group,REQ-2026-ENG-G4,2026-01-10,Direct Career Portal,Application Review,Automated job-related knockout criteria not met,2.60,,,,,,,,No,No,
CAND-2026-0713,Synthetic Candidate 0713,Male,Reference Group,REQ-2026-ENG-G4,2026-01-17,Regional Hiring Drive,Application Review,Automated job-related knockout criteria not met,3.30,,,,,,,,No,No,
CAND-2026-0714,Synthetic Candidate 0714,Female,Focal Group,REQ-2026-ENG-G4,2026-01-11,Employee Referral,Application Review,Automated job-related knockout criteria not met,2.80,,,,,,,,No,No,
CAND-2026-0715,Synthetic Candidate 0715,Female,Focal Group,REQ-2026-ENG-G4,2026-01-05,LinkedIn Recruiter,Application Review,Automated job-related knockout criteria not met,2.30,,,,,,,,No,No,
CAND-2026-0716,Synthetic Candidate 0716,Male,Reference Group,REQ-2026-ENG-G4,2026-01-12,Skills Academy,Application Review,Automated job-related knockout criteria not met,3.00,,,,,,,,No,No,
CAND-2026-0717,Synthetic Candidate 0717,Male,Reference Group,REQ-2026-ENG-G4,2026-01-06,Direct Career Portal,Application Review,Automated job-related knockout criteria not met,2.50,,,,,,,,No,No,
CAND-2026-0718,Synthetic Candidate 0718,Male,Reference Group,REQ-2026-ENG-G4,2026-01-13,Regional Hiring Drive,Application Review,Automated job-related knockout criteria not met,3.20,,,,,,,,No,No,
CAND-2026-0719,Synthetic Candidate 0719,Female,Focal Group,REQ-2026-ENG-G4,2026-01-07,Employee Referral,Application Review,Automated job-related knockout criteria not met,2.70,,,,,,,,No,No,
CAND-2026-0720,Synthetic Candidate 0720,Female,Focal Group,REQ-2026-ENG-G4,2026-01-14,LinkedIn Recruiter,Application Review,Automated job-related knockout criteria not met,2.20,,,,,,,,No,No,
CAND-2026-0721,Synthetic Candidate 0721,Male,Reference Group,REQ-2026-ENG-G4,2026-01-08,Skills Academy,Application Review,Automated job-related knockout criteria not met,2.90,,,,,,,,No,No,
CAND-2026-0722,Synthetic Candidate 0722,Male,Reference Group,REQ-2026-ENG-G4,2026-01-15,Direct Career Portal,Application Review,Automated job-related knockout criteria not met,2.40,,,,,,,,No,No,
CAND-2026-0723,Synthetic Candidate 0723,Male,Reference Group,REQ-2026-ENG-G4,2026-01-09,Regional Hiring Drive,Application Review,Automated job-related knockout criteria not met,3.10,,,,,,,,No,No,
CAND-2026-0724,Synthetic Candidate 0724,Female,Focal Group,REQ-2026-ENG-G4,2026-01-16,Employee Referral,Application Review,Automated job-related knockout criteria not met,2.60,,,,,,,,No,No,
CAND-2026-0725,Synthetic Candidate 0725,Female,Focal Group,REQ-2026-ENG-G4,2026-01-10,LinkedIn Recruiter,Application Review,Automated job-related knockout criteria not met,3.30,,,,,,,,No,No,
CAND-2026-0726,Synthetic Candidate 0726,Male,Reference Group,REQ-2026-ENG-G4,2026-01-17,Skills Academy,Application Review,Automated job-related knockout criteria not met,2.80,,,,,,,,No,No,
CAND-2026-0727,Synthetic Candidate 0727,Male,Reference Group,REQ-2026-ENG-G4,2026-01-11,Direct Career Portal,Application Review,Automated job-related knockout criteria not met,2.30,,,,,,,,No,No,
CAND-2026-0728,Synthetic Candidate 0728,Male,Reference Group,REQ-2026-ENG-G4,2026-01-05,Regional Hiring Drive,Application Review,Automated job-related knockout criteria not met,3.00,,,,,,,,No,No,
CAND-2026-0729,Synthetic Candidate 0729,Female,Focal Group,REQ-2026-ENG-G4,2026-01-12,Employee Referral,Application Review,Automated job-related knockout criteria not met,2.50,,,,,,,,No,No,
CAND-2026-0730,Synthetic Candidate 0730,Female,Focal Group,REQ-2026-ENG-G4,2026-01-06,LinkedIn Recruiter,Application Review,Automated job-related knockout criteria not met,3.20,,,,,,,,No,No,
CAND-2026-0731,Synthetic Candidate 0731,Male,Reference Group,REQ-2026-ENG-G4,2026-01-13,Skills Academy,Application Review,Automated job-related knockout criteria not met,2.70,,,,,,,,No,No,
CAND-2026-0732,Synthetic Candidate 0732,Male,Reference Group,REQ-2026-ENG-G4,2026-01-07,Direct Career Portal,Application Review,Automated job-related knockout criteria not met,2.20,,,,,,,,No,No,
CAND-2026-0733,Synthetic Candidate 0733,Male,Reference Group,REQ-2026-ENG-G4,2026-01-14,Regional Hiring Drive,Application Review,Automated job-related knockout criteria not met,2.90,,,,,,,,No,No,
CAND-2026-0734,Synthetic Candidate 0734,Female,Focal Group,REQ-2026-ENG-G4,2026-01-08,Employee Referral,Application Review,Automated job-related knockout criteria not met,2.40,,,,,,,,No,No,
CAND-2026-0735,Synthetic Candidate 0735,Female,Focal Group,REQ-2026-ENG-G4,2026-01-15,LinkedIn Recruiter,Application Review,Automated job-related knockout criteria not met,3.10,,,,,,,,No,No,
CAND-2026-0736,Synthetic Candidate 0736,Male,Reference Group,REQ-2026-ENG-G4,2026-01-09,Skills Academy,Application Review,Automated job-related knockout criteria not met,2.60,,,,,,,,No,No,
CAND-2026-0737,Synthetic Candidate 0737,Male,Reference Group,REQ-2026-ENG-G4,2026-01-16,Direct Career Portal,Application Review,Automated job-related knockout criteria not met,3.30,,,,,,,,No,No,
CAND-2026-0738,Synthetic Candidate 0738,Male,Reference Group,REQ-2026-ENG-G4,2026-01-10,Regional Hiring Drive,Application Review,Automated job-related knockout criteria not met,2.80,,,,,,,,No,No,
CAND-2026-0739,Synthetic Candidate 0739,Female,Focal Group,REQ-2026-ENG-G4,2026-01-17,Employee Referral,Application Review,Automated job-related knockout criteria not met,2.30,,,,,,,,No,No,
CAND-2026-0740,Synthetic Candidate 0740,Female,Focal Group,REQ-2026-ENG-G4,2026-01-11,LinkedIn Recruiter,Application Review,Automated job-related knockout criteria not met,3.00,,,,,,,,No,No,
CAND-2026-0741,Synthetic Candidate 0741,Male,Reference Group,REQ-2026-ENG-G4,2026-01-05,Skills Academy,Application Review,Automated job-related knockout criteria not met,2.50,,,,,,,,No,No,
CAND-2026-0742,Synthetic Candidate 0742,Male,Reference Group,REQ-2026-ENG-G4,2026-01-12,Direct Career Portal,Application Review,Automated job-related knockout criteria not met,3.20,,,,,,,,No,No,
CAND-2026-0743,Synthetic Candidate 0743,Male,Reference Group,REQ-2026-ENG-G4,2026-01-06,Regional Hiring Drive,Application Review,Automated job-related knockout criteria not met,2.70,,,,,,,,No,No,
CAND-2026-0744,Synthetic Candidate 0744,Female,Focal Group,REQ-2026-ENG-G4,2026-01-13,Employee Referral,Application Review,Automated job-related knockout criteria not met,2.20,,,,,,,,No,No,
CAND-2026-0745,Synthetic Candidate 0745,Female,Focal Group,REQ-2026-ENG-G4,2026-01-07,LinkedIn Recruiter,Application Review,Automated job-related knockout criteria not met,2.90,,,,,,,,No,No,
CAND-2026-0746,Synthetic Candidate 0746,Male,Reference Group,REQ-2026-ENG-G4,2026-01-14,Skills Academy,Application Review,Automated job-related knockout criteria not met,2.40,,,,,,,,No,No,
CAND-2026-0747,Synthetic Candidate 0747,Male,Reference Group,REQ-2026-ENG-G4,2026-01-08,Direct Career Portal,Application Review,Automated job-related knockout criteria not met,3.10,,,,,,,,No,No,
CAND-2026-0748,Synthetic Candidate 0748,Male,Reference Group,REQ-2026-ENG-G4,2026-01-15,Regional Hiring Drive,Application Review,Automated job-related knockout criteria not met,2.60,,,,,,,,No,No,
CAND-2026-0749,Synthetic Candidate 0749,Female,Focal Group,REQ-2026-ENG-G4,2026-01-09,Employee Referral,Application Review,Automated job-related knockout criteria not met,3.30,,,,,,,,No,No,
CAND-2026-0750,Synthetic Candidate 0750,Female,Focal Group,REQ-2026-ENG-G4,2026-01-16,LinkedIn Recruiter,Application Review,Automated job-related knockout criteria not met,2.80,,,,,,,,No,No,
CAND-2026-0751,Synthetic Candidate 0751,Male,Reference Group,REQ-2026-ENG-G4,2026-01-10,Skills Academy,Application Review,Automated job-related knockout criteria not met,2.30,,,,,,,,No,No,
CAND-2026-0752,Synthetic Candidate 0752,Male,Reference Group,REQ-2026-ENG-G4,2026-01-17,Direct Career Portal,Application Review,Automated job-related knockout criteria not met,3.00,,,,,,,,No,No,
CAND-2026-0753,Synthetic Candidate 0753,Male,Reference Group,REQ-2026-ENG-G4,2026-01-11,Regional Hiring Drive,Application Review,Automated job-related knockout criteria not met,2.50,,,,,,,,No,No,
CAND-2026-0754,Synthetic Candidate 0754,Female,Focal Group,REQ-2026-ENG-G4,2026-01-05,Employee Referral,Application Review,Automated job-related knockout criteria not met,3.20,,,,,,,,No,No,
CAND-2026-0755,Synthetic Candidate 0755,Female,Focal Group,REQ-2026-ENG-G4,2026-01-12,LinkedIn Recruiter,Application Review,Automated job-related knockout criteria not met,2.70,,,,,,,,No,No,
CAND-2026-0756,Synthetic Candidate 0756,Male,Reference Group,REQ-2026-ENG-G4,2026-01-06,Skills Academy,Application Review,Automated job-related knockout criteria not met,2.20,,,,,,,,No,No,
CAND-2026-0757,Synthetic Candidate 0757,Male,Reference Group,REQ-2026-ENG-G4,2026-01-13,Direct Career Portal,Application Review,Automated job-related knockout criteria not met,2.90,,,,,,,,No,No,
CAND-2026-0758,Synthetic Candidate 0758,Male,Reference Group,REQ-2026-ENG-G4,2026-01-07,Regional Hiring Drive,Application Review,Automated job-related knockout criteria not met,2.40,,,,,,,,No,No,
CAND-2026-0759,Synthetic Candidate 0759,Female,Focal Group,REQ-2026-ENG-G4,2026-01-14,Employee Referral,Application Review,Automated job-related knockout criteria not met,3.10,,,,,,,,No,No,
CAND-2026-0760,Synthetic Candidate 0760,Female,Focal Group,REQ-2026-ENG-G4,2026-01-08,LinkedIn Recruiter,Application Review,Automated job-related knockout criteria not met,2.60,,,,,,,,No,No,
CAND-2026-0761,Synthetic Candidate 0761,Male,Reference Group,REQ-2026-ENG-G4,2026-01-15,Skills Academy,Application Review,Automated job-related knockout criteria not met,3.30,,,,,,,,No,No,
CAND-2026-0762,Synthetic Candidate 0762,Male,Reference Group,REQ-2026-ENG-G4,2026-01-09,Direct Career Portal,Application Review,Automated job-related knockout criteria not met,2.80,,,,,,,,No,No,
CAND-2026-0763,Synthetic Candidate 0763,Male,Reference Group,REQ-2026-ENG-G4,2026-01-16,Regional Hiring Drive,Application Review,Automated job-related knockout criteria not met,2.30,,,,,,,,No,No,
CAND-2026-0764,Synthetic Candidate 0764,Female,Focal Group,REQ-2026-ENG-G4,2026-01-10,Employee Referral,Application Review,Automated job-related knockout criteria not met,3.00,,,,,,,,No,No,
CAND-2026-0765,Synthetic Candidate 0765,Female,Focal Group,REQ-2026-ENG-G4,2026-01-17,LinkedIn Recruiter,Application Review,Automated job-related knockout criteria not met,2.50,,,,,,,,No,No,
CAND-2026-0766,Synthetic Candidate 0766,Male,Reference Group,REQ-2026-ENG-G4,2026-01-11,Skills Academy,Application Review,Automated job-related knockout criteria not met,3.20,,,,,,,,No,No,
CAND-2026-0767,Synthetic Candidate 0767,Male,Reference Group,REQ-2026-ENG-G4,2026-01-05,Direct Career Portal,Application Review,Automated job-related knockout criteria not met,2.70,,,,,,,,No,No,
CAND-2026-0768,Synthetic Candidate 0768,Male,Reference Group,REQ-2026-ENG-G4,2026-01-12,Regional Hiring Drive,Application Review,Automated job-related knockout criteria not met,2.20,,,,,,,,No,No,
CAND-2026-0769,Synthetic Candidate 0769,Female,Focal Group,REQ-2026-ENG-G4,2026-01-06,Employee Referral,Application Review,Automated job-related knockout criteria not met,2.90,,,,,,,,No,No,
CAND-2026-0770,Synthetic Candidate 0770,Female,Focal Group,REQ-2026-ENG-G4,2026-01-13,LinkedIn Recruiter,Application Review,Automated job-related knockout criteria not met,2.40,,,,,,,,No,No,
CAND-2026-0771,Synthetic Candidate 0771,Male,Reference Group,REQ-2026-ENG-G4,2026-01-07,Skills Academy,Application Review,Automated job-related knockout criteria not met,3.10,,,,,,,,No,No,
CAND-2026-0772,Synthetic Candidate 0772,Male,Reference Group,REQ-2026-ENG-G4,2026-01-14,Direct Career Portal,Application Review,Automated job-related knockout criteria not met,2.60,,,,,,,,No,No,
CAND-2026-0773,Synthetic Candidate 0773,Male,Reference Group,REQ-2026-ENG-G4,2026-01-08,Regional Hiring Drive,Application Review,Automated job-related knockout criteria not met,3.30,,,,,,,,No,No,
CAND-2026-0774,Synthetic Candidate 0774,Female,Focal Group,REQ-2026-ENG-G4,2026-01-15,Employee Referral,Application Review,Automated job-related knockout criteria not met,2.80,,,,,,,,No,No,
CAND-2026-0775,Synthetic Candidate 0775,Female,Focal Group,REQ-2026-ENG-G4,2026-01-09,LinkedIn Recruiter,Application Review,Automated job-related knockout criteria not met,2.30,,,,,,,,No,No,
CAND-2026-0776,Synthetic Candidate 0776,Male,Reference Group,REQ-2026-ENG-G4,2026-01-16,Skills Academy,Application Review,Automated job-related knockout criteria not met,3.00,,,,,,,,No,No,
CAND-2026-0777,Synthetic Candidate 0777,Male,Reference Group,REQ-2026-ENG-G4,2026-01-10,Direct Career Portal,Application Review,Automated job-related knockout criteria not met,2.50,,,,,,,,No,No,
CAND-2026-0778,Synthetic Candidate 0778,Male,Reference Group,REQ-2026-ENG-G4,2026-01-17,Regional Hiring Drive,Application Review,Automated job-related knockout criteria not met,3.20,,,,,,,,No,No,
CAND-2026-0779,Synthetic Candidate 0779,Female,Focal Group,REQ-2026-ENG-G4,2026-01-11,Employee Referral,Application Review,Automated job-related knockout criteria not met,2.70,,,,,,,,No,No,
CAND-2026-0780,Synthetic Candidate 0780,Female,Focal Group,REQ-2026-ENG-G4,2026-01-05,LinkedIn Recruiter,Application Review,Automated job-related knockout criteria not met,2.20,,,,,,,,No,No,
CAND-2026-0781,Synthetic Candidate 0781,Male,Reference Group,REQ-2026-ENG-G4,2026-01-12,Skills Academy,Application Review,Automated job-related knockout criteria not met,2.90,,,,,,,,No,No,
CAND-2026-0782,Synthetic Candidate 0782,Male,Reference Group,REQ-2026-ENG-G4,2026-01-06,Direct Career Portal,Application Review,Automated job-related knockout criteria not met,2.40,,,,,,,,No,No,
CAND-2026-0783,Synthetic Candidate 0783,Male,Reference Group,REQ-2026-ENG-G4,2026-01-13,Regional Hiring Drive,Application Review,Automated job-related knockout criteria not met,3.10,,,,,,,,No,No,
CAND-2026-0784,Synthetic Candidate 0784,Female,Focal Group,REQ-2026-ENG-G4,2026-01-07,Employee Referral,Application Review,Automated job-related knockout criteria not met,2.60,,,,,,,,No,No,
CAND-2026-0785,Synthetic Candidate 0785,Female,Focal Group,REQ-2026-ENG-G4,2026-01-14,LinkedIn Recruiter,Application Review,Automated job-related knockout criteria not met,3.30,,,,,,,,No,No,
CAND-2026-0786,Synthetic Candidate 0786,Male,Reference Group,REQ-2026-ENG-G4,2026-01-08,Skills Academy,Application Review,Automated job-related knockout criteria not met,2.80,,,,,,,,No,No,
CAND-2026-0787,Synthetic Candidate 0787,Male,Reference Group,REQ-2026-ENG-G4,2026-01-15,Direct Career Portal,Application Review,Automated job-related knockout criteria not met,2.30,,,,,,,,No,No,
CAND-2026-0788,Synthetic Candidate 0788,Male,Reference Group,REQ-2026-ENG-G4,2026-01-09,Regional Hiring Drive,Application Review,Automated job-related knockout criteria not met,3.00,,,,,,,,No,No,
CAND-2026-0789,Synthetic Candidate 0789,Female,Focal Group,REQ-2026-ENG-G4,2026-01-16,Employee Referral,Application Review,Automated job-related knockout criteria not met,2.50,,,,,,,,No,No,
CAND-2026-0790,Synthetic Candidate 0790,Female,Focal Group,REQ-2026-ENG-G4,2026-01-10,LinkedIn Recruiter,Application Review,Automated job-related knockout criteria not met,3.20,,,,,,,,No,No,
CAND-2026-0791,Synthetic Candidate 0791,Male,Reference Group,REQ-2026-ENG-G4,2026-01-17,Skills Academy,Application Review,Automated job-related knockout criteria not met,2.70,,,,,,,,No,No,
CAND-2026-0792,Synthetic Candidate 0792,Male,Reference Group,REQ-2026-ENG-G4,2026-01-11,Direct Career Portal,Application Review,Automated job-related knockout criteria not met,2.20,,,,,,,,No,No,
CAND-2026-0793,Synthetic Candidate 0793,Male,Reference Group,REQ-2026-ENG-G4,2026-01-05,Regional Hiring Drive,Application Review,Automated job-related knockout criteria not met,2.90,,,,,,,,No,No,
CAND-2026-0794,Synthetic Candidate 0794,Female,Focal Group,REQ-2026-ENG-G4,2026-01-12,Employee Referral,Application Review,Automated job-related knockout criteria not met,2.40,,,,,,,,No,No,
CAND-2026-0795,Synthetic Candidate 0795,Female,Focal Group,REQ-2026-ENG-G4,2026-01-06,LinkedIn Recruiter,Application Review,Automated job-related knockout criteria not met,3.10,,,,,,,,No,No,
CAND-2026-0796,Synthetic Candidate 0796,Male,Reference Group,REQ-2026-ENG-G4,2026-01-13,Skills Academy,Application Review,Automated job-related knockout criteria not met,2.60,,,,,,,,No,No,
CAND-2026-0797,Synthetic Candidate 0797,Male,Reference Group,REQ-2026-ENG-G4,2026-01-07,Direct Career Portal,Application Review,Automated job-related knockout criteria not met,3.30,,,,,,,,No,No,
CAND-2026-0798,Synthetic Candidate 0798,Male,Reference Group,REQ-2026-ENG-G4,2026-01-14,Regional Hiring Drive,Application Review,Automated job-related knockout criteria not met,2.80,,,,,,,,No,No,
CAND-2026-0799,Synthetic Candidate 0799,Female,Focal Group,REQ-2026-ENG-G4,2026-01-08,Employee Referral,Application Review,Automated job-related knockout criteria not met,2.30,,,,,,,,No,No,
CAND-2026-0800,Synthetic Candidate 0800,Female,Focal Group,REQ-2026-ENG-G4,2026-01-15,LinkedIn Recruiter,Application Review,Automated job-related knockout criteria not met,3.00,,,,,,,,No,No,
CAND-2026-0801,Synthetic Candidate 0801,Male,Reference Group,REQ-2026-ENG-G1,2026-01-17,Skills Academy,Hired,Selected - highest governed composite,4.10,4.30,4.80,4.65,4.60,4.70,4.40,-0.30,Yes,Yes,2026-02-01
CAND-2026-0802,Synthetic Candidate 0802,Male,Reference Group,REQ-2026-ENG-G1,2026-01-11,Direct Career Portal,Hired,Selected - highest governed composite,3.40,3.80,4.60,4.63,4.80,4.65,5.00,0.35,Yes,Yes,2026-02-01
CAND-2026-0803,Synthetic Candidate 0803,Male,Reference Group,REQ-2026-ENG-G1,2026-01-18,Regional Hiring Drive,Hired,Selected - highest governed composite,4.10,3.30,4.90,4.60,4.50,4.70,5.00,0.30,Yes,Yes,2026-02-01
CAND-2026-0804,Synthetic Candidate 0804,Female,Focal Group,REQ-2026-ENG-G1,2026-01-12,Employee Referral,Hired,Selected - highest governed composite,3.40,4.40,4.80,4.65,4.60,4.70,5.00,0.30,Yes,Yes,2026-02-01
CAND-2026-0805,Synthetic Candidate 0805,Female,Focal Group,REQ-2026-ENG-G1,2026-01-19,LinkedIn Recruiter,Hired,Selected - highest governed composite,4.10,3.90,4.60,4.63,4.80,4.65,4.85,0.20,Yes,Yes,2026-02-01
CAND-2026-0806,Synthetic Candidate 0806,Male,Reference Group,REQ-2026-ENG-G1,2026-01-13,Skills Academy,Hired,Selected - highest governed composite,3.40,3.40,4.70,4.58,4.70,4.65,4.75,0.10,Yes,Yes,2026-02-01
CAND-2026-0807,Synthetic Candidate 0807,Male,Reference Group,REQ-2026-ENG-G1,2026-01-20,Direct Career Portal,Hired,Selected - highest governed composite,4.10,4.50,4.50,4.55,4.40,4.50,4.50,0.00,Yes,Yes,2026-02-01
CAND-2026-0808,Synthetic Candidate 0808,Male,Reference Group,REQ-2026-ENG-G1,2026-01-14,Regional Hiring Drive,Hired,Selected - highest governed composite,3.40,4.00,4.80,4.65,4.60,4.70,4.60,-0.10,Yes,Yes,2026-02-01
CAND-2026-0809,Synthetic Candidate 0809,Female,Focal Group,REQ-2026-ENG-G1,2026-01-21,Employee Referral,Hired,Selected - highest governed composite,4.10,3.50,4.90,4.60,4.50,4.70,4.50,-0.20,Yes,Yes,2026-02-01
CAND-2026-0810,Synthetic Candidate 0810,Female,Focal Group,REQ-2026-ENG-G1,2026-01-15,LinkedIn Recruiter,Hired,Selected - highest governed composite,3.40,4.60,4.70,4.58,4.70,4.65,4.35,-0.30,Yes,Yes,2026-02-01
CAND-2026-0811,Synthetic Candidate 0811,Male,Reference Group,REQ-2026-ENG-G1,2026-01-22,Skills Academy,Hired,Selected - highest governed composite,4.10,4.10,4.60,4.63,4.80,4.65,5.00,0.35,Yes,Yes,2026-02-01
CAND-2026-0812,Synthetic Candidate 0812,Male,Reference Group,REQ-2026-ENG-G1,2026-01-16,Direct Career Portal,Hired,Selected - highest governed composite,3.40,3.60,4.90,4.60,4.50,4.70,5.00,0.30,Yes,Yes,2026-02-01
CAND-2026-0813,Synthetic Candidate 0813,Male,Reference Group,REQ-2026-ENG-G1,2026-01-10,Regional Hiring Drive,Hired,Selected - highest governed composite,4.10,4.70,4.70,4.58,4.70,4.65,4.95,0.30,Yes,Yes,2026-02-01
CAND-2026-0814,Synthetic Candidate 0814,Female,Focal Group,REQ-2026-ENG-G1,2026-01-17,Employee Referral,Hired,Selected - highest governed composite,3.40,4.20,4.50,4.55,4.40,4.50,4.70,0.20,Yes,Yes,2026-02-01
CAND-2026-0815,Synthetic Candidate 0815,Female,Focal Group,REQ-2026-ENG-G1,2026-01-11,LinkedIn Recruiter,Hired,Selected - highest governed composite,4.10,3.70,4.80,4.65,4.60,4.70,4.80,0.10,Yes,Yes,2026-02-01
CAND-2026-0816,Synthetic Candidate 0816,Male,Reference Group,REQ-2026-ENG-G1,2026-01-18,Skills Academy,Hired,Selected - highest governed composite,3.40,3.20,4.50,4.55,4.40,4.50,4.50,0.00,Yes,Yes,2026-02-01
CAND-2026-0817,Synthetic Candidate 0817,Male,Reference Group,REQ-2026-ENG-G1,2026-01-12,Direct Career Portal,Hired,Selected - highest governed composite,4.10,4.30,4.80,4.65,4.60,4.70,4.60,-0.10,Yes,Yes,2026-02-01
CAND-2026-0818,Synthetic Candidate 0818,Male,Reference Group,REQ-2026-ENG-G1,2026-01-19,Regional Hiring Drive,Hired,Selected - highest governed composite,3.40,3.80,4.60,4.63,4.80,4.65,4.45,-0.20,Yes,Yes,2026-02-01
CAND-2026-0819,Synthetic Candidate 0819,Female,Focal Group,REQ-2026-ENG-G1,2026-01-13,Employee Referral,Hired,Selected - highest governed composite,4.10,3.30,4.60,4.63,4.80,4.65,4.35,-0.30,Yes,Yes,2026-02-01
CAND-2026-0820,Synthetic Candidate 0820,Female,Focal Group,REQ-2026-ENG-G1,2026-01-20,LinkedIn Recruiter,Hired,Selected - highest governed composite,3.40,4.40,4.90,4.60,4.50,4.70,5.00,0.30,Yes,Yes,2026-02-01
CAND-2026-0821,Synthetic Candidate 0821,Male,Reference Group,REQ-2026-ENG-G1,2026-01-14,Skills Academy,Hired,Selected - highest governed composite,4.10,3.90,4.90,4.60,4.50,4.70,5.00,0.30,Yes,Yes,2026-02-01
CAND-2026-0822,Synthetic Candidate 0822,Male,Reference Group,REQ-2026-ENG-G1,2026-01-21,Direct Career Portal,Hired,Selected - highest governed composite,3.40,3.40,4.70,4.58,4.70,4.65,4.95,0.30,Yes,Yes,2026-02-01
CAND-2026-0823,Synthetic Candidate 0823,Male,Reference Group,REQ-2026-ENG-G1,2026-01-15,Regional Hiring Drive,Hired,Selected - highest governed composite,4.10,4.50,4.50,4.55,4.40,4.50,4.70,0.20,Yes,Yes,2026-02-01
CAND-2026-0824,Synthetic Candidate 0824,Female,Focal Group,REQ-2026-ENG-G1,2026-01-22,Employee Referral,Hired,Selected - highest governed composite,3.40,4.00,4.70,4.58,4.70,4.65,4.75,0.10,Yes,Yes,2026-02-01
CAND-2026-0825,Synthetic Candidate 0825,Female,Focal Group,REQ-2026-ENG-G1,2026-01-16,LinkedIn Recruiter,Hired,Selected - highest governed composite,4.10,3.50,4.50,4.55,4.40,4.50,4.50,0.00,Yes,Yes,2026-02-01
CAND-2026-0826,Synthetic Candidate 0826,Male,Reference Group,REQ-2026-ENG-G1,2026-01-10,Skills Academy,Hired,Selected - highest governed composite,3.40,4.60,4.80,4.65,4.60,4.70,4.60,-0.10,Yes,Yes,2026-02-01
CAND-2026-0827,Synthetic Candidate 0827,Male,Reference Group,REQ-2026-ENG-G1,2026-01-17,Direct Career Portal,Hired,Selected - highest governed composite,4.10,4.10,4.60,4.63,4.80,4.65,4.45,-0.20,Yes,Yes,2026-02-01
CAND-2026-0828,Synthetic Candidate 0828,Male,Reference Group,REQ-2026-ENG-G1,2026-01-11,Regional Hiring Drive,Hired,Selected - highest governed composite,3.40,3.60,4.90,4.60,4.50,4.70,4.40,-0.30,Yes,Yes,2026-02-01
CAND-2026-0829,Synthetic Candidate 0829,Female,Focal Group,REQ-2026-ENG-G1,2026-01-18,Employee Referral,Hired,Selected - highest governed composite,4.10,4.70,4.80,4.65,4.60,4.70,5.00,0.30,Yes,Yes,2026-02-01
CAND-2026-0830,Synthetic Candidate 0830,Female,Focal Group,REQ-2026-ENG-G1,2026-01-12,LinkedIn Recruiter,Hired,Selected - highest governed composite,3.40,4.20,4.60,4.63,4.80,4.65,5.00,0.35,Yes,Yes,2026-02-01
CAND-2026-0831,Synthetic Candidate 0831,Male,Reference Group,REQ-2026-ENG-G1,2026-01-19,Skills Academy,Hired,Selected - highest governed composite,4.10,3.70,4.70,4.58,4.70,4.65,4.95,0.30,Yes,Yes,2026-02-01
CAND-2026-0832,Synthetic Candidate 0832,Male,Reference Group,REQ-2026-ENG-G1,2026-01-13,Direct Career Portal,Hired,Selected - highest governed composite,3.40,3.20,4.50,4.55,4.40,4.50,4.70,0.20,Yes,Yes,2026-02-01
CAND-2026-0833,Synthetic Candidate 0833,Male,Reference Group,REQ-2026-ENG-G1,2026-01-20,Regional Hiring Drive,Hired,Selected - highest governed composite,4.10,4.30,4.80,4.65,4.60,4.70,4.80,0.10,Yes,Yes,2026-02-01
CAND-2026-0834,Synthetic Candidate 0834,Female,Focal Group,REQ-2026-ENG-G1,2026-01-14,Employee Referral,Hired,Selected - highest governed composite,3.40,3.80,4.90,4.60,4.50,4.70,4.70,0.00,Yes,Yes,2026-02-01
CAND-2026-0835,Synthetic Candidate 0835,Female,Focal Group,REQ-2026-ENG-G1,2026-01-21,LinkedIn Recruiter,Hired,Selected - highest governed composite,4.10,3.30,4.70,4.58,4.70,4.65,4.55,-0.10,Yes,Yes,2026-02-01
CAND-2026-0836,Synthetic Candidate 0836,Male,Reference Group,REQ-2026-ENG-G1,2026-01-15,Skills Academy,Hired,Selected - highest governed composite,3.40,4.40,4.60,4.63,4.80,4.65,4.45,-0.20,Yes,Yes,2026-02-01
CAND-2026-0837,Synthetic Candidate 0837,Male,Reference Group,REQ-2026-ENG-G1,2026-01-22,Direct Career Portal,Hired,Selected - highest governed composite,4.10,3.90,4.90,4.60,4.50,4.70,4.40,-0.30,Yes,Yes,2026-02-01
CAND-2026-0838,Synthetic Candidate 0838,Male,Reference Group,REQ-2026-ENG-G1,2026-01-16,Regional Hiring Drive,Hired,Selected - highest governed composite,3.40,3.40,4.70,4.58,4.70,4.65,5.00,0.35,Yes,Yes,2026-02-01
CAND-2026-0839,Synthetic Candidate 0839,Female,Focal Group,REQ-2026-ENG-G1,2026-01-10,Employee Referral,Hired,Selected - highest governed composite,4.10,4.50,4.50,4.55,4.40,4.50,4.90,0.40,Yes,Yes,2026-02-01
CAND-2026-0840,Synthetic Candidate 0840,Female,Focal Group,REQ-2026-ENG-G1,2026-01-17,LinkedIn Recruiter,Hired,Selected - highest governed composite,3.40,4.00,4.80,4.65,4.60,4.70,5.00,0.30,Yes,Yes,2026-02-01
CAND-2026-0841,Synthetic Candidate 0841,Male,Reference Group,REQ-2026-ENG-G1,2026-01-11,Skills Academy,Hired,Selected - highest governed composite,4.10,3.50,4.50,4.55,4.40,4.50,4.70,0.20,Yes,Yes,2026-02-01
CAND-2026-0842,Synthetic Candidate 0842,Male,Reference Group,REQ-2026-ENG-G1,2026-01-18,Direct Career Portal,Hired,Selected - highest governed composite,3.40,4.60,4.80,4.65,4.60,4.70,4.80,0.10,Yes,Yes,2026-02-01
CAND-2026-0843,Synthetic Candidate 0843,Male,Reference Group,REQ-2026-ENG-G1,2026-01-12,Regional Hiring Drive,Hired,Selected - highest governed composite,4.10,4.10,4.60,4.63,4.80,4.65,4.65,0.00,Yes,Yes,2026-02-01
CAND-2026-0844,Synthetic Candidate 0844,Female,Focal Group,REQ-2026-ENG-G1,2026-01-19,Employee Referral,Hired,Selected - highest governed composite,3.40,3.60,4.60,4.63,4.80,4.65,4.55,-0.10,Yes,Yes,2026-02-01
CAND-2026-0845,Synthetic Candidate 0845,Female,Focal Group,REQ-2026-ENG-G1,2026-01-13,LinkedIn Recruiter,Hired,Selected - highest governed composite,4.10,4.70,4.90,4.60,4.50,4.70,4.50,-0.20,Yes,Yes,2026-02-01
CAND-2026-0846,Synthetic Candidate 0846,Male,Reference Group,REQ-2026-ENG-G1,2026-01-20,Skills Academy,Hired,Selected - highest governed composite,3.40,4.20,4.90,4.60,4.50,4.70,4.40,-0.30,Yes,Yes,2026-02-01
CAND-2026-0847,Synthetic Candidate 0847,Male,Reference Group,REQ-2026-ENG-G1,2026-01-14,Direct Career Portal,Hired,Selected - highest governed composite,4.10,3.70,4.70,4.58,4.70,4.65,5.00,0.35,Yes,Yes,2026-02-01
CAND-2026-0848,Synthetic Candidate 0848,Male,Reference Group,REQ-2026-ENG-G1,2026-01-21,Regional Hiring Drive,Hired,Selected - highest governed composite,3.40,3.20,4.50,4.55,4.40,4.50,4.90,0.40,Yes,Yes,2026-02-01
CAND-2026-0849,Synthetic Candidate 0849,Female,Focal Group,REQ-2026-ENG-G1,2026-01-15,Employee Referral,Hired,Selected - highest governed composite,4.10,4.30,4.70,4.58,4.70,4.65,4.95,0.30,Yes,Yes,2026-02-01
CAND-2026-0850,Synthetic Candidate 0850,Female,Focal Group,REQ-2026-ENG-G1,2026-01-22,LinkedIn Recruiter,Hired,Selected - highest governed composite,3.40,3.80,4.50,4.55,4.40,4.50,4.70,0.20,Yes,Yes,2026-02-01
CAND-2026-0851,Synthetic Candidate 0851,Male,Reference Group,REQ-2026-ENG-G1,2026-01-16,Skills Academy,Hired,Selected - highest governed composite,4.10,3.30,4.80,4.65,4.60,4.70,4.80,0.10,Yes,Yes,2026-02-01
CAND-2026-0852,Synthetic Candidate 0852,Male,Reference Group,REQ-2026-ENG-G1,2026-01-10,Direct Career Portal,Hired,Selected - highest governed composite,3.40,4.40,4.60,4.63,4.80,4.65,4.65,0.00,Yes,Yes,2026-02-01
CAND-2026-0853,Synthetic Candidate 0853,Male,Reference Group,REQ-2026-ENG-G1,2026-01-17,Regional Hiring Drive,Hired,Selected - highest governed composite,4.10,3.90,4.90,4.60,4.50,4.70,4.60,-0.10,Yes,Yes,2026-02-01
CAND-2026-0854,Synthetic Candidate 0854,Female,Focal Group,REQ-2026-ENG-G1,2026-01-11,Employee Referral,Hired,Selected - highest governed composite,3.40,3.40,4.80,4.65,4.60,4.70,4.50,-0.20,Yes,Yes,2026-02-01
CAND-2026-0855,Synthetic Candidate 0855,Female,Focal Group,REQ-2026-ENG-G1,2026-01-18,LinkedIn Recruiter,Hired,Selected - highest governed composite,4.10,4.50,4.60,4.63,4.80,4.65,4.35,-0.30,Yes,Yes,2026-02-01
CAND-2026-0856,Synthetic Candidate 0856,Male,Reference Group,REQ-2026-ENG-G1,2026-01-12,Skills Academy,Hired,Selected - highest governed composite,3.40,4.00,4.70,4.58,4.70,4.65,5.00,0.35,Yes,Yes,2026-02-01
CAND-2026-0857,Synthetic Candidate 0857,Male,Reference Group,REQ-2026-ENG-G1,2026-01-19,Direct Career Portal,Hired,Selected - highest governed composite,4.10,3.50,4.50,4.55,4.40,4.50,4.90,0.40,Yes,Yes,2026-02-01
CAND-2026-0858,Synthetic Candidate 0858,Male,Reference Group,REQ-2026-ENG-G1,2026-01-13,Regional Hiring Drive,Hired,Selected - highest governed composite,3.40,4.60,4.80,4.65,4.60,4.70,5.00,0.30,Yes,Yes,2026-02-01
CAND-2026-0859,Synthetic Candidate 0859,Female,Focal Group,REQ-2026-ENG-G1,2026-01-20,Employee Referral,Hired,Selected - highest governed composite,4.10,4.10,4.90,4.60,4.50,4.70,4.90,0.20,Yes,Yes,2026-02-01
CAND-2026-0860,Synthetic Candidate 0860,Female,Focal Group,REQ-2026-ENG-G1,2026-01-14,LinkedIn Recruiter,Hired,Selected - highest governed composite,3.40,3.60,4.70,4.58,4.70,4.65,4.75,0.10,Yes,Yes,2026-02-01
CAND-2026-0861,Synthetic Candidate 0861,Male,Reference Group,REQ-2026-ENG-G1,2026-01-21,Skills Academy,Interview Complete,Composite below requisition threshold,4.10,4.70,3.60,3.65,3.40,3.58,3.58,0.00,No,No,
CAND-2026-0862,Synthetic Candidate 0862,Male,Reference Group,REQ-2026-ENG-G1,2026-01-15,Direct Career Portal,Interview Complete,Composite below requisition threshold,3.40,4.20,4.10,3.83,4.10,3.99,3.89,-0.10,No,No,
CAND-2026-0863,Synthetic Candidate 0863,Male,Reference Group,REQ-2026-ENG-G1,2026-01-22,Regional Hiring Drive,Interview Complete,Composite below requisition threshold,4.10,3.70,3.50,3.73,3.60,3.61,3.41,-0.20,No,No,
CAND-2026-0864,Synthetic Candidate 0864,Female,Focal Group,REQ-2026-ENG-G1,2026-01-16,Employee Referral,Interview Complete,Composite below requisition threshold,3.40,3.20,4.00,3.63,3.10,3.67,3.37,-0.30,No,No,
CAND-2026-0865,Synthetic Candidate 0865,Female,Focal Group,REQ-2026-ENG-G1,2026-01-10,LinkedIn Recruiter,Interview Complete,Composite below requisition threshold,4.10,4.30,3.40,3.53,3.80,3.53,4.03,0.50,No,No,
CAND-2026-0866,Synthetic Candidate 0866,Male,Reference Group,REQ-2026-ENG-G1,2026-01-17,Skills Academy,Interview Complete,Composite below requisition threshold,3.40,3.80,3.90,3.70,3.30,3.70,4.10,0.40,No,No,
CAND-2026-0867,Synthetic Candidate 0867,Male,Reference Group,REQ-2026-ENG-G1,2026-01-11,Direct Career Portal,Interview Complete,Composite below requisition threshold,4.10,3.30,3.30,3.60,4.00,3.56,3.86,0.30,No,No,
CAND-2026-0868,Synthetic Candidate 0868,Male,Reference Group,REQ-2026-ENG-G1,2026-01-18,Regional Hiring Drive,Interview Complete,Composite below requisition threshold,3.40,4.40,3.80,3.78,3.50,3.73,3.93,0.20,No,No,
CAND-2026-0869,Synthetic Candidate 0869,Female,Focal Group,REQ-2026-ENG-G1,2026-01-12,Employee Referral,Interview Complete,Composite below requisition threshold,4.10,3.90,3.20,3.40,4.20,3.48,3.58,0.10,No,No,
CAND-2026-0870,Synthetic Candidate 0870,Female,Focal Group,REQ-2026-ENG-G1,2026-01-19,LinkedIn Recruiter,Interview Complete,Composite below requisition threshold,3.40,3.40,3.70,3.33,3.70,3.55,3.55,0.00,No,No,
CAND-2026-0871,Synthetic Candidate 0871,Male,Reference Group,REQ-2026-ENG-G1,2026-01-13,Skills Academy,Interview Complete,Composite below requisition threshold,4.10,4.50,4.20,3.75,3.20,3.82,3.72,-0.10,No,No,
CAND-2026-0872,Synthetic Candidate 0872,Male,Reference Group,REQ-2026-ENG-G1,2026-01-20,Direct Career Portal,Interview Complete,Composite below requisition threshold,3.40,4.00,3.60,3.65,3.90,3.68,3.48,-0.20,No,No,
CAND-2026-0873,Synthetic Candidate 0873,Male,Reference Group,REQ-2026-ENG-G1,2026-01-14,Regional Hiring Drive,Interview Complete,Composite below requisition threshold,4.10,3.50,4.10,3.83,3.40,3.85,3.55,-0.30,No,No,
CAND-2026-0874,Synthetic Candidate 0874,Female,Focal Group,REQ-2026-ENG-G1,2026-01-21,Employee Referral,Interview Complete,Composite below requisition threshold,3.40,4.60,3.50,3.73,4.10,3.71,4.21,0.50,No,No,
CAND-2026-0875,Synthetic Candidate 0875,Female,Focal Group,REQ-2026-ENG-G1,2026-01-15,LinkedIn Recruiter,Interview Complete,Composite below requisition threshold,4.10,4.10,4.00,3.63,3.60,3.77,4.17,0.40,No,No,
CAND-2026-0876,Synthetic Candidate 0876,Male,Reference Group,REQ-2026-ENG-G1,2026-01-22,Skills Academy,Interview Complete,Composite below requisition threshold,3.40,3.60,3.40,3.53,3.10,3.39,3.69,0.30,No,No,
CAND-2026-0877,Synthetic Candidate 0877,Male,Reference Group,REQ-2026-ENG-G1,2026-01-16,Direct Career Portal,Interview Complete,Composite below requisition threshold,4.10,4.70,3.90,3.70,3.80,3.80,4.00,0.20,No,No,
CAND-2026-0878,Synthetic Candidate 0878,Male,Reference Group,REQ-2026-ENG-G1,2026-01-10,Regional Hiring Drive,Interview Complete,Composite below requisition threshold,3.40,4.20,3.30,3.60,3.30,3.42,3.52,0.10,No,No,
CAND-2026-0879,Synthetic Candidate 0879,Female,Focal Group,REQ-2026-ENG-G1,2026-01-17,Employee Referral,Interview Complete,Composite below requisition threshold,4.10,3.70,3.80,3.78,4.00,3.83,3.83,0.00,No,No,
CAND-2026-0880,Synthetic Candidate 0880,Female,Focal Group,REQ-2026-ENG-G1,2026-01-11,LinkedIn Recruiter,Interview Complete,Composite below requisition threshold,3.40,3.20,3.20,3.15,3.50,3.24,3.14,-0.10,No,No,
CAND-2026-0881,Synthetic Candidate 0881,Male,Reference Group,REQ-2026-ENG-G1,2026-01-18,Skills Academy,Interview Complete,Composite below requisition threshold,4.10,4.30,3.70,3.58,4.20,3.75,3.55,-0.20,No,No,
CAND-2026-0882,Synthetic Candidate 0882,Male,Reference Group,REQ-2026-ENG-G1,2026-01-12,Direct Career Portal,Interview Complete,Composite below requisition threshold,3.40,3.80,4.20,3.75,3.70,3.92,3.62,-0.30,No,No,
CAND-2026-0883,Synthetic Candidate 0883,Male,Reference Group,REQ-2026-ENG-G1,2026-01-19,Regional Hiring Drive,Interview Complete,Composite below requisition threshold,4.10,3.30,3.60,3.65,3.20,3.54,4.04,0.50,No,No,
CAND-2026-0884,Synthetic Candidate 0884,Female,Focal Group,REQ-2026-ENG-G1,2026-01-13,Employee Referral,Interview Complete,Composite below requisition threshold,3.40,4.40,4.10,3.83,3.90,3.95,4.35,0.40,No,No,
CAND-2026-0885,Synthetic Candidate 0885,Female,Focal Group,REQ-2026-ENG-G1,2026-01-20,LinkedIn Recruiter,Interview Complete,Composite below requisition threshold,4.10,3.90,3.50,3.73,3.40,3.57,3.87,0.30,No,No,
CAND-2026-0886,Synthetic Candidate 0886,Male,Reference Group,REQ-2026-ENG-G1,2026-01-14,Skills Academy,Interview Complete,Composite below requisition threshold,3.40,3.40,4.00,3.63,4.10,3.87,4.07,0.20,No,No,
CAND-2026-0887,Synthetic Candidate 0887,Male,Reference Group,REQ-2026-ENG-G1,2026-01-21,Direct Career Portal,Interview Complete,Composite below requisition threshold,4.10,4.50,3.40,3.53,3.60,3.49,3.59,0.10,No,No,
CAND-2026-0888,Synthetic Candidate 0888,Male,Reference Group,REQ-2026-ENG-G1,2026-01-15,Regional Hiring Drive,Interview Complete,Composite below requisition threshold,3.40,4.00,3.90,3.70,3.10,3.66,3.66,0.00,No,No,
CAND-2026-0889,Synthetic Candidate 0889,Female,Focal Group,REQ-2026-ENG-G1,2026-01-22,Employee Referral,Interview Complete,Composite below requisition threshold,4.10,3.50,3.30,3.60,3.80,3.52,3.42,-0.10,No,No,
CAND-2026-0890,Synthetic Candidate 0890,Female,Focal Group,REQ-2026-ENG-G1,2026-01-16,LinkedIn Recruiter,Interview Complete,Composite below requisition threshold,3.40,4.60,3.80,3.53,3.30,3.59,3.39,-0.20,No,No,
CAND-2026-0891,Synthetic Candidate 0891,Male,Reference Group,REQ-2026-ENG-G1,2026-01-10,Skills Academy,Interview Complete,Composite below requisition threshold,4.10,4.10,3.20,3.40,4.00,3.44,3.14,-0.30,No,No,
CAND-2026-0892,Synthetic Candidate 0892,Male,Reference Group,REQ-2026-ENG-G1,2026-01-17,Direct Career Portal,Interview Complete,Composite below requisition threshold,3.40,3.60,3.70,3.58,3.50,3.61,4.11,0.50,No,No,
CAND-2026-0893,Synthetic Candidate 0893,Male,Reference Group,REQ-2026-ENG-G1,2026-01-11,Regional Hiring Drive,Interview Complete,Composite below requisition threshold,4.10,4.70,4.20,3.75,4.20,4.02,4.42,0.40,No,No,
CAND-2026-0894,Synthetic Candidate 0894,Female,Focal Group,REQ-2026-ENG-G1,2026-01-18,Employee Referral,Interview Complete,Composite below requisition threshold,3.40,4.20,3.60,3.65,3.70,3.64,3.94,0.30,No,No,
CAND-2026-0895,Synthetic Candidate 0895,Female,Focal Group,REQ-2026-ENG-G1,2026-01-12,LinkedIn Recruiter,Interview Complete,Composite below requisition threshold,4.10,3.70,4.10,3.83,3.20,3.81,4.01,0.20,No,No,
CAND-2026-0896,Synthetic Candidate 0896,Male,Reference Group,REQ-2026-ENG-G1,2026-01-19,Skills Academy,Interview Complete,Composite below requisition threshold,3.40,3.20,3.50,3.73,3.90,3.67,3.77,0.10,No,No,
CAND-2026-0897,Synthetic Candidate 0897,Male,Reference Group,REQ-2026-ENG-G1,2026-01-13,Direct Career Portal,Interview Complete,Composite below requisition threshold,4.10,4.30,4.00,3.63,3.40,3.73,3.73,0.00,No,No,
CAND-2026-0898,Synthetic Candidate 0898,Male,Reference Group,REQ-2026-ENG-G1,2026-01-20,Regional Hiring Drive,Interview Complete,Composite below requisition threshold,3.40,3.80,3.40,3.53,4.10,3.59,3.49,-0.10,No,No,
CAND-2026-0899,Synthetic Candidate 0899,Female,Focal Group,REQ-2026-ENG-G1,2026-01-14,Employee Referral,Interview Complete,Composite below requisition threshold,4.10,3.30,3.90,3.70,3.60,3.76,3.56,-0.20,No,No,
CAND-2026-0900,Synthetic Candidate 0900,Female,Focal Group,REQ-2026-ENG-G1,2026-01-21,LinkedIn Recruiter,Interview Complete,Composite below requisition threshold,3.40,4.40,3.30,3.35,3.10,3.28,2.98,-0.30,No,No,
CAND-2026-0901,Synthetic Candidate 0901,Male,Reference Group,REQ-2026-ENG-G1,2026-01-15,Skills Academy,Interview Complete,Composite below requisition threshold,4.10,3.90,3.80,3.78,3.80,3.79,4.29,0.50,No,No,
CAND-2026-0902,Synthetic Candidate 0902,Male,Reference Group,REQ-2026-ENG-G1,2026-01-22,Direct Career Portal,Interview Complete,Composite below requisition threshold,3.40,3.40,3.20,3.40,3.30,3.30,3.70,0.40,No,No,
CAND-2026-0903,Synthetic Candidate 0903,Male,Reference Group,REQ-2026-ENG-G1,2026-01-16,Regional Hiring Drive,Interview Complete,Composite below requisition threshold,4.10,4.50,3.70,3.58,4.00,3.71,4.01,0.30,No,No,
CAND-2026-0904,Synthetic Candidate 0904,Female,Focal Group,REQ-2026-ENG-G1,2026-01-10,Employee Referral,Interview Complete,Composite below requisition threshold,3.40,4.00,4.20,3.75,3.50,3.88,4.08,0.20,No,No,
CAND-2026-0905,Synthetic Candidate 0905,Female,Focal Group,REQ-2026-ENG-G1,2026-01-17,LinkedIn Recruiter,Interview Complete,Composite below requisition threshold,4.10,3.50,3.60,3.65,4.20,3.74,3.84,0.10,No,No,
CAND-2026-0906,Synthetic Candidate 0906,Male,Reference Group,REQ-2026-ENG-G1,2026-01-11,Skills Academy,Interview Complete,Composite below requisition threshold,3.40,4.60,4.10,3.83,3.70,3.91,3.91,0.00,No,No,
CAND-2026-0907,Synthetic Candidate 0907,Male,Reference Group,REQ-2026-ENG-G1,2026-01-18,Direct Career Portal,Interview Complete,Composite below requisition threshold,4.10,4.10,3.50,3.73,3.20,3.53,3.43,-0.10,No,No,
CAND-2026-0908,Synthetic Candidate 0908,Male,Reference Group,REQ-2026-ENG-G1,2026-01-12,Regional Hiring Drive,Interview Complete,Composite below requisition threshold,3.40,3.60,4.00,3.63,3.90,3.83,3.63,-0.20,No,No,
CAND-2026-0909,Synthetic Candidate 0909,Female,Focal Group,REQ-2026-ENG-G1,2026-01-19,Employee Referral,Interview Complete,Composite below requisition threshold,4.10,4.70,3.40,3.53,3.40,3.45,3.15,-0.30,No,No,
CAND-2026-0910,Synthetic Candidate 0910,Female,Focal Group,REQ-2026-ENG-G1,2026-01-13,LinkedIn Recruiter,Interview Complete,Composite below requisition threshold,3.40,4.20,3.90,3.45,4.10,3.76,4.26,0.50,No,No,
CAND-2026-0911,Synthetic Candidate 0911,Male,Reference Group,REQ-2026-ENG-G1,2026-01-20,Skills Academy,Interview Complete,Composite below requisition threshold,4.10,3.70,3.30,3.60,3.60,3.48,3.88,0.40,No,No,
CAND-2026-0912,Synthetic Candidate 0912,Male,Reference Group,REQ-2026-ENG-G1,2026-01-14,Direct Career Portal,Interview Complete,Composite below requisition threshold,3.40,3.20,3.80,3.78,3.10,3.65,3.95,0.30,No,No,
CAND-2026-0913,Synthetic Candidate 0913,Male,Reference Group,REQ-2026-ENG-G1,2026-01-21,Regional Hiring Drive,Interview Complete,Composite below requisition threshold,4.10,4.30,3.20,3.40,3.80,3.40,3.60,0.20,No,No,
CAND-2026-0914,Synthetic Candidate 0914,Female,Focal Group,REQ-2026-ENG-G1,2026-01-15,Employee Referral,Interview Complete,Composite below requisition threshold,3.40,3.80,3.70,3.58,3.30,3.57,3.67,0.10,No,No,
CAND-2026-0915,Synthetic Candidate 0915,Female,Focal Group,REQ-2026-ENG-G1,2026-01-22,LinkedIn Recruiter,Interview Complete,Composite below requisition threshold,4.10,3.30,4.20,3.75,4.00,3.98,3.98,0.00,No,No,
CAND-2026-0916,Synthetic Candidate 0916,Male,Reference Group,REQ-2026-ENG-G1,2026-01-16,Skills Academy,Interview Complete,Composite below requisition threshold,3.40,4.40,3.60,3.65,3.50,3.60,3.50,-0.10,No,No,
CAND-2026-0917,Synthetic Candidate 0917,Male,Reference Group,REQ-2026-ENG-G1,2026-01-10,Direct Career Portal,Interview Complete,Composite below requisition threshold,4.10,3.90,4.10,3.83,4.20,4.01,3.81,-0.20,No,No,
CAND-2026-0918,Synthetic Candidate 0918,Male,Reference Group,REQ-2026-ENG-G1,2026-01-17,Regional Hiring Drive,Interview Complete,Composite below requisition threshold,3.40,3.40,3.50,3.73,3.70,3.63,3.33,-0.30,No,No,
CAND-2026-0919,Synthetic Candidate 0919,Female,Focal Group,REQ-2026-ENG-G1,2026-01-11,Employee Referral,Interview Complete,Composite below requisition threshold,4.10,4.50,4.00,3.63,3.20,3.69,4.19,0.50,No,No,
CAND-2026-0920,Synthetic Candidate 0920,Female,Focal Group,REQ-2026-ENG-G1,2026-01-18,LinkedIn Recruiter,Interview Complete,Composite below requisition threshold,3.40,4.00,3.40,3.28,3.90,3.45,3.85,0.40,No,No,
CAND-2026-0921,Synthetic Candidate 0921,Male,Reference Group,REQ-2026-ENG-G1,2026-01-12,Skills Academy,Interview Complete,Composite below requisition threshold,4.10,3.50,3.90,3.70,3.40,3.72,4.02,0.30,No,No,
CAND-2026-0922,Synthetic Candidate 0922,Male,Reference Group,REQ-2026-ENG-G1,2026-01-19,Direct Career Portal,Interview Complete,Composite below requisition threshold,3.40,4.60,3.30,3.60,4.10,3.58,3.78,0.20,No,No,
CAND-2026-0923,Synthetic Candidate 0923,Male,Reference Group,REQ-2026-ENG-G1,2026-01-13,Regional Hiring Drive,Interview Complete,Composite below requisition threshold,4.10,4.10,3.80,3.78,3.60,3.75,3.85,0.10,No,No,
CAND-2026-0924,Synthetic Candidate 0924,Female,Focal Group,REQ-2026-ENG-G1,2026-01-20,Employee Referral,Interview Complete,Composite below requisition threshold,3.40,3.60,3.20,3.40,3.10,3.26,3.26,0.00,No,No,
CAND-2026-0925,Synthetic Candidate 0925,Female,Focal Group,REQ-2026-ENG-G1,2026-01-14,LinkedIn Recruiter,Interview Complete,Composite below requisition threshold,4.10,4.70,3.70,3.58,3.80,3.67,3.57,-0.10,No,No,
CAND-2026-0926,Synthetic Candidate 0926,Male,Reference Group,REQ-2026-ENG-G1,2026-01-21,Skills Academy,Interview Complete,Composite below requisition threshold,3.40,4.20,4.20,3.75,3.30,3.84,3.64,-0.20,No,No,
CAND-2026-0927,Synthetic Candidate 0927,Male,Reference Group,REQ-2026-ENG-G1,2026-01-15,Direct Career Portal,Interview Complete,Composite below requisition threshold,4.10,3.70,3.60,3.65,4.00,3.70,3.40,-0.30,No,No,
CAND-2026-0928,Synthetic Candidate 0928,Male,Reference Group,REQ-2026-ENG-G1,2026-01-22,Regional Hiring Drive,Interview Complete,Composite below requisition threshold,3.40,3.20,4.10,3.83,3.50,3.87,4.37,0.50,No,No,
CAND-2026-0929,Synthetic Candidate 0929,Female,Focal Group,REQ-2026-ENG-G1,2026-01-16,Employee Referral,Interview Complete,Composite below requisition threshold,4.10,4.30,3.50,3.73,4.20,3.73,4.13,0.40,No,No,
CAND-2026-0930,Synthetic Candidate 0930,Female,Focal Group,REQ-2026-ENG-G1,2026-01-10,LinkedIn Recruiter,Interview Complete,Composite below requisition threshold,3.40,3.80,4.00,3.38,3.70,3.69,3.99,0.30,No,No,
CAND-2026-0931,Synthetic Candidate 0931,Male,Reference Group,REQ-2026-ENG-G1,2026-01-17,Skills Academy,Interview Complete,Composite below requisition threshold,4.10,3.30,3.40,3.53,3.20,3.41,3.61,0.20,No,No,
CAND-2026-0932,Synthetic Candidate 0932,Male,Reference Group,REQ-2026-ENG-G1,2026-01-11,Direct Career Portal,Interview Complete,Composite below requisition threshold,3.40,4.40,3.90,3.70,3.90,3.82,3.92,0.10,No,No,
CAND-2026-0933,Synthetic Candidate 0933,Male,Reference Group,REQ-2026-ENG-G1,2026-01-18,Regional Hiring Drive,Interview Complete,Composite below requisition threshold,4.10,3.90,3.30,3.60,3.40,3.44,3.44,0.00,No,No,
CAND-2026-0934,Synthetic Candidate 0934,Female,Focal Group,REQ-2026-ENG-G1,2026-01-12,Employee Referral,Interview Complete,Composite below requisition threshold,3.40,3.40,3.80,3.78,4.10,3.85,3.75,-0.10,No,No,
CAND-2026-0935,Synthetic Candidate 0935,Female,Focal Group,REQ-2026-ENG-G1,2026-01-19,LinkedIn Recruiter,Interview Complete,Composite below requisition threshold,4.10,4.50,3.20,3.40,3.60,3.36,3.16,-0.20,No,No,
CAND-2026-0936,Synthetic Candidate 0936,Male,Reference Group,REQ-2026-ENG-G1,2026-01-13,Skills Academy,Interview Complete,Composite below requisition threshold,3.40,4.00,3.70,3.58,3.10,3.53,3.23,-0.30,No,No,
CAND-2026-0937,Synthetic Candidate 0937,Male,Reference Group,REQ-2026-ENG-G1,2026-01-20,Direct Career Portal,Interview Complete,Composite below requisition threshold,4.10,3.50,4.20,3.75,3.80,3.94,4.44,0.50,No,No,
CAND-2026-0938,Synthetic Candidate 0938,Male,Reference Group,REQ-2026-ENG-G1,2026-01-14,Regional Hiring Drive,Interview Complete,Composite below requisition threshold,3.40,4.60,3.60,3.65,3.30,3.56,3.96,0.40,No,No,
CAND-2026-0939,Synthetic Candidate 0939,Female,Focal Group,REQ-2026-ENG-G1,2026-01-21,Employee Referral,Interview Complete,Composite below requisition threshold,4.10,4.10,4.10,3.83,4.00,3.97,4.27,0.30,No,No,
CAND-2026-0940,Synthetic Candidate 0940,Female,Focal Group,REQ-2026-ENG-G1,2026-01-15,LinkedIn Recruiter,Interview Complete,Composite below requisition threshold,3.40,3.60,3.50,3.48,3.50,3.49,3.69,0.20,No,No,
CAND-2026-0941,Synthetic Candidate 0941,Male,Reference Group,REQ-2026-ENG-G1,2026-01-22,Skills Academy,Interview Complete,Composite below requisition threshold,4.10,4.70,4.00,3.63,4.20,3.89,3.99,0.10,No,No,
CAND-2026-0942,Synthetic Candidate 0942,Male,Reference Group,REQ-2026-ENG-G1,2026-01-16,Direct Career Portal,Interview Complete,Composite below requisition threshold,3.40,4.20,3.40,3.53,3.70,3.51,3.51,0.00,No,No,
CAND-2026-0943,Synthetic Candidate 0943,Male,Reference Group,REQ-2026-ENG-G1,2026-01-10,Regional Hiring Drive,Interview Complete,Composite below requisition threshold,4.10,3.70,3.90,3.70,3.20,3.68,3.58,-0.10,No,No,
CAND-2026-0944,Synthetic Candidate 0944,Female,Focal Group,REQ-2026-ENG-G1,2026-01-17,Employee Referral,Interview Complete,Composite below requisition threshold,3.40,3.20,3.30,3.60,3.90,3.54,3.34,-0.20,No,No,
CAND-2026-0945,Synthetic Candidate 0945,Female,Focal Group,REQ-2026-ENG-G1,2026-01-11,LinkedIn Recruiter,Interview Complete,Composite below requisition threshold,4.10,4.30,3.80,3.78,3.40,3.71,3.41,-0.30,No,No,
CAND-2026-0946,Synthetic Candidate 0946,Male,Reference Group,REQ-2026-ENG-G1,2026-01-18,Skills Academy,Interview Complete,Composite below requisition threshold,3.40,3.80,3.20,3.40,4.10,3.46,3.96,0.50,No,No,
CAND-2026-0947,Synthetic Candidate 0947,Male,Reference Group,REQ-2026-ENG-G1,2026-01-12,Direct Career Portal,Interview Complete,Composite below requisition threshold,4.10,3.30,3.70,3.58,3.60,3.63,4.03,0.40,No,No,
CAND-2026-0948,Synthetic Candidate 0948,Male,Reference Group,REQ-2026-ENG-G1,2026-01-19,Regional Hiring Drive,Interview Complete,Composite below requisition threshold,3.40,4.40,4.20,3.75,3.10,3.80,4.10,0.30,No,No,
CAND-2026-0949,Synthetic Candidate 0949,Female,Focal Group,REQ-2026-ENG-G1,2026-01-13,Employee Referral,Interview Complete,Composite below requisition threshold,4.10,3.90,3.60,3.65,3.80,3.66,3.86,0.20,No,No,
CAND-2026-0950,Synthetic Candidate 0950,Female,Focal Group,REQ-2026-ENG-G1,2026-01-20,LinkedIn Recruiter,Interview Complete,Composite below requisition threshold,3.40,3.40,4.10,3.58,3.30,3.73,3.83,0.10,No,No,
CAND-2026-0951,Synthetic Candidate 0951,Male,Reference Group,REQ-2026-ENG-G1,2026-01-14,Skills Academy,Interview Complete,Composite below requisition threshold,4.10,4.50,3.50,3.73,4.00,3.69,3.69,0.00,No,No,
CAND-2026-0952,Synthetic Candidate 0952,Male,Reference Group,REQ-2026-ENG-G1,2026-01-21,Direct Career Portal,Interview Complete,Composite below requisition threshold,3.40,4.00,4.00,3.63,3.50,3.75,3.65,-0.10,No,No,
CAND-2026-0953,Synthetic Candidate 0953,Male,Reference Group,REQ-2026-ENG-G1,2026-01-15,Regional Hiring Drive,Interview Complete,Composite below requisition threshold,4.10,3.50,3.40,3.53,4.20,3.61,3.41,-0.20,No,No,
CAND-2026-0954,Synthetic Candidate 0954,Female,Focal Group,REQ-2026-ENG-G1,2026-01-22,Employee Referral,Interview Complete,Composite below requisition threshold,3.40,4.60,3.90,3.70,3.70,3.78,3.48,-0.30,No,No,
CAND-2026-0955,Synthetic Candidate 0955,Female,Focal Group,REQ-2026-ENG-G1,2026-01-16,LinkedIn Recruiter,Interview Complete,Composite below requisition threshold,4.10,4.10,3.30,3.60,3.20,3.40,3.90,0.50,No,No,
CAND-2026-0956,Synthetic Candidate 0956,Male,Reference Group,REQ-2026-ENG-G1,2026-01-10,Skills Academy,Interview Complete,Composite below requisition threshold,3.40,3.60,3.80,3.78,3.90,3.81,4.21,0.40,No,No,
CAND-2026-0957,Synthetic Candidate 0957,Male,Reference Group,REQ-2026-ENG-G1,2026-01-17,Direct Career Portal,Interview Complete,Composite below requisition threshold,4.10,4.70,3.20,3.40,3.40,3.32,3.62,0.30,No,No,
CAND-2026-0958,Synthetic Candidate 0958,Male,Reference Group,REQ-2026-ENG-G1,2026-01-11,Regional Hiring Drive,Interview Complete,Composite below requisition threshold,3.40,4.20,3.70,3.58,4.10,3.73,3.93,0.20,No,No,
CAND-2026-0959,Synthetic Candidate 0959,Female,Focal Group,REQ-2026-ENG-G1,2026-01-18,Employee Referral,Interview Complete,Composite below requisition threshold,4.10,3.70,4.20,3.75,3.60,3.90,4.00,0.10,No,No,
CAND-2026-0960,Synthetic Candidate 0960,Female,Focal Group,REQ-2026-ENG-G1,2026-01-12,LinkedIn Recruiter,Interview Complete,Composite below requisition threshold,3.40,3.20,3.60,3.40,3.10,3.42,3.42,0.00,No,No,
CAND-2026-0961,Synthetic Candidate 0961,Male,Reference Group,REQ-2026-ENG-G1,2026-01-19,Skills Academy,Interview Complete,Composite below requisition threshold,4.10,4.30,4.10,3.83,3.80,3.93,3.83,-0.10,No,No,
CAND-2026-0962,Synthetic Candidate 0962,Male,Reference Group,REQ-2026-ENG-G1,2026-01-13,Direct Career Portal,Interview Complete,Composite below requisition threshold,3.40,3.80,3.50,3.73,3.30,3.55,3.35,-0.20,No,No,
CAND-2026-0963,Synthetic Candidate 0963,Male,Reference Group,REQ-2026-ENG-G1,2026-01-20,Regional Hiring Drive,Interview Complete,Composite below requisition threshold,4.10,3.30,4.00,3.63,4.00,3.85,3.55,-0.30,No,No,
CAND-2026-0964,Synthetic Candidate 0964,Female,Focal Group,REQ-2026-ENG-G1,2026-01-14,Employee Referral,Interview Complete,Composite below requisition threshold,3.40,4.40,3.40,3.53,3.50,3.47,3.97,0.50,No,No,
CAND-2026-0965,Synthetic Candidate 0965,Female,Focal Group,REQ-2026-ENG-G1,2026-01-21,LinkedIn Recruiter,Interview Complete,Composite below requisition threshold,4.10,3.90,3.90,3.70,4.20,3.88,4.28,0.40,No,No,
CAND-2026-0966,Synthetic Candidate 0966,Male,Reference Group,REQ-2026-ENG-G1,2026-01-15,Skills Academy,Interview Complete,Composite below requisition threshold,3.40,3.40,3.30,3.60,3.70,3.50,3.80,0.30,No,No,
CAND-2026-0967,Synthetic Candidate 0967,Male,Reference Group,REQ-2026-ENG-G1,2026-01-22,Direct Career Portal,Interview Complete,Composite below requisition threshold,4.10,4.50,3.80,3.78,3.20,3.67,3.87,0.20,No,No,
CAND-2026-0968,Synthetic Candidate 0968,Male,Reference Group,REQ-2026-ENG-G1,2026-01-16,Regional Hiring Drive,Interview Complete,Composite below requisition threshold,3.40,4.00,3.20,3.40,3.90,3.42,3.52,0.10,No,No,
CAND-2026-0969,Synthetic Candidate 0969,Female,Focal Group,REQ-2026-ENG-G1,2026-01-10,Employee Referral,Interview Complete,Composite below requisition threshold,4.10,3.50,3.70,3.58,3.40,3.59,3.59,0.00,No,No,
CAND-2026-0970,Synthetic Candidate 0970,Female,Focal Group,REQ-2026-ENG-G1,2026-01-17,LinkedIn Recruiter,Interview Complete,Composite below requisition threshold,3.40,4.60,4.20,3.50,4.10,3.90,3.80,-0.10,No,No,
CAND-2026-0971,Synthetic Candidate 0971,Male,Reference Group,REQ-2026-ENG-G1,2026-01-11,Skills Academy,Interview Complete,Composite below requisition threshold,4.10,4.10,3.60,3.65,3.60,3.62,3.42,-0.20,No,No,
CAND-2026-0972,Synthetic Candidate 0972,Male,Reference Group,REQ-2026-ENG-G1,2026-01-18,Direct Career Portal,Interview Complete,Composite below requisition threshold,3.40,3.60,4.10,3.83,3.10,3.79,3.49,-0.30,No,No,
CAND-2026-0973,Synthetic Candidate 0973,Male,Reference Group,REQ-2026-ENG-G1,2026-01-12,Regional Hiring Drive,Interview Complete,Composite below requisition threshold,4.10,4.70,3.50,3.73,3.80,3.65,4.15,0.50,No,No,
CAND-2026-0974,Synthetic Candidate 0974,Female,Focal Group,REQ-2026-ENG-G1,2026-01-19,Employee Referral,Interview Complete,Composite below requisition threshold,3.40,4.20,4.00,3.63,3.30,3.71,4.11,0.40,No,No,
CAND-2026-0975,Synthetic Candidate 0975,Female,Focal Group,REQ-2026-ENG-G1,2026-01-13,LinkedIn Recruiter,Interview Complete,Composite below requisition threshold,4.10,3.70,3.40,3.53,4.00,3.57,3.87,0.30,No,No,
CAND-2026-0976,Synthetic Candidate 0976,Male,Reference Group,REQ-2026-ENG-G1,2026-01-20,Skills Academy,Interview Complete,Composite below requisition threshold,3.40,3.20,3.90,3.70,3.50,3.74,3.94,0.20,No,No,
CAND-2026-0977,Synthetic Candidate 0977,Male,Reference Group,REQ-2026-ENG-G1,2026-01-14,Direct Career Portal,Interview Complete,Composite below requisition threshold,4.10,4.30,3.30,3.60,4.20,3.60,3.70,0.10,No,No,
CAND-2026-0978,Synthetic Candidate 0978,Male,Reference Group,REQ-2026-ENG-G1,2026-01-21,Regional Hiring Drive,Interview Complete,Composite below requisition threshold,3.40,3.80,3.80,3.78,3.70,3.77,3.77,0.00,No,No,
CAND-2026-0979,Synthetic Candidate 0979,Female,Focal Group,REQ-2026-ENG-G1,2026-01-15,Employee Referral,Interview Complete,Composite below requisition threshold,4.10,3.30,3.20,3.40,3.20,3.28,3.18,-0.10,No,No,
CAND-2026-0980,Synthetic Candidate 0980,Female,Focal Group,REQ-2026-ENG-G1,2026-01-22,LinkedIn Recruiter,Interview Complete,Composite below requisition threshold,3.40,4.40,3.70,3.33,3.90,3.59,3.39,-0.20,No,No,
CAND-2026-0981,Synthetic Candidate 0981,Male,Reference Group,REQ-2026-ENG-G1,2026-01-16,Skills Academy,Interview Complete,Composite below requisition threshold,4.10,3.90,4.20,3.75,3.40,3.86,3.56,-0.30,No,No,
CAND-2026-0982,Synthetic Candidate 0982,Male,Reference Group,REQ-2026-ENG-G1,2026-01-10,Direct Career Portal,Interview Complete,Composite below requisition threshold,3.40,3.40,3.60,3.65,4.10,3.72,4.22,0.50,No,No,
CAND-2026-0983,Synthetic Candidate 0983,Male,Reference Group,REQ-2026-ENG-G1,2026-01-17,Regional Hiring Drive,Interview Complete,Composite below requisition threshold,4.10,4.50,4.10,3.83,3.60,3.89,4.29,0.40,No,No,
CAND-2026-0984,Synthetic Candidate 0984,Female,Focal Group,REQ-2026-ENG-G1,2026-01-11,Employee Referral,Interview Complete,Composite below requisition threshold,3.40,4.00,3.50,3.73,3.10,3.51,3.81,0.30,No,No,
CAND-2026-0985,Synthetic Candidate 0985,Female,Focal Group,REQ-2026-ENG-G1,2026-01-18,LinkedIn Recruiter,Interview Complete,Composite below requisition threshold,4.10,3.50,4.00,3.63,3.80,3.81,4.01,0.20,No,No,
CAND-2026-0986,Synthetic Candidate 0986,Male,Reference Group,REQ-2026-ENG-G1,2026-01-12,Skills Academy,Interview Complete,Composite below requisition threshold,3.40,4.60,3.40,3.53,3.30,3.43,3.53,0.10,No,No,
CAND-2026-0987,Synthetic Candidate 0987,Male,Reference Group,REQ-2026-ENG-G1,2026-01-19,Direct Career Portal,Interview Complete,Composite below requisition threshold,4.10,4.10,3.90,3.70,4.00,3.84,3.84,0.00,No,No,
CAND-2026-0988,Synthetic Candidate 0988,Male,Reference Group,REQ-2026-ENG-G1,2026-01-13,Regional Hiring Drive,Interview Complete,Composite below requisition threshold,3.40,3.60,3.30,3.60,3.50,3.46,3.36,-0.10,No,No,
CAND-2026-0989,Synthetic Candidate 0989,Female,Focal Group,REQ-2026-ENG-G1,2026-01-20,Employee Referral,Interview Complete,Composite below requisition threshold,4.10,4.70,3.80,3.78,4.20,3.87,3.67,-0.20,No,No,
CAND-2026-0990,Synthetic Candidate 0990,Female,Focal Group,REQ-2026-ENG-G1,2026-01-14,LinkedIn Recruiter,Interview Complete,Composite below requisition threshold,3.40,4.20,3.20,3.15,3.70,3.28,2.98,-0.30,No,No,
CAND-2026-0991,Synthetic Candidate 0991,Male,Reference Group,REQ-2026-ENG-G1,2026-01-21,Skills Academy,Interview Complete,Composite below requisition threshold,4.10,3.70,3.70,3.58,3.20,3.55,4.05,0.50,No,No,
CAND-2026-0992,Synthetic Candidate 0992,Male,Reference Group,REQ-2026-ENG-G1,2026-01-15,Direct Career Portal,Interview Complete,Composite below requisition threshold,3.40,3.20,4.20,3.75,3.90,3.96,4.36,0.40,No,No,
CAND-2026-0993,Synthetic Candidate 0993,Male,Reference Group,REQ-2026-ENG-G1,2026-01-22,Regional Hiring Drive,Interview Complete,Composite below requisition threshold,4.10,4.30,3.60,3.65,3.40,3.58,3.88,0.30,No,No,
CAND-2026-0994,Synthetic Candidate 0994,Female,Focal Group,REQ-2026-ENG-G1,2026-01-16,Employee Referral,Interview Complete,Composite below requisition threshold,3.40,3.80,4.10,3.83,4.10,3.99,4.19,0.20,No,No,
CAND-2026-0995,Synthetic Candidate 0995,Female,Focal Group,REQ-2026-ENG-G1,2026-01-10,LinkedIn Recruiter,Interview Complete,Composite below requisition threshold,4.10,3.30,3.50,3.73,3.60,3.61,3.71,0.10,No,No,
CAND-2026-0996,Synthetic Candidate 0996,Male,Reference Group,REQ-2026-ENG-G1,2026-01-17,Skills Academy,Interview Complete,Composite below requisition threshold,3.40,4.40,4.00,3.63,3.10,3.67,3.67,0.00,No,No,
CAND-2026-0997,Synthetic Candidate 0997,Male,Reference Group,REQ-2026-ENG-G1,2026-01-11,Direct Career Portal,Interview Complete,Composite below requisition threshold,4.10,3.90,3.40,3.53,3.80,3.53,3.43,-0.10,No,No,
CAND-2026-0998,Synthetic Candidate 0998,Male,Reference Group,REQ-2026-ENG-G1,2026-01-18,Regional Hiring Drive,Interview Complete,Composite below requisition threshold,3.40,3.40,3.90,3.70,3.30,3.70,3.50,-0.20,No,No,
CAND-2026-0999,Synthetic Candidate 0999,Female,Focal Group,REQ-2026-ENG-G1,2026-01-12,Employee Referral,Interview Complete,Composite below requisition threshold,4.10,4.50,3.30,3.60,4.00,3.56,3.26,-0.30,No,No,
CAND-2026-1000,Synthetic Candidate 1000,Female,Focal Group,REQ-2026-ENG-G1,2026-01-19,LinkedIn Recruiter,Interview Complete,Composite below requisition threshold,3.40,4.00,3.80,3.53,3.50,3.63,4.13,0.50,No,No,
CAND-2026-1001,Synthetic Candidate 1001,Male,Reference Group,REQ-2026-ENG-G1,2026-01-13,Skills Academy,Shortlisted,Not advanced to standardized assessment,4.10,3.50,,,,,,,No,No,
CAND-2026-1002,Synthetic Candidate 1002,Male,Reference Group,REQ-2026-ENG-G1,2026-01-20,Direct Career Portal,Shortlisted,Not advanced to standardized assessment,3.40,4.60,,,,,,,No,No,
CAND-2026-1003,Synthetic Candidate 1003,Male,Reference Group,REQ-2026-ENG-G1,2026-01-14,Regional Hiring Drive,Shortlisted,Not advanced to standardized assessment,4.10,4.10,,,,,,,No,No,
CAND-2026-1004,Synthetic Candidate 1004,Female,Focal Group,REQ-2026-ENG-G1,2026-01-21,Employee Referral,Shortlisted,Not advanced to standardized assessment,3.40,3.60,,,,,,,No,No,
CAND-2026-1005,Synthetic Candidate 1005,Female,Focal Group,REQ-2026-ENG-G1,2026-01-15,LinkedIn Recruiter,Shortlisted,Not advanced to standardized assessment,4.10,4.70,,,,,,,No,No,
CAND-2026-1006,Synthetic Candidate 1006,Male,Reference Group,REQ-2026-ENG-G1,2026-01-22,Skills Academy,Shortlisted,Not advanced to standardized assessment,3.40,4.20,,,,,,,No,No,
CAND-2026-1007,Synthetic Candidate 1007,Male,Reference Group,REQ-2026-ENG-G1,2026-01-16,Direct Career Portal,Shortlisted,Not advanced to standardized assessment,4.10,3.70,,,,,,,No,No,
CAND-2026-1008,Synthetic Candidate 1008,Male,Reference Group,REQ-2026-ENG-G1,2026-01-10,Regional Hiring Drive,Shortlisted,Not advanced to standardized assessment,3.40,3.20,,,,,,,No,No,
CAND-2026-1009,Synthetic Candidate 1009,Female,Focal Group,REQ-2026-ENG-G1,2026-01-17,Employee Referral,Shortlisted,Not advanced to standardized assessment,4.10,4.30,,,,,,,No,No,
CAND-2026-1010,Synthetic Candidate 1010,Female,Focal Group,REQ-2026-ENG-G1,2026-01-11,LinkedIn Recruiter,Shortlisted,Not advanced to standardized assessment,3.40,3.80,,,,,,,No,No,
CAND-2026-1011,Synthetic Candidate 1011,Male,Reference Group,REQ-2026-ENG-G1,2026-01-18,Skills Academy,Shortlisted,Not advanced to standardized assessment,4.10,3.30,,,,,,,No,No,
CAND-2026-1012,Synthetic Candidate 1012,Male,Reference Group,REQ-2026-ENG-G1,2026-01-12,Direct Career Portal,Shortlisted,Not advanced to standardized assessment,3.40,4.40,,,,,,,No,No,
CAND-2026-1013,Synthetic Candidate 1013,Male,Reference Group,REQ-2026-ENG-G1,2026-01-19,Regional Hiring Drive,Shortlisted,Not advanced to standardized assessment,4.10,3.90,,,,,,,No,No,
CAND-2026-1014,Synthetic Candidate 1014,Female,Focal Group,REQ-2026-ENG-G1,2026-01-13,Employee Referral,Shortlisted,Not advanced to standardized assessment,3.40,3.40,,,,,,,No,No,
CAND-2026-1015,Synthetic Candidate 1015,Female,Focal Group,REQ-2026-ENG-G1,2026-01-20,LinkedIn Recruiter,Shortlisted,Not advanced to standardized assessment,4.10,4.50,,,,,,,No,No,
CAND-2026-1016,Synthetic Candidate 1016,Male,Reference Group,REQ-2026-ENG-G1,2026-01-14,Skills Academy,Shortlisted,Not advanced to standardized assessment,3.40,4.00,,,,,,,No,No,
CAND-2026-1017,Synthetic Candidate 1017,Male,Reference Group,REQ-2026-ENG-G1,2026-01-21,Direct Career Portal,Shortlisted,Not advanced to standardized assessment,4.10,3.50,,,,,,,No,No,
CAND-2026-1018,Synthetic Candidate 1018,Male,Reference Group,REQ-2026-ENG-G1,2026-01-15,Regional Hiring Drive,Shortlisted,Not advanced to standardized assessment,3.40,4.60,,,,,,,No,No,
CAND-2026-1019,Synthetic Candidate 1019,Female,Focal Group,REQ-2026-ENG-G1,2026-01-22,Employee Referral,Shortlisted,Not advanced to standardized assessment,4.10,4.10,,,,,,,No,No,
CAND-2026-1020,Synthetic Candidate 1020,Female,Focal Group,REQ-2026-ENG-G1,2026-01-16,LinkedIn Recruiter,Shortlisted,Not advanced to standardized assessment,3.40,3.60,,,,,,,No,No,
CAND-2026-1021,Synthetic Candidate 1021,Male,Reference Group,REQ-2026-ENG-G1,2026-01-10,Skills Academy,Shortlisted,Not advanced to standardized assessment,4.10,4.70,,,,,,,No,No,
CAND-2026-1022,Synthetic Candidate 1022,Male,Reference Group,REQ-2026-ENG-G1,2026-01-17,Direct Career Portal,Shortlisted,Not advanced to standardized assessment,3.40,4.20,,,,,,,No,No,
CAND-2026-1023,Synthetic Candidate 1023,Male,Reference Group,REQ-2026-ENG-G1,2026-01-11,Regional Hiring Drive,Shortlisted,Not advanced to standardized assessment,4.10,3.70,,,,,,,No,No,
CAND-2026-1024,Synthetic Candidate 1024,Female,Focal Group,REQ-2026-ENG-G1,2026-01-18,Employee Referral,Shortlisted,Not advanced to standardized assessment,3.40,3.20,,,,,,,No,No,
CAND-2026-1025,Synthetic Candidate 1025,Female,Focal Group,REQ-2026-ENG-G1,2026-01-12,LinkedIn Recruiter,Shortlisted,Not advanced to standardized assessment,4.10,4.30,,,,,,,No,No,
CAND-2026-1026,Synthetic Candidate 1026,Male,Reference Group,REQ-2026-ENG-G1,2026-01-19,Skills Academy,Shortlisted,Not advanced to standardized assessment,3.40,3.80,,,,,,,No,No,
CAND-2026-1027,Synthetic Candidate 1027,Male,Reference Group,REQ-2026-ENG-G1,2026-01-13,Direct Career Portal,Shortlisted,Not advanced to standardized assessment,4.10,3.30,,,,,,,No,No,
CAND-2026-1028,Synthetic Candidate 1028,Male,Reference Group,REQ-2026-ENG-G1,2026-01-20,Regional Hiring Drive,Shortlisted,Not advanced to standardized assessment,3.40,4.40,,,,,,,No,No,
CAND-2026-1029,Synthetic Candidate 1029,Female,Focal Group,REQ-2026-ENG-G1,2026-01-14,Employee Referral,Shortlisted,Not advanced to standardized assessment,4.10,3.90,,,,,,,No,No,
CAND-2026-1030,Synthetic Candidate 1030,Female,Focal Group,REQ-2026-ENG-G1,2026-01-21,LinkedIn Recruiter,Shortlisted,Not advanced to standardized assessment,3.40,3.40,,,,,,,No,No,
CAND-2026-1031,Synthetic Candidate 1031,Male,Reference Group,REQ-2026-ENG-G1,2026-01-15,Skills Academy,Shortlisted,Not advanced to standardized assessment,4.10,4.50,,,,,,,No,No,
CAND-2026-1032,Synthetic Candidate 1032,Male,Reference Group,REQ-2026-ENG-G1,2026-01-22,Direct Career Portal,Shortlisted,Not advanced to standardized assessment,3.40,4.00,,,,,,,No,No,
CAND-2026-1033,Synthetic Candidate 1033,Male,Reference Group,REQ-2026-ENG-G1,2026-01-16,Regional Hiring Drive,Shortlisted,Not advanced to standardized assessment,4.10,3.50,,,,,,,No,No,
CAND-2026-1034,Synthetic Candidate 1034,Female,Focal Group,REQ-2026-ENG-G1,2026-01-10,Employee Referral,Shortlisted,Not advanced to standardized assessment,3.40,4.60,,,,,,,No,No,
CAND-2026-1035,Synthetic Candidate 1035,Female,Focal Group,REQ-2026-ENG-G1,2026-01-17,LinkedIn Recruiter,Shortlisted,Not advanced to standardized assessment,4.10,4.10,,,,,,,No,No,
CAND-2026-1036,Synthetic Candidate 1036,Male,Reference Group,REQ-2026-ENG-G1,2026-01-11,Skills Academy,Shortlisted,Not advanced to standardized assessment,3.40,3.60,,,,,,,No,No,
CAND-2026-1037,Synthetic Candidate 1037,Male,Reference Group,REQ-2026-ENG-G1,2026-01-18,Direct Career Portal,Shortlisted,Not advanced to standardized assessment,4.10,4.70,,,,,,,No,No,
CAND-2026-1038,Synthetic Candidate 1038,Male,Reference Group,REQ-2026-ENG-G1,2026-01-12,Regional Hiring Drive,Shortlisted,Not advanced to standardized assessment,3.40,4.20,,,,,,,No,No,
CAND-2026-1039,Synthetic Candidate 1039,Female,Focal Group,REQ-2026-ENG-G1,2026-01-19,Employee Referral,Shortlisted,Not advanced to standardized assessment,4.10,3.70,,,,,,,No,No,
CAND-2026-1040,Synthetic Candidate 1040,Female,Focal Group,REQ-2026-ENG-G1,2026-01-13,LinkedIn Recruiter,Shortlisted,Not advanced to standardized assessment,3.40,3.20,,,,,,,No,No,
CAND-2026-1041,Synthetic Candidate 1041,Male,Reference Group,REQ-2026-ENG-G1,2026-01-20,Skills Academy,Shortlisted,Not advanced to standardized assessment,4.10,4.30,,,,,,,No,No,
CAND-2026-1042,Synthetic Candidate 1042,Male,Reference Group,REQ-2026-ENG-G1,2026-01-14,Direct Career Portal,Shortlisted,Not advanced to standardized assessment,3.40,3.80,,,,,,,No,No,
CAND-2026-1043,Synthetic Candidate 1043,Male,Reference Group,REQ-2026-ENG-G1,2026-01-21,Regional Hiring Drive,Shortlisted,Not advanced to standardized assessment,4.10,3.30,,,,,,,No,No,
CAND-2026-1044,Synthetic Candidate 1044,Female,Focal Group,REQ-2026-ENG-G1,2026-01-15,Employee Referral,Shortlisted,Not advanced to standardized assessment,3.40,4.40,,,,,,,No,No,
CAND-2026-1045,Synthetic Candidate 1045,Female,Focal Group,REQ-2026-ENG-G1,2026-01-22,LinkedIn Recruiter,Shortlisted,Not advanced to standardized assessment,4.10,3.90,,,,,,,No,No,
CAND-2026-1046,Synthetic Candidate 1046,Male,Reference Group,REQ-2026-ENG-G1,2026-01-16,Skills Academy,Shortlisted,Not advanced to standardized assessment,3.40,3.40,,,,,,,No,No,
CAND-2026-1047,Synthetic Candidate 1047,Male,Reference Group,REQ-2026-ENG-G1,2026-01-10,Direct Career Portal,Shortlisted,Not advanced to standardized assessment,4.10,4.50,,,,,,,No,No,
CAND-2026-1048,Synthetic Candidate 1048,Male,Reference Group,REQ-2026-ENG-G1,2026-01-17,Regional Hiring Drive,Shortlisted,Not advanced to standardized assessment,3.40,4.00,,,,,,,No,No,
CAND-2026-1049,Synthetic Candidate 1049,Female,Focal Group,REQ-2026-ENG-G1,2026-01-11,Employee Referral,Shortlisted,Not advanced to standardized assessment,4.10,3.50,,,,,,,No,No,
CAND-2026-1050,Synthetic Candidate 1050,Female,Focal Group,REQ-2026-ENG-G1,2026-01-18,LinkedIn Recruiter,Shortlisted,Not advanced to standardized assessment,3.40,4.60,,,,,,,No,No,
CAND-2026-1051,Synthetic Candidate 1051,Male,Reference Group,REQ-2026-ENG-G1,2026-01-12,Skills Academy,Shortlisted,Not advanced to standardized assessment,4.10,4.10,,,,,,,No,No,
CAND-2026-1052,Synthetic Candidate 1052,Male,Reference Group,REQ-2026-ENG-G1,2026-01-19,Direct Career Portal,Shortlisted,Not advanced to standardized assessment,3.40,3.60,,,,,,,No,No,
CAND-2026-1053,Synthetic Candidate 1053,Male,Reference Group,REQ-2026-ENG-G1,2026-01-13,Regional Hiring Drive,Shortlisted,Not advanced to standardized assessment,4.10,4.70,,,,,,,No,No,
CAND-2026-1054,Synthetic Candidate 1054,Female,Focal Group,REQ-2026-ENG-G1,2026-01-20,Employee Referral,Shortlisted,Not advanced to standardized assessment,3.40,4.20,,,,,,,No,No,
CAND-2026-1055,Synthetic Candidate 1055,Female,Focal Group,REQ-2026-ENG-G1,2026-01-14,LinkedIn Recruiter,Shortlisted,Not advanced to standardized assessment,4.10,3.70,,,,,,,No,No,
CAND-2026-1056,Synthetic Candidate 1056,Male,Reference Group,REQ-2026-ENG-G1,2026-01-21,Skills Academy,Shortlisted,Not advanced to standardized assessment,3.40,3.20,,,,,,,No,No,
CAND-2026-1057,Synthetic Candidate 1057,Male,Reference Group,REQ-2026-ENG-G1,2026-01-15,Direct Career Portal,Shortlisted,Not advanced to standardized assessment,4.10,4.30,,,,,,,No,No,
CAND-2026-1058,Synthetic Candidate 1058,Male,Reference Group,REQ-2026-ENG-G1,2026-01-22,Regional Hiring Drive,Shortlisted,Not advanced to standardized assessment,3.40,3.80,,,,,,,No,No,
CAND-2026-1059,Synthetic Candidate 1059,Female,Focal Group,REQ-2026-ENG-G1,2026-01-16,Employee Referral,Shortlisted,Not advanced to standardized assessment,4.10,3.30,,,,,,,No,No,
CAND-2026-1060,Synthetic Candidate 1060,Female,Focal Group,REQ-2026-ENG-G1,2026-01-10,LinkedIn Recruiter,Shortlisted,Not advanced to standardized assessment,3.40,4.40,,,,,,,No,No,
CAND-2026-1061,Synthetic Candidate 1061,Male,Reference Group,REQ-2026-ENG-G1,2026-01-17,Skills Academy,Shortlisted,Not advanced to standardized assessment,4.10,3.90,,,,,,,No,No,
CAND-2026-1062,Synthetic Candidate 1062,Male,Reference Group,REQ-2026-ENG-G1,2026-01-11,Direct Career Portal,Shortlisted,Not advanced to standardized assessment,3.40,3.40,,,,,,,No,No,
CAND-2026-1063,Synthetic Candidate 1063,Male,Reference Group,REQ-2026-ENG-G1,2026-01-18,Regional Hiring Drive,Shortlisted,Not advanced to standardized assessment,4.10,4.50,,,,,,,No,No,
CAND-2026-1064,Synthetic Candidate 1064,Female,Focal Group,REQ-2026-ENG-G1,2026-01-12,Employee Referral,Shortlisted,Not advanced to standardized assessment,3.40,4.00,,,,,,,No,No,
CAND-2026-1065,Synthetic Candidate 1065,Female,Focal Group,REQ-2026-ENG-G1,2026-01-19,LinkedIn Recruiter,Shortlisted,Not advanced to standardized assessment,4.10,3.50,,,,,,,No,No,
CAND-2026-1066,Synthetic Candidate 1066,Male,Reference Group,REQ-2026-ENG-G1,2026-01-13,Skills Academy,Shortlisted,Not advanced to standardized assessment,3.40,4.60,,,,,,,No,No,
CAND-2026-1067,Synthetic Candidate 1067,Male,Reference Group,REQ-2026-ENG-G1,2026-01-20,Direct Career Portal,Shortlisted,Not advanced to standardized assessment,4.10,4.10,,,,,,,No,No,
CAND-2026-1068,Synthetic Candidate 1068,Male,Reference Group,REQ-2026-ENG-G1,2026-01-14,Regional Hiring Drive,Shortlisted,Not advanced to standardized assessment,3.40,3.60,,,,,,,No,No,
CAND-2026-1069,Synthetic Candidate 1069,Female,Focal Group,REQ-2026-ENG-G1,2026-01-21,Employee Referral,Shortlisted,Not advanced to standardized assessment,4.10,4.70,,,,,,,No,No,
CAND-2026-1070,Synthetic Candidate 1070,Female,Focal Group,REQ-2026-ENG-G1,2026-01-15,LinkedIn Recruiter,Shortlisted,Not advanced to standardized assessment,3.40,4.20,,,,,,,No,No,
CAND-2026-1071,Synthetic Candidate 1071,Male,Reference Group,REQ-2026-ENG-G1,2026-01-22,Skills Academy,Shortlisted,Not advanced to standardized assessment,4.10,3.70,,,,,,,No,No,
CAND-2026-1072,Synthetic Candidate 1072,Male,Reference Group,REQ-2026-ENG-G1,2026-01-16,Direct Career Portal,Shortlisted,Not advanced to standardized assessment,3.40,3.20,,,,,,,No,No,
CAND-2026-1073,Synthetic Candidate 1073,Male,Reference Group,REQ-2026-ENG-G1,2026-01-10,Regional Hiring Drive,Shortlisted,Not advanced to standardized assessment,4.10,4.30,,,,,,,No,No,
CAND-2026-1074,Synthetic Candidate 1074,Female,Focal Group,REQ-2026-ENG-G1,2026-01-17,Employee Referral,Shortlisted,Not advanced to standardized assessment,3.40,3.80,,,,,,,No,No,
CAND-2026-1075,Synthetic Candidate 1075,Female,Focal Group,REQ-2026-ENG-G1,2026-01-11,LinkedIn Recruiter,Shortlisted,Not advanced to standardized assessment,4.10,3.30,,,,,,,No,No,
CAND-2026-1076,Synthetic Candidate 1076,Male,Reference Group,REQ-2026-ENG-G1,2026-01-18,Skills Academy,Shortlisted,Not advanced to standardized assessment,3.40,4.40,,,,,,,No,No,
CAND-2026-1077,Synthetic Candidate 1077,Male,Reference Group,REQ-2026-ENG-G1,2026-01-12,Direct Career Portal,Shortlisted,Not advanced to standardized assessment,4.10,3.90,,,,,,,No,No,
CAND-2026-1078,Synthetic Candidate 1078,Male,Reference Group,REQ-2026-ENG-G1,2026-01-19,Regional Hiring Drive,Shortlisted,Not advanced to standardized assessment,3.40,3.40,,,,,,,No,No,
CAND-2026-1079,Synthetic Candidate 1079,Female,Focal Group,REQ-2026-ENG-G1,2026-01-13,Employee Referral,Shortlisted,Not advanced to standardized assessment,4.10,4.50,,,,,,,No,No,
CAND-2026-1080,Synthetic Candidate 1080,Female,Focal Group,REQ-2026-ENG-G1,2026-01-20,LinkedIn Recruiter,Shortlisted,Not advanced to standardized assessment,3.40,4.00,,,,,,,No,No,
CAND-2026-1081,Synthetic Candidate 1081,Male,Reference Group,REQ-2026-ENG-G1,2026-01-14,Skills Academy,Shortlisted,Not advanced to standardized assessment,4.10,3.50,,,,,,,No,No,
CAND-2026-1082,Synthetic Candidate 1082,Male,Reference Group,REQ-2026-ENG-G1,2026-01-21,Direct Career Portal,Shortlisted,Not advanced to standardized assessment,3.40,4.60,,,,,,,No,No,
CAND-2026-1083,Synthetic Candidate 1083,Male,Reference Group,REQ-2026-ENG-G1,2026-01-15,Regional Hiring Drive,Shortlisted,Not advanced to standardized assessment,4.10,4.10,,,,,,,No,No,
CAND-2026-1084,Synthetic Candidate 1084,Female,Focal Group,REQ-2026-ENG-G1,2026-01-22,Employee Referral,Shortlisted,Not advanced to standardized assessment,3.40,3.60,,,,,,,No,No,
CAND-2026-1085,Synthetic Candidate 1085,Female,Focal Group,REQ-2026-ENG-G1,2026-01-16,LinkedIn Recruiter,Shortlisted,Not advanced to standardized assessment,4.10,4.70,,,,,,,No,No,
CAND-2026-1086,Synthetic Candidate 1086,Male,Reference Group,REQ-2026-ENG-G1,2026-01-10,Skills Academy,Shortlisted,Not advanced to standardized assessment,3.40,4.20,,,,,,,No,No,
CAND-2026-1087,Synthetic Candidate 1087,Male,Reference Group,REQ-2026-ENG-G1,2026-01-17,Direct Career Portal,Shortlisted,Not advanced to standardized assessment,4.10,3.70,,,,,,,No,No,
CAND-2026-1088,Synthetic Candidate 1088,Male,Reference Group,REQ-2026-ENG-G1,2026-01-11,Regional Hiring Drive,Shortlisted,Not advanced to standardized assessment,3.40,3.20,,,,,,,No,No,
CAND-2026-1089,Synthetic Candidate 1089,Female,Focal Group,REQ-2026-ENG-G1,2026-01-18,Employee Referral,Shortlisted,Not advanced to standardized assessment,4.10,4.30,,,,,,,No,No,
CAND-2026-1090,Synthetic Candidate 1090,Female,Focal Group,REQ-2026-ENG-G1,2026-01-12,LinkedIn Recruiter,Shortlisted,Not advanced to standardized assessment,3.40,3.80,,,,,,,No,No,
CAND-2026-1091,Synthetic Candidate 1091,Male,Reference Group,REQ-2026-ENG-G1,2026-01-19,Skills Academy,Shortlisted,Not advanced to standardized assessment,4.10,3.30,,,,,,,No,No,
CAND-2026-1092,Synthetic Candidate 1092,Male,Reference Group,REQ-2026-ENG-G1,2026-01-13,Direct Career Portal,Shortlisted,Not advanced to standardized assessment,3.40,4.40,,,,,,,No,No,
CAND-2026-1093,Synthetic Candidate 1093,Male,Reference Group,REQ-2026-ENG-G1,2026-01-20,Regional Hiring Drive,Shortlisted,Not advanced to standardized assessment,4.10,3.90,,,,,,,No,No,
CAND-2026-1094,Synthetic Candidate 1094,Female,Focal Group,REQ-2026-ENG-G1,2026-01-14,Employee Referral,Shortlisted,Not advanced to standardized assessment,3.40,3.40,,,,,,,No,No,
CAND-2026-1095,Synthetic Candidate 1095,Female,Focal Group,REQ-2026-ENG-G1,2026-01-21,LinkedIn Recruiter,Shortlisted,Not advanced to standardized assessment,4.10,4.50,,,,,,,No,No,
CAND-2026-1096,Synthetic Candidate 1096,Male,Reference Group,REQ-2026-ENG-G1,2026-01-15,Skills Academy,Shortlisted,Not advanced to standardized assessment,3.40,4.00,,,,,,,No,No,
CAND-2026-1097,Synthetic Candidate 1097,Male,Reference Group,REQ-2026-ENG-G1,2026-01-22,Direct Career Portal,Shortlisted,Not advanced to standardized assessment,4.10,3.50,,,,,,,No,No,
CAND-2026-1098,Synthetic Candidate 1098,Male,Reference Group,REQ-2026-ENG-G1,2026-01-16,Regional Hiring Drive,Shortlisted,Not advanced to standardized assessment,3.40,4.60,,,,,,,No,No,
CAND-2026-1099,Synthetic Candidate 1099,Female,Focal Group,REQ-2026-ENG-G1,2026-01-10,Employee Referral,Shortlisted,Not advanced to standardized assessment,4.10,4.10,,,,,,,No,No,
CAND-2026-1100,Synthetic Candidate 1100,Female,Focal Group,REQ-2026-ENG-G1,2026-01-17,LinkedIn Recruiter,Shortlisted,Not advanced to standardized assessment,3.40,3.60,,,,,,,No,No,
CAND-2026-1101,Synthetic Candidate 1101,Male,Reference Group,REQ-2026-ENG-G1,2026-01-11,Skills Academy,Shortlisted,Not advanced to standardized assessment,4.10,4.70,,,,,,,No,No,
CAND-2026-1102,Synthetic Candidate 1102,Male,Reference Group,REQ-2026-ENG-G1,2026-01-18,Direct Career Portal,Shortlisted,Not advanced to standardized assessment,3.40,4.20,,,,,,,No,No,
CAND-2026-1103,Synthetic Candidate 1103,Male,Reference Group,REQ-2026-ENG-G1,2026-01-12,Regional Hiring Drive,Shortlisted,Not advanced to standardized assessment,4.10,3.70,,,,,,,No,No,
CAND-2026-1104,Synthetic Candidate 1104,Female,Focal Group,REQ-2026-ENG-G1,2026-01-19,Employee Referral,Shortlisted,Not advanced to standardized assessment,3.40,3.20,,,,,,,No,No,
CAND-2026-1105,Synthetic Candidate 1105,Female,Focal Group,REQ-2026-ENG-G1,2026-01-13,LinkedIn Recruiter,Shortlisted,Not advanced to standardized assessment,4.10,4.30,,,,,,,No,No,
CAND-2026-1106,Synthetic Candidate 1106,Male,Reference Group,REQ-2026-ENG-G1,2026-01-20,Skills Academy,Shortlisted,Not advanced to standardized assessment,3.40,3.80,,,,,,,No,No,
CAND-2026-1107,Synthetic Candidate 1107,Male,Reference Group,REQ-2026-ENG-G1,2026-01-14,Direct Career Portal,Shortlisted,Not advanced to standardized assessment,4.10,3.30,,,,,,,No,No,
CAND-2026-1108,Synthetic Candidate 1108,Male,Reference Group,REQ-2026-ENG-G1,2026-01-21,Regional Hiring Drive,Shortlisted,Not advanced to standardized assessment,3.40,4.40,,,,,,,No,No,
CAND-2026-1109,Synthetic Candidate 1109,Female,Focal Group,REQ-2026-ENG-G1,2026-01-15,Employee Referral,Shortlisted,Not advanced to standardized assessment,4.10,3.90,,,,,,,No,No,
CAND-2026-1110,Synthetic Candidate 1110,Female,Focal Group,REQ-2026-ENG-G1,2026-01-22,LinkedIn Recruiter,Shortlisted,Not advanced to standardized assessment,3.40,3.40,,,,,,,No,No,
CAND-2026-1111,Synthetic Candidate 1111,Male,Reference Group,REQ-2026-ENG-G1,2026-01-16,Skills Academy,Shortlisted,Not advanced to standardized assessment,4.10,4.50,,,,,,,No,No,
CAND-2026-1112,Synthetic Candidate 1112,Male,Reference Group,REQ-2026-ENG-G1,2026-01-10,Direct Career Portal,Shortlisted,Not advanced to standardized assessment,3.40,4.00,,,,,,,No,No,
CAND-2026-1113,Synthetic Candidate 1113,Male,Reference Group,REQ-2026-ENG-G1,2026-01-17,Regional Hiring Drive,Shortlisted,Not advanced to standardized assessment,4.10,3.50,,,,,,,No,No,
CAND-2026-1114,Synthetic Candidate 1114,Female,Focal Group,REQ-2026-ENG-G1,2026-01-11,Employee Referral,Shortlisted,Not advanced to standardized assessment,3.40,4.60,,,,,,,No,No,
CAND-2026-1115,Synthetic Candidate 1115,Female,Focal Group,REQ-2026-ENG-G1,2026-01-18,LinkedIn Recruiter,Shortlisted,Not advanced to standardized assessment,4.10,4.10,,,,,,,No,No,
CAND-2026-1116,Synthetic Candidate 1116,Male,Reference Group,REQ-2026-ENG-G1,2026-01-12,Skills Academy,Shortlisted,Not advanced to standardized assessment,3.40,3.60,,,,,,,No,No,
CAND-2026-1117,Synthetic Candidate 1117,Male,Reference Group,REQ-2026-ENG-G1,2026-01-19,Direct Career Portal,Shortlisted,Not advanced to standardized assessment,4.10,4.70,,,,,,,No,No,
CAND-2026-1118,Synthetic Candidate 1118,Male,Reference Group,REQ-2026-ENG-G1,2026-01-13,Regional Hiring Drive,Shortlisted,Not advanced to standardized assessment,3.40,4.20,,,,,,,No,No,
CAND-2026-1119,Synthetic Candidate 1119,Female,Focal Group,REQ-2026-ENG-G1,2026-01-20,Employee Referral,Shortlisted,Not advanced to standardized assessment,4.10,3.70,,,,,,,No,No,
CAND-2026-1120,Synthetic Candidate 1120,Female,Focal Group,REQ-2026-ENG-G1,2026-01-14,LinkedIn Recruiter,Shortlisted,Not advanced to standardized assessment,3.40,3.20,,,,,,,No,No,
CAND-2026-1121,Synthetic Candidate 1121,Male,Reference Group,REQ-2026-ENG-G1,2026-01-21,Skills Academy,Shortlisted,Not advanced to standardized assessment,4.10,4.30,,,,,,,No,No,
CAND-2026-1122,Synthetic Candidate 1122,Male,Reference Group,REQ-2026-ENG-G1,2026-01-15,Direct Career Portal,Shortlisted,Not advanced to standardized assessment,3.40,3.80,,,,,,,No,No,
CAND-2026-1123,Synthetic Candidate 1123,Male,Reference Group,REQ-2026-ENG-G1,2026-01-22,Regional Hiring Drive,Shortlisted,Not advanced to standardized assessment,4.10,3.30,,,,,,,No,No,
CAND-2026-1124,Synthetic Candidate 1124,Female,Focal Group,REQ-2026-ENG-G1,2026-01-16,Employee Referral,Shortlisted,Not advanced to standardized assessment,3.40,4.40,,,,,,,No,No,
CAND-2026-1125,Synthetic Candidate 1125,Female,Focal Group,REQ-2026-ENG-G1,2026-01-10,LinkedIn Recruiter,Shortlisted,Not advanced to standardized assessment,4.10,3.90,,,,,,,No,No,
CAND-2026-1126,Synthetic Candidate 1126,Male,Reference Group,REQ-2026-ENG-G1,2026-01-17,Skills Academy,Shortlisted,Not advanced to standardized assessment,3.40,3.40,,,,,,,No,No,
CAND-2026-1127,Synthetic Candidate 1127,Male,Reference Group,REQ-2026-ENG-G1,2026-01-11,Direct Career Portal,Shortlisted,Not advanced to standardized assessment,4.10,4.50,,,,,,,No,No,
CAND-2026-1128,Synthetic Candidate 1128,Male,Reference Group,REQ-2026-ENG-G1,2026-01-18,Regional Hiring Drive,Shortlisted,Not advanced to standardized assessment,3.40,4.00,,,,,,,No,No,
CAND-2026-1129,Synthetic Candidate 1129,Female,Focal Group,REQ-2026-ENG-G1,2026-01-12,Employee Referral,Shortlisted,Not advanced to standardized assessment,4.10,3.50,,,,,,,No,No,
CAND-2026-1130,Synthetic Candidate 1130,Female,Focal Group,REQ-2026-ENG-G1,2026-01-19,LinkedIn Recruiter,Shortlisted,Not advanced to standardized assessment,3.40,4.60,,,,,,,No,No,
CAND-2026-1131,Synthetic Candidate 1131,Male,Reference Group,REQ-2026-ENG-G1,2026-01-13,Skills Academy,Shortlisted,Not advanced to standardized assessment,4.10,4.10,,,,,,,No,No,
CAND-2026-1132,Synthetic Candidate 1132,Male,Reference Group,REQ-2026-ENG-G1,2026-01-20,Direct Career Portal,Shortlisted,Not advanced to standardized assessment,3.40,3.60,,,,,,,No,No,
CAND-2026-1133,Synthetic Candidate 1133,Male,Reference Group,REQ-2026-ENG-G1,2026-01-14,Regional Hiring Drive,Shortlisted,Not advanced to standardized assessment,4.10,4.70,,,,,,,No,No,
CAND-2026-1134,Synthetic Candidate 1134,Female,Focal Group,REQ-2026-ENG-G1,2026-01-21,Employee Referral,Shortlisted,Not advanced to standardized assessment,3.40,4.20,,,,,,,No,No,
CAND-2026-1135,Synthetic Candidate 1135,Female,Focal Group,REQ-2026-ENG-G1,2026-01-15,LinkedIn Recruiter,Shortlisted,Not advanced to standardized assessment,4.10,3.70,,,,,,,No,No,
CAND-2026-1136,Synthetic Candidate 1136,Male,Reference Group,REQ-2026-ENG-G1,2026-01-22,Skills Academy,Shortlisted,Not advanced to standardized assessment,3.40,3.20,,,,,,,No,No,
CAND-2026-1137,Synthetic Candidate 1137,Male,Reference Group,REQ-2026-ENG-G1,2026-01-16,Direct Career Portal,Shortlisted,Not advanced to standardized assessment,4.10,4.30,,,,,,,No,No,
CAND-2026-1138,Synthetic Candidate 1138,Male,Reference Group,REQ-2026-ENG-G1,2026-01-10,Regional Hiring Drive,Shortlisted,Not advanced to standardized assessment,3.40,3.80,,,,,,,No,No,
CAND-2026-1139,Synthetic Candidate 1139,Female,Focal Group,REQ-2026-ENG-G1,2026-01-17,Employee Referral,Shortlisted,Not advanced to standardized assessment,4.10,3.30,,,,,,,No,No,
CAND-2026-1140,Synthetic Candidate 1140,Female,Focal Group,REQ-2026-ENG-G1,2026-01-11,LinkedIn Recruiter,Shortlisted,Not advanced to standardized assessment,3.40,4.40,,,,,,,No,No,
CAND-2026-1141,Synthetic Candidate 1141,Male,Reference Group,REQ-2026-ENG-G1,2026-01-18,Skills Academy,Shortlisted,Not advanced to standardized assessment,4.10,3.90,,,,,,,No,No,
CAND-2026-1142,Synthetic Candidate 1142,Male,Reference Group,REQ-2026-ENG-G1,2026-01-12,Direct Career Portal,Shortlisted,Not advanced to standardized assessment,3.40,3.40,,,,,,,No,No,
CAND-2026-1143,Synthetic Candidate 1143,Male,Reference Group,REQ-2026-ENG-G1,2026-01-19,Regional Hiring Drive,Shortlisted,Not advanced to standardized assessment,4.10,4.50,,,,,,,No,No,
CAND-2026-1144,Synthetic Candidate 1144,Female,Focal Group,REQ-2026-ENG-G1,2026-01-13,Employee Referral,Shortlisted,Not advanced to standardized assessment,3.40,4.00,,,,,,,No,No,
CAND-2026-1145,Synthetic Candidate 1145,Female,Focal Group,REQ-2026-ENG-G1,2026-01-20,LinkedIn Recruiter,Shortlisted,Not advanced to standardized assessment,4.10,3.50,,,,,,,No,No,
CAND-2026-1146,Synthetic Candidate 1146,Male,Reference Group,REQ-2026-ENG-G1,2026-01-14,Skills Academy,Shortlisted,Not advanced to standardized assessment,3.40,4.60,,,,,,,No,No,
CAND-2026-1147,Synthetic Candidate 1147,Male,Reference Group,REQ-2026-ENG-G1,2026-01-21,Direct Career Portal,Shortlisted,Not advanced to standardized assessment,4.10,4.10,,,,,,,No,No,
CAND-2026-1148,Synthetic Candidate 1148,Male,Reference Group,REQ-2026-ENG-G1,2026-01-15,Regional Hiring Drive,Shortlisted,Not advanced to standardized assessment,3.40,3.60,,,,,,,No,No,
CAND-2026-1149,Synthetic Candidate 1149,Female,Focal Group,REQ-2026-ENG-G1,2026-01-22,Employee Referral,Shortlisted,Not advanced to standardized assessment,4.10,4.70,,,,,,,No,No,
CAND-2026-1150,Synthetic Candidate 1150,Female,Focal Group,REQ-2026-ENG-G1,2026-01-16,LinkedIn Recruiter,Shortlisted,Not advanced to standardized assessment,3.40,4.20,,,,,,,No,No,
CAND-2026-1151,Synthetic Candidate 1151,Male,Reference Group,REQ-2026-ENG-G1,2026-01-10,Skills Academy,Shortlisted,Not advanced to standardized assessment,4.10,3.70,,,,,,,No,No,
CAND-2026-1152,Synthetic Candidate 1152,Male,Reference Group,REQ-2026-ENG-G1,2026-01-17,Direct Career Portal,Shortlisted,Not advanced to standardized assessment,3.40,3.20,,,,,,,No,No,
CAND-2026-1153,Synthetic Candidate 1153,Male,Reference Group,REQ-2026-ENG-G1,2026-01-11,Regional Hiring Drive,Shortlisted,Not advanced to standardized assessment,4.10,4.30,,,,,,,No,No,
CAND-2026-1154,Synthetic Candidate 1154,Female,Focal Group,REQ-2026-ENG-G1,2026-01-18,Employee Referral,Shortlisted,Not advanced to standardized assessment,3.40,3.80,,,,,,,No,No,
CAND-2026-1155,Synthetic Candidate 1155,Female,Focal Group,REQ-2026-ENG-G1,2026-01-12,LinkedIn Recruiter,Shortlisted,Not advanced to standardized assessment,4.10,3.30,,,,,,,No,No,
CAND-2026-1156,Synthetic Candidate 1156,Male,Reference Group,REQ-2026-ENG-G1,2026-01-19,Skills Academy,Shortlisted,Not advanced to standardized assessment,3.40,4.40,,,,,,,No,No,
CAND-2026-1157,Synthetic Candidate 1157,Male,Reference Group,REQ-2026-ENG-G1,2026-01-13,Direct Career Portal,Shortlisted,Not advanced to standardized assessment,4.10,3.90,,,,,,,No,No,
CAND-2026-1158,Synthetic Candidate 1158,Male,Reference Group,REQ-2026-ENG-G1,2026-01-20,Regional Hiring Drive,Shortlisted,Not advanced to standardized assessment,3.40,3.40,,,,,,,No,No,
CAND-2026-1159,Synthetic Candidate 1159,Female,Focal Group,REQ-2026-ENG-G1,2026-01-14,Employee Referral,Shortlisted,Not advanced to standardized assessment,4.10,4.50,,,,,,,No,No,
CAND-2026-1160,Synthetic Candidate 1160,Female,Focal Group,REQ-2026-ENG-G1,2026-01-21,LinkedIn Recruiter,Shortlisted,Not advanced to standardized assessment,3.40,4.00,,,,,,,No,No,
CAND-2026-1161,Synthetic Candidate 1161,Male,Reference Group,REQ-2026-ENG-G1,2026-01-15,Skills Academy,Shortlisted,Not advanced to standardized assessment,4.10,3.50,,,,,,,No,No,
CAND-2026-1162,Synthetic Candidate 1162,Male,Reference Group,REQ-2026-ENG-G1,2026-01-22,Direct Career Portal,Shortlisted,Not advanced to standardized assessment,3.40,4.60,,,,,,,No,No,
CAND-2026-1163,Synthetic Candidate 1163,Male,Reference Group,REQ-2026-ENG-G1,2026-01-16,Regional Hiring Drive,Shortlisted,Not advanced to standardized assessment,4.10,4.10,,,,,,,No,No,
CAND-2026-1164,Synthetic Candidate 1164,Female,Focal Group,REQ-2026-ENG-G1,2026-01-10,Employee Referral,Shortlisted,Not advanced to standardized assessment,3.40,3.60,,,,,,,No,No,
CAND-2026-1165,Synthetic Candidate 1165,Female,Focal Group,REQ-2026-ENG-G1,2026-01-17,LinkedIn Recruiter,Application Review,Automated job-related knockout criteria not met,2.90,,,,,,,,No,No,
CAND-2026-1166,Synthetic Candidate 1166,Male,Reference Group,REQ-2026-ENG-G1,2026-01-11,Skills Academy,Shortlisted,Not advanced to standardized assessment,3.40,4.20,,,,,,,No,No,
CAND-2026-1167,Synthetic Candidate 1167,Male,Reference Group,REQ-2026-ENG-G1,2026-01-18,Direct Career Portal,Shortlisted,Not advanced to standardized assessment,4.10,3.70,,,,,,,No,No,
CAND-2026-1168,Synthetic Candidate 1168,Male,Reference Group,REQ-2026-ENG-G1,2026-01-12,Regional Hiring Drive,Shortlisted,Not advanced to standardized assessment,3.40,3.20,,,,,,,No,No,
CAND-2026-1169,Synthetic Candidate 1169,Female,Focal Group,REQ-2026-ENG-G1,2026-01-19,Employee Referral,Application Review,Automated job-related knockout criteria not met,3.30,,,,,,,,No,No,
CAND-2026-1170,Synthetic Candidate 1170,Female,Focal Group,REQ-2026-ENG-G1,2026-01-13,LinkedIn Recruiter,Application Review,Automated job-related knockout criteria not met,2.80,,,,,,,,No,No,
CAND-2026-1171,Synthetic Candidate 1171,Male,Reference Group,REQ-2026-ENG-G1,2026-01-20,Skills Academy,Shortlisted,Not advanced to standardized assessment,4.10,3.30,,,,,,,No,No,
CAND-2026-1172,Synthetic Candidate 1172,Male,Reference Group,REQ-2026-ENG-G1,2026-01-14,Direct Career Portal,Shortlisted,Not advanced to standardized assessment,3.40,4.40,,,,,,,No,No,
CAND-2026-1173,Synthetic Candidate 1173,Male,Reference Group,REQ-2026-ENG-G1,2026-01-21,Regional Hiring Drive,Shortlisted,Not advanced to standardized assessment,4.10,3.90,,,,,,,No,No,
CAND-2026-1174,Synthetic Candidate 1174,Female,Focal Group,REQ-2026-ENG-G1,2026-01-15,Employee Referral,Application Review,Automated job-related knockout criteria not met,3.20,,,,,,,,No,No,
CAND-2026-1175,Synthetic Candidate 1175,Female,Focal Group,REQ-2026-ENG-G1,2026-01-22,LinkedIn Recruiter,Application Review,Automated job-related knockout criteria not met,2.70,,,,,,,,No,No,
CAND-2026-1176,Synthetic Candidate 1176,Male,Reference Group,REQ-2026-ENG-G1,2026-01-16,Skills Academy,Shortlisted,Not advanced to standardized assessment,3.40,4.00,,,,,,,No,No,
CAND-2026-1177,Synthetic Candidate 1177,Male,Reference Group,REQ-2026-ENG-G1,2026-01-10,Direct Career Portal,Shortlisted,Not advanced to standardized assessment,4.10,3.50,,,,,,,No,No,
CAND-2026-1178,Synthetic Candidate 1178,Male,Reference Group,REQ-2026-ENG-G1,2026-01-17,Regional Hiring Drive,Shortlisted,Not advanced to standardized assessment,3.40,4.60,,,,,,,No,No,
CAND-2026-1179,Synthetic Candidate 1179,Female,Focal Group,REQ-2026-ENG-G1,2026-01-11,Employee Referral,Application Review,Automated job-related knockout criteria not met,3.10,,,,,,,,No,No,
CAND-2026-1180,Synthetic Candidate 1180,Female,Focal Group,REQ-2026-ENG-G1,2026-01-18,LinkedIn Recruiter,Application Review,Automated job-related knockout criteria not met,2.60,,,,,,,,No,No,
CAND-2026-1181,Synthetic Candidate 1181,Male,Reference Group,REQ-2026-ENG-G1,2026-01-12,Skills Academy,Shortlisted,Not advanced to standardized assessment,4.10,4.70,,,,,,,No,No,
CAND-2026-1182,Synthetic Candidate 1182,Male,Reference Group,REQ-2026-ENG-G1,2026-01-19,Direct Career Portal,Shortlisted,Not advanced to standardized assessment,3.40,4.20,,,,,,,No,No,
CAND-2026-1183,Synthetic Candidate 1183,Male,Reference Group,REQ-2026-ENG-G1,2026-01-13,Regional Hiring Drive,Shortlisted,Not advanced to standardized assessment,4.10,3.70,,,,,,,No,No,
CAND-2026-1184,Synthetic Candidate 1184,Female,Focal Group,REQ-2026-ENG-G1,2026-01-20,Employee Referral,Application Review,Automated job-related knockout criteria not met,3.00,,,,,,,,No,No,
CAND-2026-1185,Synthetic Candidate 1185,Female,Focal Group,REQ-2026-ENG-G1,2026-01-14,LinkedIn Recruiter,Application Review,Automated job-related knockout criteria not met,2.50,,,,,,,,No,No,
CAND-2026-1186,Synthetic Candidate 1186,Male,Reference Group,REQ-2026-ENG-G1,2026-01-21,Skills Academy,Shortlisted,Not advanced to standardized assessment,3.40,3.80,,,,,,,No,No,
CAND-2026-1187,Synthetic Candidate 1187,Male,Reference Group,REQ-2026-ENG-G1,2026-01-15,Direct Career Portal,Shortlisted,Not advanced to standardized assessment,4.10,3.30,,,,,,,No,No,
CAND-2026-1188,Synthetic Candidate 1188,Male,Reference Group,REQ-2026-ENG-G1,2026-01-22,Regional Hiring Drive,Shortlisted,Not advanced to standardized assessment,3.40,4.40,,,,,,,No,No,
CAND-2026-1189,Synthetic Candidate 1189,Female,Focal Group,REQ-2026-ENG-G1,2026-01-16,Employee Referral,Application Review,Automated job-related knockout criteria not met,2.90,,,,,,,,No,No,
CAND-2026-1190,Synthetic Candidate 1190,Female,Focal Group,REQ-2026-ENG-G1,2026-01-10,LinkedIn Recruiter,Application Review,Automated job-related knockout criteria not met,2.40,,,,,,,,No,No,
CAND-2026-1191,Synthetic Candidate 1191,Male,Reference Group,REQ-2026-ENG-G1,2026-01-17,Skills Academy,Shortlisted,Not advanced to standardized assessment,4.10,4.50,,,,,,,No,No,
CAND-2026-1192,Synthetic Candidate 1192,Male,Reference Group,REQ-2026-ENG-G1,2026-01-11,Direct Career Portal,Shortlisted,Not advanced to standardized assessment,3.40,4.00,,,,,,,No,No,
CAND-2026-1193,Synthetic Candidate 1193,Male,Reference Group,REQ-2026-ENG-G1,2026-01-18,Regional Hiring Drive,Shortlisted,Not advanced to standardized assessment,4.10,3.50,,,,,,,No,No,
CAND-2026-1194,Synthetic Candidate 1194,Female,Focal Group,REQ-2026-ENG-G1,2026-01-12,Employee Referral,Application Review,Automated job-related knockout criteria not met,2.80,,,,,,,,No,No,
CAND-2026-1195,Synthetic Candidate 1195,Female,Focal Group,REQ-2026-ENG-G1,2026-01-19,LinkedIn Recruiter,Application Review,Automated job-related knockout criteria not met,2.30,,,,,,,,No,No,
CAND-2026-1196,Synthetic Candidate 1196,Male,Reference Group,REQ-2026-ENG-G1,2026-01-13,Skills Academy,Shortlisted,Not advanced to standardized assessment,3.40,3.60,,,,,,,No,No,
CAND-2026-1197,Synthetic Candidate 1197,Male,Reference Group,REQ-2026-ENG-G1,2026-01-20,Direct Career Portal,Shortlisted,Not advanced to standardized assessment,4.10,4.70,,,,,,,No,No,
CAND-2026-1198,Synthetic Candidate 1198,Male,Reference Group,REQ-2026-ENG-G1,2026-01-14,Regional Hiring Drive,Shortlisted,Not advanced to standardized assessment,3.40,4.20,,,,,,,No,No,
CAND-2026-1199,Synthetic Candidate 1199,Female,Focal Group,REQ-2026-ENG-G1,2026-01-21,Employee Referral,Application Review,Automated job-related knockout criteria not met,2.70,,,,,,,,No,No,
CAND-2026-1200,Synthetic Candidate 1200,Female,Focal Group,REQ-2026-ENG-G1,2026-01-15,LinkedIn Recruiter,Application Review,Automated job-related knockout criteria not met,2.20,,,,,,,,No,No,
CAND-2026-1201,Synthetic Candidate 1201,Male,Reference Group,REQ-2026-ENG-G1,2026-01-22,Skills Academy,Shortlisted,Not advanced to standardized assessment,4.10,4.30,,,,,,,No,No,
CAND-2026-1202,Synthetic Candidate 1202,Male,Reference Group,REQ-2026-ENG-G1,2026-01-16,Direct Career Portal,Shortlisted,Not advanced to standardized assessment,3.40,3.80,,,,,,,No,No,
CAND-2026-1203,Synthetic Candidate 1203,Male,Reference Group,REQ-2026-ENG-G1,2026-01-10,Regional Hiring Drive,Shortlisted,Not advanced to standardized assessment,4.10,3.30,,,,,,,No,No,
CAND-2026-1204,Synthetic Candidate 1204,Female,Focal Group,REQ-2026-ENG-G1,2026-01-17,Employee Referral,Application Review,Automated job-related knockout criteria not met,2.60,,,,,,,,No,No,
CAND-2026-1205,Synthetic Candidate 1205,Female,Focal Group,REQ-2026-ENG-G1,2026-01-11,LinkedIn Recruiter,Application Review,Automated job-related knockout criteria not met,3.30,,,,,,,,No,No,
CAND-2026-1206,Synthetic Candidate 1206,Male,Reference Group,REQ-2026-ENG-G1,2026-01-18,Skills Academy,Shortlisted,Not advanced to standardized assessment,3.40,3.40,,,,,,,No,No,
CAND-2026-1207,Synthetic Candidate 1207,Male,Reference Group,REQ-2026-ENG-G1,2026-01-12,Direct Career Portal,Shortlisted,Not advanced to standardized assessment,4.10,4.50,,,,,,,No,No,
CAND-2026-1208,Synthetic Candidate 1208,Male,Reference Group,REQ-2026-ENG-G1,2026-01-19,Regional Hiring Drive,Shortlisted,Not advanced to standardized assessment,3.40,4.00,,,,,,,No,No,
CAND-2026-1209,Synthetic Candidate 1209,Female,Focal Group,REQ-2026-ENG-G1,2026-01-13,Employee Referral,Application Review,Automated job-related knockout criteria not met,2.50,,,,,,,,No,No,
CAND-2026-1210,Synthetic Candidate 1210,Female,Focal Group,REQ-2026-ENG-G1,2026-01-20,LinkedIn Recruiter,Application Review,Automated job-related knockout criteria not met,3.20,,,,,,,,No,No,
CAND-2026-1211,Synthetic Candidate 1211,Male,Reference Group,REQ-2026-ENG-G1,2026-01-14,Skills Academy,Shortlisted,Not advanced to standardized assessment,4.10,4.10,,,,,,,No,No,
CAND-2026-1212,Synthetic Candidate 1212,Male,Reference Group,REQ-2026-ENG-G1,2026-01-21,Direct Career Portal,Shortlisted,Not advanced to standardized assessment,3.40,3.60,,,,,,,No,No,
CAND-2026-1213,Synthetic Candidate 1213,Male,Reference Group,REQ-2026-ENG-G1,2026-01-15,Regional Hiring Drive,Shortlisted,Not advanced to standardized assessment,4.10,4.70,,,,,,,No,No,
CAND-2026-1214,Synthetic Candidate 1214,Female,Focal Group,REQ-2026-ENG-G1,2026-01-22,Employee Referral,Application Review,Automated job-related knockout criteria not met,2.40,,,,,,,,No,No,
CAND-2026-1215,Synthetic Candidate 1215,Female,Focal Group,REQ-2026-ENG-G1,2026-01-16,LinkedIn Recruiter,Application Review,Automated job-related knockout criteria not met,3.10,,,,,,,,No,No,
CAND-2026-1216,Synthetic Candidate 1216,Male,Reference Group,REQ-2026-ENG-G1,2026-01-10,Skills Academy,Shortlisted,Not advanced to standardized assessment,3.40,3.20,,,,,,,No,No,
CAND-2026-1217,Synthetic Candidate 1217,Male,Reference Group,REQ-2026-ENG-G1,2026-01-17,Direct Career Portal,Application Review,Automated job-related knockout criteria not met,3.30,,,,,,,,No,No,
CAND-2026-1218,Synthetic Candidate 1218,Male,Reference Group,REQ-2026-ENG-G1,2026-01-11,Regional Hiring Drive,Application Review,Automated job-related knockout criteria not met,2.80,,,,,,,,No,No,
CAND-2026-1219,Synthetic Candidate 1219,Female,Focal Group,REQ-2026-ENG-G1,2026-01-18,Employee Referral,Application Review,Automated job-related knockout criteria not met,2.30,,,,,,,,No,No,
CAND-2026-1220,Synthetic Candidate 1220,Female,Focal Group,REQ-2026-ENG-G1,2026-01-12,LinkedIn Recruiter,Application Review,Automated job-related knockout criteria not met,3.00,,,,,,,,No,No,
CAND-2026-1221,Synthetic Candidate 1221,Male,Reference Group,REQ-2026-ENG-G1,2026-01-19,Skills Academy,Application Review,Automated job-related knockout criteria not met,2.50,,,,,,,,No,No,
CAND-2026-1222,Synthetic Candidate 1222,Male,Reference Group,REQ-2026-ENG-G1,2026-01-13,Direct Career Portal,Application Review,Automated job-related knockout criteria not met,3.20,,,,,,,,No,No,
CAND-2026-1223,Synthetic Candidate 1223,Male,Reference Group,REQ-2026-ENG-G1,2026-01-20,Regional Hiring Drive,Application Review,Automated job-related knockout criteria not met,2.70,,,,,,,,No,No,
CAND-2026-1224,Synthetic Candidate 1224,Female,Focal Group,REQ-2026-ENG-G1,2026-01-14,Employee Referral,Application Review,Automated job-related knockout criteria not met,2.20,,,,,,,,No,No,
CAND-2026-1225,Synthetic Candidate 1225,Female,Focal Group,REQ-2026-ENG-G1,2026-01-21,LinkedIn Recruiter,Application Review,Automated job-related knockout criteria not met,2.90,,,,,,,,No,No,
CAND-2026-1226,Synthetic Candidate 1226,Male,Reference Group,REQ-2026-ENG-G1,2026-01-15,Skills Academy,Application Review,Automated job-related knockout criteria not met,2.40,,,,,,,,No,No,
CAND-2026-1227,Synthetic Candidate 1227,Male,Reference Group,REQ-2026-ENG-G1,2026-01-22,Direct Career Portal,Application Review,Automated job-related knockout criteria not met,3.10,,,,,,,,No,No,
CAND-2026-1228,Synthetic Candidate 1228,Male,Reference Group,REQ-2026-ENG-G1,2026-01-16,Regional Hiring Drive,Application Review,Automated job-related knockout criteria not met,2.60,,,,,,,,No,No,
CAND-2026-1229,Synthetic Candidate 1229,Female,Focal Group,REQ-2026-ENG-G1,2026-01-10,Employee Referral,Application Review,Automated job-related knockout criteria not met,3.30,,,,,,,,No,No,
CAND-2026-1230,Synthetic Candidate 1230,Female,Focal Group,REQ-2026-ENG-G1,2026-01-17,LinkedIn Recruiter,Application Review,Automated job-related knockout criteria not met,2.80,,,,,,,,No,No,
CAND-2026-1231,Synthetic Candidate 1231,Male,Reference Group,REQ-2026-ENG-G1,2026-01-11,Skills Academy,Application Review,Automated job-related knockout criteria not met,2.30,,,,,,,,No,No,
CAND-2026-1232,Synthetic Candidate 1232,Male,Reference Group,REQ-2026-ENG-G1,2026-01-18,Direct Career Portal,Application Review,Automated job-related knockout criteria not met,3.00,,,,,,,,No,No,
CAND-2026-1233,Synthetic Candidate 1233,Male,Reference Group,REQ-2026-ENG-G1,2026-01-12,Regional Hiring Drive,Application Review,Automated job-related knockout criteria not met,2.50,,,,,,,,No,No,
CAND-2026-1234,Synthetic Candidate 1234,Female,Focal Group,REQ-2026-ENG-G1,2026-01-19,Employee Referral,Application Review,Automated job-related knockout criteria not met,3.20,,,,,,,,No,No,
CAND-2026-1235,Synthetic Candidate 1235,Female,Focal Group,REQ-2026-ENG-G1,2026-01-13,LinkedIn Recruiter,Application Review,Automated job-related knockout criteria not met,2.70,,,,,,,,No,No,
CAND-2026-1236,Synthetic Candidate 1236,Male,Reference Group,REQ-2026-ENG-G1,2026-01-20,Skills Academy,Application Review,Automated job-related knockout criteria not met,2.20,,,,,,,,No,No,
CAND-2026-1237,Synthetic Candidate 1237,Male,Reference Group,REQ-2026-ENG-G1,2026-01-14,Direct Career Portal,Application Review,Automated job-related knockout criteria not met,2.90,,,,,,,,No,No,
CAND-2026-1238,Synthetic Candidate 1238,Male,Reference Group,REQ-2026-ENG-G1,2026-01-21,Regional Hiring Drive,Application Review,Automated job-related knockout criteria not met,2.40,,,,,,,,No,No,
CAND-2026-1239,Synthetic Candidate 1239,Female,Focal Group,REQ-2026-ENG-G1,2026-01-15,Employee Referral,Application Review,Automated job-related knockout criteria not met,3.10,,,,,,,,No,No,
CAND-2026-1240,Synthetic Candidate 1240,Female,Focal Group,REQ-2026-ENG-G1,2026-01-22,LinkedIn Recruiter,Application Review,Automated job-related knockout criteria not met,2.60,,,,,,,,No,No,
CAND-2026-1241,Synthetic Candidate 1241,Male,Reference Group,REQ-2026-ENG-G1,2026-01-16,Skills Academy,Application Review,Automated job-related knockout criteria not met,3.30,,,,,,,,No,No,
CAND-2026-1242,Synthetic Candidate 1242,Male,Reference Group,REQ-2026-ENG-G1,2026-01-10,Direct Career Portal,Application Review,Automated job-related knockout criteria not met,2.80,,,,,,,,No,No,
CAND-2026-1243,Synthetic Candidate 1243,Male,Reference Group,REQ-2026-ENG-G1,2026-01-17,Regional Hiring Drive,Application Review,Automated job-related knockout criteria not met,2.30,,,,,,,,No,No,
CAND-2026-1244,Synthetic Candidate 1244,Female,Focal Group,REQ-2026-ENG-G1,2026-01-11,Employee Referral,Application Review,Automated job-related knockout criteria not met,3.00,,,,,,,,No,No,
CAND-2026-1245,Synthetic Candidate 1245,Female,Focal Group,REQ-2026-ENG-G1,2026-01-18,LinkedIn Recruiter,Application Review,Automated job-related knockout criteria not met,2.50,,,,,,,,No,No,
CAND-2026-1246,Synthetic Candidate 1246,Male,Reference Group,REQ-2026-ENG-G1,2026-01-12,Skills Academy,Application Review,Automated job-related knockout criteria not met,3.20,,,,,,,,No,No,
CAND-2026-1247,Synthetic Candidate 1247,Male,Reference Group,REQ-2026-ENG-G1,2026-01-19,Direct Career Portal,Application Review,Automated job-related knockout criteria not met,2.70,,,,,,,,No,No,
CAND-2026-1248,Synthetic Candidate 1248,Male,Reference Group,REQ-2026-ENG-G1,2026-01-13,Regional Hiring Drive,Application Review,Automated job-related knockout criteria not met,2.20,,,,,,,,No,No,
CAND-2026-1249,Synthetic Candidate 1249,Female,Focal Group,REQ-2026-ENG-G1,2026-01-20,Employee Referral,Application Review,Automated job-related knockout criteria not met,2.90,,,,,,,,No,No,
CAND-2026-1250,Synthetic Candidate 1250,Female,Focal Group,REQ-2026-ENG-G1,2026-01-14,LinkedIn Recruiter,Application Review,Automated job-related knockout criteria not met,2.40,,,,,,,,No,No,
CAND-2026-1251,Synthetic Candidate 1251,Male,Reference Group,REQ-2026-ENG-G1,2026-01-21,Skills Academy,Application Review,Automated job-related knockout criteria not met,3.10,,,,,,,,No,No,
CAND-2026-1252,Synthetic Candidate 1252,Male,Reference Group,REQ-2026-ENG-G1,2026-01-15,Direct Career Portal,Application Review,Automated job-related knockout criteria not met,2.60,,,,,,,,No,No,
CAND-2026-1253,Synthetic Candidate 1253,Male,Reference Group,REQ-2026-ENG-G1,2026-01-22,Regional Hiring Drive,Application Review,Automated job-related knockout criteria not met,3.30,,,,,,,,No,No,
CAND-2026-1254,Synthetic Candidate 1254,Female,Focal Group,REQ-2026-ENG-G1,2026-01-16,Employee Referral,Application Review,Automated job-related knockout criteria not met,2.80,,,,,,,,No,No,
CAND-2026-1255,Synthetic Candidate 1255,Female,Focal Group,REQ-2026-ENG-G1,2026-01-10,LinkedIn Recruiter,Application Review,Automated job-related knockout criteria not met,2.30,,,,,,,,No,No,
CAND-2026-1256,Synthetic Candidate 1256,Male,Reference Group,REQ-2026-ENG-G1,2026-01-17,Skills Academy,Application Review,Automated job-related knockout criteria not met,3.00,,,,,,,,No,No,
CAND-2026-1257,Synthetic Candidate 1257,Male,Reference Group,REQ-2026-ENG-G1,2026-01-11,Direct Career Portal,Application Review,Automated job-related knockout criteria not met,2.50,,,,,,,,No,No,
CAND-2026-1258,Synthetic Candidate 1258,Male,Reference Group,REQ-2026-ENG-G1,2026-01-18,Regional Hiring Drive,Application Review,Automated job-related knockout criteria not met,3.20,,,,,,,,No,No,
CAND-2026-1259,Synthetic Candidate 1259,Female,Focal Group,REQ-2026-ENG-G1,2026-01-12,Employee Referral,Application Review,Automated job-related knockout criteria not met,2.70,,,,,,,,No,No,
CAND-2026-1260,Synthetic Candidate 1260,Female,Focal Group,REQ-2026-ENG-G1,2026-01-19,LinkedIn Recruiter,Application Review,Automated job-related knockout criteria not met,2.20,,,,,,,,No,No,
CAND-2026-1261,Synthetic Candidate 1261,Male,Reference Group,REQ-2026-ENG-G1,2026-01-13,Skills Academy,Application Review,Automated job-related knockout criteria not met,2.90,,,,,,,,No,No,
CAND-2026-1262,Synthetic Candidate 1262,Male,Reference Group,REQ-2026-ENG-G1,2026-01-20,Direct Career Portal,Application Review,Automated job-related knockout criteria not met,2.40,,,,,,,,No,No,
CAND-2026-1263,Synthetic Candidate 1263,Male,Reference Group,REQ-2026-ENG-G1,2026-01-14,Regional Hiring Drive,Application Review,Automated job-related knockout criteria not met,3.10,,,,,,,,No,No,
CAND-2026-1264,Synthetic Candidate 1264,Female,Focal Group,REQ-2026-ENG-G1,2026-01-21,Employee Referral,Application Review,Automated job-related knockout criteria not met,2.60,,,,,,,,No,No,
CAND-2026-1265,Synthetic Candidate 1265,Female,Focal Group,REQ-2026-ENG-G1,2026-01-15,LinkedIn Recruiter,Application Review,Automated job-related knockout criteria not met,3.30,,,,,,,,No,No,
CAND-2026-1266,Synthetic Candidate 1266,Male,Reference Group,REQ-2026-ENG-G1,2026-01-22,Skills Academy,Application Review,Automated job-related knockout criteria not met,2.80,,,,,,,,No,No,
CAND-2026-1267,Synthetic Candidate 1267,Male,Reference Group,REQ-2026-ENG-G1,2026-01-16,Direct Career Portal,Application Review,Automated job-related knockout criteria not met,2.30,,,,,,,,No,No,
CAND-2026-1268,Synthetic Candidate 1268,Male,Reference Group,REQ-2026-ENG-G1,2026-01-10,Regional Hiring Drive,Application Review,Automated job-related knockout criteria not met,3.00,,,,,,,,No,No,
CAND-2026-1269,Synthetic Candidate 1269,Female,Focal Group,REQ-2026-ENG-G1,2026-01-17,Employee Referral,Application Review,Automated job-related knockout criteria not met,2.50,,,,,,,,No,No,
CAND-2026-1270,Synthetic Candidate 1270,Female,Focal Group,REQ-2026-ENG-G1,2026-01-11,LinkedIn Recruiter,Application Review,Automated job-related knockout criteria not met,3.20,,,,,,,,No,No,
CAND-2026-1271,Synthetic Candidate 1271,Male,Reference Group,REQ-2026-ENG-G1,2026-01-18,Skills Academy,Application Review,Automated job-related knockout criteria not met,2.70,,,,,,,,No,No,
CAND-2026-1272,Synthetic Candidate 1272,Male,Reference Group,REQ-2026-ENG-G1,2026-01-12,Direct Career Portal,Application Review,Automated job-related knockout criteria not met,2.20,,,,,,,,No,No,
CAND-2026-1273,Synthetic Candidate 1273,Male,Reference Group,REQ-2026-ENG-G1,2026-01-19,Regional Hiring Drive,Application Review,Automated job-related knockout criteria not met,2.90,,,,,,,,No,No,
CAND-2026-1274,Synthetic Candidate 1274,Female,Focal Group,REQ-2026-ENG-G1,2026-01-13,Employee Referral,Application Review,Automated job-related knockout criteria not met,2.40,,,,,,,,No,No,
CAND-2026-1275,Synthetic Candidate 1275,Female,Focal Group,REQ-2026-ENG-G1,2026-01-20,LinkedIn Recruiter,Application Review,Automated job-related knockout criteria not met,3.10,,,,,,,,No,No,
CAND-2026-1276,Synthetic Candidate 1276,Male,Reference Group,REQ-2026-ENG-G1,2026-01-14,Skills Academy,Application Review,Automated job-related knockout criteria not met,2.60,,,,,,,,No,No,
CAND-2026-1277,Synthetic Candidate 1277,Male,Reference Group,REQ-2026-ENG-G1,2026-01-21,Direct Career Portal,Application Review,Automated job-related knockout criteria not met,3.30,,,,,,,,No,No,
CAND-2026-1278,Synthetic Candidate 1278,Male,Reference Group,REQ-2026-ENG-G1,2026-01-15,Regional Hiring Drive,Application Review,Automated job-related knockout criteria not met,2.80,,,,,,,,No,No,
CAND-2026-1279,Synthetic Candidate 1279,Female,Focal Group,REQ-2026-ENG-G1,2026-01-22,Employee Referral,Application Review,Automated job-related knockout criteria not met,2.30,,,,,,,,No,No,
CAND-2026-1280,Synthetic Candidate 1280,Female,Focal Group,REQ-2026-ENG-G1,2026-01-16,LinkedIn Recruiter,Application Review,Automated job-related knockout criteria not met,3.00,,,,,,,,No,No,
CAND-2026-1281,Synthetic Candidate 1281,Male,Reference Group,REQ-2026-ENG-G1,2026-01-10,Skills Academy,Application Review,Automated job-related knockout criteria not met,2.50,,,,,,,,No,No,
CAND-2026-1282,Synthetic Candidate 1282,Male,Reference Group,REQ-2026-ENG-G1,2026-01-17,Direct Career Portal,Application Review,Automated job-related knockout criteria not met,3.20,,,,,,,,No,No,
CAND-2026-1283,Synthetic Candidate 1283,Male,Reference Group,REQ-2026-ENG-G1,2026-01-11,Regional Hiring Drive,Application Review,Automated job-related knockout criteria not met,2.70,,,,,,,,No,No,
CAND-2026-1284,Synthetic Candidate 1284,Female,Focal Group,REQ-2026-ENG-G1,2026-01-18,Employee Referral,Application Review,Automated job-related knockout criteria not met,2.20,,,,,,,,No,No,
CAND-2026-1285,Synthetic Candidate 1285,Female,Focal Group,REQ-2026-ENG-G1,2026-01-12,LinkedIn Recruiter,Application Review,Automated job-related knockout criteria not met,2.90,,,,,,,,No,No,
CAND-2026-1286,Synthetic Candidate 1286,Male,Reference Group,REQ-2026-ENG-G1,2026-01-19,Skills Academy,Application Review,Automated job-related knockout criteria not met,2.40,,,,,,,,No,No,
CAND-2026-1287,Synthetic Candidate 1287,Male,Reference Group,REQ-2026-ENG-G1,2026-01-13,Direct Career Portal,Application Review,Automated job-related knockout criteria not met,3.10,,,,,,,,No,No,
CAND-2026-1288,Synthetic Candidate 1288,Male,Reference Group,REQ-2026-ENG-G1,2026-01-20,Regional Hiring Drive,Application Review,Automated job-related knockout criteria not met,2.60,,,,,,,,No,No,
CAND-2026-1289,Synthetic Candidate 1289,Female,Focal Group,REQ-2026-ENG-G1,2026-01-14,Employee Referral,Application Review,Automated job-related knockout criteria not met,3.30,,,,,,,,No,No,
CAND-2026-1290,Synthetic Candidate 1290,Female,Focal Group,REQ-2026-ENG-G1,2026-01-21,LinkedIn Recruiter,Application Review,Automated job-related knockout criteria not met,2.80,,,,,,,,No,No,
CAND-2026-1291,Synthetic Candidate 1291,Male,Reference Group,REQ-2026-ENG-G1,2026-01-15,Skills Academy,Application Review,Automated job-related knockout criteria not met,2.30,,,,,,,,No,No,
CAND-2026-1292,Synthetic Candidate 1292,Male,Reference Group,REQ-2026-ENG-G1,2026-01-22,Direct Career Portal,Application Review,Automated job-related knockout criteria not met,3.00,,,,,,,,No,No,
CAND-2026-1293,Synthetic Candidate 1293,Male,Reference Group,REQ-2026-ENG-G1,2026-01-16,Regional Hiring Drive,Application Review,Automated job-related knockout criteria not met,2.50,,,,,,,,No,No,
CAND-2026-1294,Synthetic Candidate 1294,Female,Focal Group,REQ-2026-ENG-G1,2026-01-10,Employee Referral,Application Review,Automated job-related knockout criteria not met,3.20,,,,,,,,No,No,
CAND-2026-1295,Synthetic Candidate 1295,Female,Focal Group,REQ-2026-ENG-G1,2026-01-17,LinkedIn Recruiter,Application Review,Automated job-related knockout criteria not met,2.70,,,,,,,,No,No,
CAND-2026-1296,Synthetic Candidate 1296,Male,Reference Group,REQ-2026-ENG-G1,2026-01-11,Skills Academy,Application Review,Automated job-related knockout criteria not met,2.20,,,,,,,,No,No,
CAND-2026-1297,Synthetic Candidate 1297,Male,Reference Group,REQ-2026-ENG-G1,2026-01-18,Direct Career Portal,Application Review,Automated job-related knockout criteria not met,2.90,,,,,,,,No,No,
CAND-2026-1298,Synthetic Candidate 1298,Male,Reference Group,REQ-2026-ENG-G1,2026-01-12,Regional Hiring Drive,Application Review,Automated job-related knockout criteria not met,2.40,,,,,,,,No,No,
CAND-2026-1299,Synthetic Candidate 1299,Female,Focal Group,REQ-2026-ENG-G1,2026-01-19,Employee Referral,Application Review,Automated job-related knockout criteria not met,3.10,,,,,,,,No,No,
CAND-2026-1300,Synthetic Candidate 1300,Female,Focal Group,REQ-2026-ENG-G1,2026-01-13,LinkedIn Recruiter,Application Review,Automated job-related knockout criteria not met,2.60,,,,,,,,No,No,
CAND-2026-1301,Synthetic Candidate 1301,Male,Reference Group,REQ-2026-ENG-G1,2026-01-20,Skills Academy,Application Review,Automated job-related knockout criteria not met,3.30,,,,,,,,No,No,
CAND-2026-1302,Synthetic Candidate 1302,Male,Reference Group,REQ-2026-ENG-G1,2026-01-14,Direct Career Portal,Application Review,Automated job-related knockout criteria not met,2.80,,,,,,,,No,No,
CAND-2026-1303,Synthetic Candidate 1303,Male,Reference Group,REQ-2026-ENG-G1,2026-01-21,Regional Hiring Drive,Application Review,Automated job-related knockout criteria not met,2.30,,,,,,,,No,No,
CAND-2026-1304,Synthetic Candidate 1304,Female,Focal Group,REQ-2026-ENG-G1,2026-01-15,Employee Referral,Application Review,Automated job-related knockout criteria not met,3.00,,,,,,,,No,No,
CAND-2026-1305,Synthetic Candidate 1305,Female,Focal Group,REQ-2026-ENG-G1,2026-01-22,LinkedIn Recruiter,Application Review,Automated job-related knockout criteria not met,2.50,,,,,,,,No,No,
CAND-2026-1306,Synthetic Candidate 1306,Male,Reference Group,REQ-2026-ENG-G1,2026-01-16,Skills Academy,Application Review,Automated job-related knockout criteria not met,3.20,,,,,,,,No,No,
CAND-2026-1307,Synthetic Candidate 1307,Male,Reference Group,REQ-2026-ENG-G1,2026-01-10,Direct Career Portal,Application Review,Automated job-related knockout criteria not met,2.70,,,,,,,,No,No,
CAND-2026-1308,Synthetic Candidate 1308,Male,Reference Group,REQ-2026-ENG-G1,2026-01-17,Regional Hiring Drive,Application Review,Automated job-related knockout criteria not met,2.20,,,,,,,,No,No,
CAND-2026-1309,Synthetic Candidate 1309,Female,Focal Group,REQ-2026-ENG-G1,2026-01-11,Employee Referral,Application Review,Automated job-related knockout criteria not met,2.90,,,,,,,,No,No,
CAND-2026-1310,Synthetic Candidate 1310,Female,Focal Group,REQ-2026-ENG-G1,2026-01-18,LinkedIn Recruiter,Application Review,Automated job-related knockout criteria not met,2.40,,,,,,,,No,No,
CAND-2026-1311,Synthetic Candidate 1311,Male,Reference Group,REQ-2026-ENG-G1,2026-01-12,Skills Academy,Application Review,Automated job-related knockout criteria not met,3.10,,,,,,,,No,No,
CAND-2026-1312,Synthetic Candidate 1312,Male,Reference Group,REQ-2026-ENG-G1,2026-01-19,Direct Career Portal,Application Review,Automated job-related knockout criteria not met,2.60,,,,,,,,No,No,
CAND-2026-1313,Synthetic Candidate 1313,Male,Reference Group,REQ-2026-ENG-G1,2026-01-13,Regional Hiring Drive,Application Review,Automated job-related knockout criteria not met,3.30,,,,,,,,No,No,
CAND-2026-1314,Synthetic Candidate 1314,Female,Focal Group,REQ-2026-ENG-G1,2026-01-20,Employee Referral,Application Review,Automated job-related knockout criteria not met,2.80,,,,,,,,No,No,
CAND-2026-1315,Synthetic Candidate 1315,Female,Focal Group,REQ-2026-ENG-G1,2026-01-14,LinkedIn Recruiter,Application Review,Automated job-related knockout criteria not met,2.30,,,,,,,,No,No,
CAND-2026-1316,Synthetic Candidate 1316,Male,Reference Group,REQ-2026-ENG-G1,2026-01-21,Skills Academy,Application Review,Automated job-related knockout criteria not met,3.00,,,,,,,,No,No,
CAND-2026-1317,Synthetic Candidate 1317,Male,Reference Group,REQ-2026-ENG-G1,2026-01-15,Direct Career Portal,Application Review,Automated job-related knockout criteria not met,2.50,,,,,,,,No,No,
CAND-2026-1318,Synthetic Candidate 1318,Male,Reference Group,REQ-2026-ENG-G1,2026-01-22,Regional Hiring Drive,Application Review,Automated job-related knockout criteria not met,3.20,,,,,,,,No,No,
CAND-2026-1319,Synthetic Candidate 1319,Female,Focal Group,REQ-2026-ENG-G1,2026-01-16,Employee Referral,Application Review,Automated job-related knockout criteria not met,2.70,,,,,,,,No,No,
CAND-2026-1320,Synthetic Candidate 1320,Female,Focal Group,REQ-2026-ENG-G1,2026-01-10,LinkedIn Recruiter,Application Review,Automated job-related knockout criteria not met,2.20,,,,,,,,No,No,
CAND-2026-1321,Synthetic Candidate 1321,Male,Reference Group,REQ-2026-ENG-G1,2026-01-17,Skills Academy,Application Review,Automated job-related knockout criteria not met,2.90,,,,,,,,No,No,
CAND-2026-1322,Synthetic Candidate 1322,Male,Reference Group,REQ-2026-ENG-G1,2026-01-11,Direct Career Portal,Application Review,Automated job-related knockout criteria not met,2.40,,,,,,,,No,No,
CAND-2026-1323,Synthetic Candidate 1323,Male,Reference Group,REQ-2026-ENG-G1,2026-01-18,Regional Hiring Drive,Application Review,Automated job-related knockout criteria not met,3.10,,,,,,,,No,No,
CAND-2026-1324,Synthetic Candidate 1324,Female,Focal Group,REQ-2026-ENG-G1,2026-01-12,Employee Referral,Application Review,Automated job-related knockout criteria not met,2.60,,,,,,,,No,No,
CAND-2026-1325,Synthetic Candidate 1325,Female,Focal Group,REQ-2026-ENG-G1,2026-01-19,LinkedIn Recruiter,Application Review,Automated job-related knockout criteria not met,3.30,,,,,,,,No,No,
CAND-2026-1326,Synthetic Candidate 1326,Male,Reference Group,REQ-2026-ENG-G1,2026-01-13,Skills Academy,Application Review,Automated job-related knockout criteria not met,2.80,,,,,,,,No,No,
CAND-2026-1327,Synthetic Candidate 1327,Male,Reference Group,REQ-2026-ENG-G1,2026-01-20,Direct Career Portal,Application Review,Automated job-related knockout criteria not met,2.30,,,,,,,,No,No,
CAND-2026-1328,Synthetic Candidate 1328,Male,Reference Group,REQ-2026-ENG-G1,2026-01-14,Regional Hiring Drive,Application Review,Automated job-related knockout criteria not met,3.00,,,,,,,,No,No,
CAND-2026-1329,Synthetic Candidate 1329,Female,Focal Group,REQ-2026-ENG-G1,2026-01-21,Employee Referral,Application Review,Automated job-related knockout criteria not met,2.50,,,,,,,,No,No,
CAND-2026-1330,Synthetic Candidate 1330,Female,Focal Group,REQ-2026-ENG-G1,2026-01-15,LinkedIn Recruiter,Application Review,Automated job-related knockout criteria not met,3.20,,,,,,,,No,No,
CAND-2026-1331,Synthetic Candidate 1331,Male,Reference Group,REQ-2026-ENG-G1,2026-01-22,Skills Academy,Application Review,Automated job-related knockout criteria not met,2.70,,,,,,,,No,No,
CAND-2026-1332,Synthetic Candidate 1332,Male,Reference Group,REQ-2026-ENG-G1,2026-01-16,Direct Career Portal,Application Review,Automated job-related knockout criteria not met,2.20,,,,,,,,No,No,
CAND-2026-1333,Synthetic Candidate 1333,Male,Reference Group,REQ-2026-ENG-G1,2026-01-10,Regional Hiring Drive,Application Review,Automated job-related knockout criteria not met,2.90,,,,,,,,No,No,
CAND-2026-1334,Synthetic Candidate 1334,Female,Focal Group,REQ-2026-ENG-G1,2026-01-17,Employee Referral,Application Review,Automated job-related knockout criteria not met,2.40,,,,,,,,No,No,
CAND-2026-1335,Synthetic Candidate 1335,Female,Focal Group,REQ-2026-ENG-G1,2026-01-11,LinkedIn Recruiter,Application Review,Automated job-related knockout criteria not met,3.10,,,,,,,,No,No,
CAND-2026-1336,Synthetic Candidate 1336,Male,Reference Group,REQ-2026-ENG-G1,2026-01-18,Skills Academy,Application Review,Automated job-related knockout criteria not met,2.60,,,,,,,,No,No,
CAND-2026-1337,Synthetic Candidate 1337,Male,Reference Group,REQ-2026-ENG-G1,2026-01-12,Direct Career Portal,Application Review,Automated job-related knockout criteria not met,3.30,,,,,,,,No,No,
CAND-2026-1338,Synthetic Candidate 1338,Male,Reference Group,REQ-2026-ENG-G1,2026-01-19,Regional Hiring Drive,Application Review,Automated job-related knockout criteria not met,2.80,,,,,,,,No,No,
CAND-2026-1339,Synthetic Candidate 1339,Female,Focal Group,REQ-2026-ENG-G1,2026-01-13,Employee Referral,Application Review,Automated job-related knockout criteria not met,2.30,,,,,,,,No,No,
CAND-2026-1340,Synthetic Candidate 1340,Female,Focal Group,REQ-2026-ENG-G1,2026-01-20,LinkedIn Recruiter,Application Review,Automated job-related knockout criteria not met,3.00,,,,,,,,No,No,
CAND-2026-1341,Synthetic Candidate 1341,Male,Reference Group,REQ-2026-ENG-G1,2026-01-14,Skills Academy,Application Review,Automated job-related knockout criteria not met,2.50,,,,,,,,No,No,
CAND-2026-1342,Synthetic Candidate 1342,Male,Reference Group,REQ-2026-ENG-G1,2026-01-21,Direct Career Portal,Application Review,Automated job-related knockout criteria not met,3.20,,,,,,,,No,No,
CAND-2026-1343,Synthetic Candidate 1343,Male,Reference Group,REQ-2026-ENG-G1,2026-01-15,Regional Hiring Drive,Application Review,Automated job-related knockout criteria not met,2.70,,,,,,,,No,No,
CAND-2026-1344,Synthetic Candidate 1344,Female,Focal Group,REQ-2026-ENG-G1,2026-01-22,Employee Referral,Application Review,Automated job-related knockout criteria not met,2.20,,,,,,,,No,No,
CAND-2026-1345,Synthetic Candidate 1345,Female,Focal Group,REQ-2026-ENG-G1,2026-01-16,LinkedIn Recruiter,Application Review,Automated job-related knockout criteria not met,2.90,,,,,,,,No,No,
CAND-2026-1346,Synthetic Candidate 1346,Male,Reference Group,REQ-2026-ENG-G1,2026-01-10,Skills Academy,Application Review,Automated job-related knockout criteria not met,2.40,,,,,,,,No,No,
CAND-2026-1347,Synthetic Candidate 1347,Male,Reference Group,REQ-2026-ENG-G1,2026-01-17,Direct Career Portal,Application Review,Automated job-related knockout criteria not met,3.10,,,,,,,,No,No,
CAND-2026-1348,Synthetic Candidate 1348,Male,Reference Group,REQ-2026-ENG-G1,2026-01-11,Regional Hiring Drive,Application Review,Automated job-related knockout criteria not met,2.60,,,,,,,,No,No,
CAND-2026-1349,Synthetic Candidate 1349,Female,Focal Group,REQ-2026-ENG-G1,2026-01-18,Employee Referral,Application Review,Automated job-related knockout criteria not met,3.30,,,,,,,,No,No,
CAND-2026-1350,Synthetic Candidate 1350,Female,Focal Group,REQ-2026-ENG-G1,2026-01-12,LinkedIn Recruiter,Application Review,Automated job-related knockout criteria not met,2.80,,,,,,,,No,No,
CAND-2026-1351,Synthetic Candidate 1351,Male,Reference Group,REQ-2026-ENG-G1,2026-01-19,Skills Academy,Application Review,Automated job-related knockout criteria not met,2.30,,,,,,,,No,No,
CAND-2026-1352,Synthetic Candidate 1352,Male,Reference Group,REQ-2026-ENG-G1,2026-01-13,Direct Career Portal,Application Review,Automated job-related knockout criteria not met,3.00,,,,,,,,No,No,
CAND-2026-1353,Synthetic Candidate 1353,Male,Reference Group,REQ-2026-ENG-G1,2026-01-20,Regional Hiring Drive,Application Review,Automated job-related knockout criteria not met,2.50,,,,,,,,No,No,
CAND-2026-1354,Synthetic Candidate 1354,Female,Focal Group,REQ-2026-ENG-G1,2026-01-14,Employee Referral,Application Review,Automated job-related knockout criteria not met,3.20,,,,,,,,No,No,
CAND-2026-1355,Synthetic Candidate 1355,Female,Focal Group,REQ-2026-ENG-G1,2026-01-21,LinkedIn Recruiter,Application Review,Automated job-related knockout criteria not met,2.70,,,,,,,,No,No,
CAND-2026-1356,Synthetic Candidate 1356,Male,Reference Group,REQ-2026-ENG-G1,2026-01-15,Skills Academy,Application Review,Automated job-related knockout criteria not met,2.20,,,,,,,,No,No,
CAND-2026-1357,Synthetic Candidate 1357,Male,Reference Group,REQ-2026-ENG-G1,2026-01-22,Direct Career Portal,Application Review,Automated job-related knockout criteria not met,2.90,,,,,,,,No,No,
CAND-2026-1358,Synthetic Candidate 1358,Male,Reference Group,REQ-2026-ENG-G1,2026-01-16,Regional Hiring Drive,Application Review,Automated job-related knockout criteria not met,2.40,,,,,,,,No,No,
CAND-2026-1359,Synthetic Candidate 1359,Female,Focal Group,REQ-2026-ENG-G1,2026-01-10,Employee Referral,Application Review,Automated job-related knockout criteria not met,3.10,,,,,,,,No,No,
CAND-2026-1360,Synthetic Candidate 1360,Female,Focal Group,REQ-2026-ENG-G1,2026-01-17,LinkedIn Recruiter,Application Review,Automated job-related knockout criteria not met,2.60,,,,,,,,No,No,
CAND-2026-1361,Synthetic Candidate 1361,Male,Reference Group,REQ-2026-ENG-G1,2026-01-11,Skills Academy,Application Review,Automated job-related knockout criteria not met,3.30,,,,,,,,No,No,
CAND-2026-1362,Synthetic Candidate 1362,Male,Reference Group,REQ-2026-ENG-G1,2026-01-18,Direct Career Portal,Application Review,Automated job-related knockout criteria not met,2.80,,,,,,,,No,No,
CAND-2026-1363,Synthetic Candidate 1363,Male,Reference Group,REQ-2026-ENG-G1,2026-01-12,Regional Hiring Drive,Application Review,Automated job-related knockout criteria not met,2.30,,,,,,,,No,No,
CAND-2026-1364,Synthetic Candidate 1364,Female,Focal Group,REQ-2026-ENG-G1,2026-01-19,Employee Referral,Application Review,Automated job-related knockout criteria not met,3.00,,,,,,,,No,No,
CAND-2026-1365,Synthetic Candidate 1365,Female,Focal Group,REQ-2026-ENG-G1,2026-01-13,LinkedIn Recruiter,Application Review,Automated job-related knockout criteria not met,2.50,,,,,,,,No,No,
CAND-2026-1366,Synthetic Candidate 1366,Male,Reference Group,REQ-2026-ENG-G1,2026-01-20,Skills Academy,Application Review,Automated job-related knockout criteria not met,3.20,,,,,,,,No,No,
CAND-2026-1367,Synthetic Candidate 1367,Male,Reference Group,REQ-2026-ENG-G1,2026-01-14,Direct Career Portal,Application Review,Automated job-related knockout criteria not met,2.70,,,,,,,,No,No,
CAND-2026-1368,Synthetic Candidate 1368,Male,Reference Group,REQ-2026-ENG-G1,2026-01-21,Regional Hiring Drive,Application Review,Automated job-related knockout criteria not met,2.20,,,,,,,,No,No,
CAND-2026-1369,Synthetic Candidate 1369,Female,Focal Group,REQ-2026-ENG-G1,2026-01-15,Employee Referral,Application Review,Automated job-related knockout criteria not met,2.90,,,,,,,,No,No,
CAND-2026-1370,Synthetic Candidate 1370,Female,Focal Group,REQ-2026-ENG-G1,2026-01-22,LinkedIn Recruiter,Application Review,Automated job-related knockout criteria not met,2.40,,,,,,,,No,No,
CAND-2026-1371,Synthetic Candidate 1371,Male,Reference Group,REQ-2026-ENG-G1,2026-01-16,Skills Academy,Application Review,Automated job-related knockout criteria not met,3.10,,,,,,,,No,No,
CAND-2026-1372,Synthetic Candidate 1372,Male,Reference Group,REQ-2026-ENG-G1,2026-01-10,Direct Career Portal,Application Review,Automated job-related knockout criteria not met,2.60,,,,,,,,No,No,
CAND-2026-1373,Synthetic Candidate 1373,Male,Reference Group,REQ-2026-ENG-G1,2026-01-17,Regional Hiring Drive,Application Review,Automated job-related knockout criteria not met,3.30,,,,,,,,No,No,
CAND-2026-1374,Synthetic Candidate 1374,Female,Focal Group,REQ-2026-ENG-G1,2026-01-11,Employee Referral,Application Review,Automated job-related knockout criteria not met,2.80,,,,,,,,No,No,
CAND-2026-1375,Synthetic Candidate 1375,Female,Focal Group,REQ-2026-ENG-G1,2026-01-18,LinkedIn Recruiter,Application Review,Automated job-related knockout criteria not met,2.30,,,,,,,,No,No,
CAND-2026-1376,Synthetic Candidate 1376,Male,Reference Group,REQ-2026-ENG-G1,2026-01-12,Skills Academy,Application Review,Automated job-related knockout criteria not met,3.00,,,,,,,,No,No,
CAND-2026-1377,Synthetic Candidate 1377,Male,Reference Group,REQ-2026-ENG-G1,2026-01-19,Direct Career Portal,Application Review,Automated job-related knockout criteria not met,2.50,,,,,,,,No,No,
CAND-2026-1378,Synthetic Candidate 1378,Male,Reference Group,REQ-2026-ENG-G1,2026-01-13,Regional Hiring Drive,Application Review,Automated job-related knockout criteria not met,3.20,,,,,,,,No,No,
CAND-2026-1379,Synthetic Candidate 1379,Female,Focal Group,REQ-2026-ENG-G1,2026-01-20,Employee Referral,Application Review,Automated job-related knockout criteria not met,2.70,,,,,,,,No,No,
CAND-2026-1380,Synthetic Candidate 1380,Female,Focal Group,REQ-2026-ENG-G1,2026-01-14,LinkedIn Recruiter,Application Review,Automated job-related knockout criteria not met,2.20,,,,,,,,No,No,
CAND-2026-1381,Synthetic Candidate 1381,Male,Reference Group,REQ-2026-ENG-G1,2026-01-21,Skills Academy,Application Review,Automated job-related knockout criteria not met,2.90,,,,,,,,No,No,
CAND-2026-1382,Synthetic Candidate 1382,Male,Reference Group,REQ-2026-ENG-G1,2026-01-15,Direct Career Portal,Application Review,Automated job-related knockout criteria not met,2.40,,,,,,,,No,No,
CAND-2026-1383,Synthetic Candidate 1383,Male,Reference Group,REQ-2026-ENG-G1,2026-01-22,Regional Hiring Drive,Application Review,Automated job-related knockout criteria not met,3.10,,,,,,,,No,No,
CAND-2026-1384,Synthetic Candidate 1384,Female,Focal Group,REQ-2026-ENG-G1,2026-01-16,Employee Referral,Application Review,Automated job-related knockout criteria not met,2.60,,,,,,,,No,No,
CAND-2026-1385,Synthetic Candidate 1385,Female,Focal Group,REQ-2026-ENG-G1,2026-01-10,LinkedIn Recruiter,Application Review,Automated job-related knockout criteria not met,3.30,,,,,,,,No,No,
CAND-2026-1386,Synthetic Candidate 1386,Male,Reference Group,REQ-2026-ENG-G1,2026-01-17,Skills Academy,Application Review,Automated job-related knockout criteria not met,2.80,,,,,,,,No,No,
CAND-2026-1387,Synthetic Candidate 1387,Male,Reference Group,REQ-2026-ENG-G1,2026-01-11,Direct Career Portal,Application Review,Automated job-related knockout criteria not met,2.30,,,,,,,,No,No,
CAND-2026-1388,Synthetic Candidate 1388,Male,Reference Group,REQ-2026-ENG-G1,2026-01-18,Regional Hiring Drive,Application Review,Automated job-related knockout criteria not met,3.00,,,,,,,,No,No,
CAND-2026-1389,Synthetic Candidate 1389,Female,Focal Group,REQ-2026-ENG-G1,2026-01-12,Employee Referral,Application Review,Automated job-related knockout criteria not met,2.50,,,,,,,,No,No,
CAND-2026-1390,Synthetic Candidate 1390,Female,Focal Group,REQ-2026-ENG-G1,2026-01-19,LinkedIn Recruiter,Application Review,Automated job-related knockout criteria not met,3.20,,,,,,,,No,No,
CAND-2026-1391,Synthetic Candidate 1391,Male,Reference Group,REQ-2026-ENG-G1,2026-01-13,Skills Academy,Application Review,Automated job-related knockout criteria not met,2.70,,,,,,,,No,No,
CAND-2026-1392,Synthetic Candidate 1392,Male,Reference Group,REQ-2026-ENG-G1,2026-01-20,Direct Career Portal,Application Review,Automated job-related knockout criteria not met,2.20,,,,,,,,No,No,
CAND-2026-1393,Synthetic Candidate 1393,Male,Reference Group,REQ-2026-ENG-G1,2026-01-14,Regional Hiring Drive,Application Review,Automated job-related knockout criteria not met,2.90,,,,,,,,No,No,
CAND-2026-1394,Synthetic Candidate 1394,Female,Focal Group,REQ-2026-ENG-G1,2026-01-21,Employee Referral,Application Review,Automated job-related knockout criteria not met,2.40,,,,,,,,No,No,
CAND-2026-1395,Synthetic Candidate 1395,Female,Focal Group,REQ-2026-ENG-G1,2026-01-15,LinkedIn Recruiter,Application Review,Automated job-related knockout criteria not met,3.10,,,,,,,,No,No,
CAND-2026-1396,Synthetic Candidate 1396,Male,Reference Group,REQ-2026-ENG-G1,2026-01-22,Skills Academy,Application Review,Automated job-related knockout criteria not met,2.60,,,,,,,,No,No,
CAND-2026-1397,Synthetic Candidate 1397,Male,Reference Group,REQ-2026-ENG-G1,2026-01-16,Direct Career Portal,Application Review,Automated job-related knockout criteria not met,3.30,,,,,,,,No,No,
CAND-2026-1398,Synthetic Candidate 1398,Male,Reference Group,REQ-2026-ENG-G1,2026-01-10,Regional Hiring Drive,Application Review,Automated job-related knockout criteria not met,2.80,,,,,,,,No,No,
CAND-2026-1399,Synthetic Candidate 1399,Female,Focal Group,REQ-2026-ENG-G1,2026-01-17,Employee Referral,Application Review,Automated job-related knockout criteria not met,2.30,,,,,,,,No,No,
CAND-2026-1400,Synthetic Candidate 1400,Female,Focal Group,REQ-2026-ENG-G1,2026-01-11,LinkedIn Recruiter,Application Review,Automated job-related knockout criteria not met,3.00,,,,,,,,No,No,
CAND-2026-1401,Synthetic Candidate 1401,Male,Reference Group,REQ-2026-ENG-G1,2026-01-18,Skills Academy,Application Review,Automated job-related knockout criteria not met,2.50,,,,,,,,No,No,
CAND-2026-1402,Synthetic Candidate 1402,Male,Reference Group,REQ-2026-ENG-G1,2026-01-12,Direct Career Portal,Application Review,Automated job-related knockout criteria not met,3.20,,,,,,,,No,No,
CAND-2026-1403,Synthetic Candidate 1403,Male,Reference Group,REQ-2026-ENG-G1,2026-01-19,Regional Hiring Drive,Application Review,Automated job-related knockout criteria not met,2.70,,,,,,,,No,No,
CAND-2026-1404,Synthetic Candidate 1404,Female,Focal Group,REQ-2026-ENG-G1,2026-01-13,Employee Referral,Application Review,Automated job-related knockout criteria not met,2.20,,,,,,,,No,No,
CAND-2026-1405,Synthetic Candidate 1405,Female,Focal Group,REQ-2026-ENG-G1,2026-01-20,LinkedIn Recruiter,Application Review,Automated job-related knockout criteria not met,2.90,,,,,,,,No,No,
CAND-2026-1406,Synthetic Candidate 1406,Male,Reference Group,REQ-2026-ENG-G1,2026-01-14,Skills Academy,Application Review,Automated job-related knockout criteria not met,2.40,,,,,,,,No,No,
CAND-2026-1407,Synthetic Candidate 1407,Male,Reference Group,REQ-2026-ENG-G1,2026-01-21,Direct Career Portal,Application Review,Automated job-related knockout criteria not met,3.10,,,,,,,,No,No,
CAND-2026-1408,Synthetic Candidate 1408,Male,Reference Group,REQ-2026-ENG-G1,2026-01-15,Regional Hiring Drive,Application Review,Automated job-related knockout criteria not met,2.60,,,,,,,,No,No,
CAND-2026-1409,Synthetic Candidate 1409,Female,Focal Group,REQ-2026-ENG-G1,2026-01-22,Employee Referral,Application Review,Automated job-related knockout criteria not met,3.30,,,,,,,,No,No,
CAND-2026-1410,Synthetic Candidate 1410,Female,Focal Group,REQ-2026-ENG-G1,2026-01-16,LinkedIn Recruiter,Application Review,Automated job-related knockout criteria not met,2.80,,,,,,,,No,No,
CAND-2026-1411,Synthetic Candidate 1411,Male,Reference Group,REQ-2026-ENG-G1,2026-01-10,Skills Academy,Application Review,Automated job-related knockout criteria not met,2.30,,,,,,,,No,No,
CAND-2026-1412,Synthetic Candidate 1412,Male,Reference Group,REQ-2026-ENG-G1,2026-01-17,Direct Career Portal,Application Review,Automated job-related knockout criteria not met,3.00,,,,,,,,No,No,
CAND-2026-1413,Synthetic Candidate 1413,Male,Reference Group,REQ-2026-ENG-G1,2026-01-11,Regional Hiring Drive,Application Review,Automated job-related knockout criteria not met,2.50,,,,,,,,No,No,
CAND-2026-1414,Synthetic Candidate 1414,Female,Focal Group,REQ-2026-ENG-G1,2026-01-18,Employee Referral,Application Review,Automated job-related knockout criteria not met,3.20,,,,,,,,No,No,
CAND-2026-1415,Synthetic Candidate 1415,Female,Focal Group,REQ-2026-ENG-G1,2026-01-12,LinkedIn Recruiter,Application Review,Automated job-related knockout criteria not met,2.70,,,,,,,,No,No,
CAND-2026-1416,Synthetic Candidate 1416,Male,Reference Group,REQ-2026-ENG-G1,2026-01-19,Skills Academy,Application Review,Automated job-related knockout criteria not met,2.20,,,,,,,,No,No,
CAND-2026-1417,Synthetic Candidate 1417,Male,Reference Group,REQ-2026-ENG-G1,2026-01-13,Direct Career Portal,Application Review,Automated job-related knockout criteria not met,2.90,,,,,,,,No,No,
CAND-2026-1418,Synthetic Candidate 1418,Male,Reference Group,REQ-2026-ENG-G1,2026-01-20,Regional Hiring Drive,Application Review,Automated job-related knockout criteria not met,2.40,,,,,,,,No,No,
CAND-2026-1419,Synthetic Candidate 1419,Female,Focal Group,REQ-2026-ENG-G1,2026-01-14,Employee Referral,Application Review,Automated job-related knockout criteria not met,3.10,,,,,,,,No,No,
CAND-2026-1420,Synthetic Candidate 1420,Female,Focal Group,REQ-2026-ENG-G1,2026-01-21,LinkedIn Recruiter,Application Review,Automated job-related knockout criteria not met,2.60,,,,,,,,No,No,
CAND-2026-1421,Synthetic Candidate 1421,Male,Reference Group,REQ-2026-ENG-G1,2026-01-15,Skills Academy,Application Review,Automated job-related knockout criteria not met,3.30,,,,,,,,No,No,
CAND-2026-1422,Synthetic Candidate 1422,Male,Reference Group,REQ-2026-ENG-G1,2026-01-22,Direct Career Portal,Application Review,Automated job-related knockout criteria not met,2.80,,,,,,,,No,No,
CAND-2026-1423,Synthetic Candidate 1423,Male,Reference Group,REQ-2026-ENG-G1,2026-01-16,Regional Hiring Drive,Application Review,Automated job-related knockout criteria not met,2.30,,,,,,,,No,No,
CAND-2026-1424,Synthetic Candidate 1424,Female,Focal Group,REQ-2026-ENG-G1,2026-01-10,Employee Referral,Application Review,Automated job-related knockout criteria not met,3.00,,,,,,,,No,No,
CAND-2026-1425,Synthetic Candidate 1425,Female,Focal Group,REQ-2026-ENG-G1,2026-01-17,LinkedIn Recruiter,Application Review,Automated job-related knockout criteria not met,2.50,,,,,,,,No,No,
CAND-2026-1426,Synthetic Candidate 1426,Male,Reference Group,REQ-2026-ENG-G1,2026-01-11,Skills Academy,Application Review,Automated job-related knockout criteria not met,3.20,,,,,,,,No,No,
CAND-2026-1427,Synthetic Candidate 1427,Male,Reference Group,REQ-2026-ENG-G1,2026-01-18,Direct Career Portal,Application Review,Automated job-related knockout criteria not met,2.70,,,,,,,,No,No,
CAND-2026-1428,Synthetic Candidate 1428,Male,Reference Group,REQ-2026-ENG-G1,2026-01-12,Regional Hiring Drive,Application Review,Automated job-related knockout criteria not met,2.20,,,,,,,,No,No,
CAND-2026-1429,Synthetic Candidate 1429,Female,Focal Group,REQ-2026-ENG-G1,2026-01-19,Employee Referral,Application Review,Automated job-related knockout criteria not met,2.90,,,,,,,,No,No,
CAND-2026-1430,Synthetic Candidate 1430,Female,Focal Group,REQ-2026-ENG-G1,2026-01-13,LinkedIn Recruiter,Application Review,Automated job-related knockout criteria not met,2.40,,,,,,,,No,No,
CAND-2026-1431,Synthetic Candidate 1431,Male,Reference Group,REQ-2026-ENG-G1,2026-01-20,Skills Academy,Application Review,Automated job-related knockout criteria not met,3.10,,,,,,,,No,No,
CAND-2026-1432,Synthetic Candidate 1432,Male,Reference Group,REQ-2026-ENG-G1,2026-01-14,Direct Career Portal,Application Review,Automated job-related knockout criteria not met,2.60,,,,,,,,No,No,
CAND-2026-1433,Synthetic Candidate 1433,Male,Reference Group,REQ-2026-ENG-G1,2026-01-21,Regional Hiring Drive,Application Review,Automated job-related knockout criteria not met,3.30,,,,,,,,No,No,
CAND-2026-1434,Synthetic Candidate 1434,Female,Focal Group,REQ-2026-ENG-G1,2026-01-15,Employee Referral,Application Review,Automated job-related knockout criteria not met,2.80,,,,,,,,No,No,
CAND-2026-1435,Synthetic Candidate 1435,Female,Focal Group,REQ-2026-ENG-G1,2026-01-22,LinkedIn Recruiter,Application Review,Automated job-related knockout criteria not met,2.30,,,,,,,,No,No,
CAND-2026-1436,Synthetic Candidate 1436,Male,Reference Group,REQ-2026-ENG-G1,2026-01-16,Skills Academy,Application Review,Automated job-related knockout criteria not met,3.00,,,,,,,,No,No,
CAND-2026-1437,Synthetic Candidate 1437,Male,Reference Group,REQ-2026-ENG-G1,2026-01-10,Direct Career Portal,Application Review,Automated job-related knockout criteria not met,2.50,,,,,,,,No,No,
CAND-2026-1438,Synthetic Candidate 1438,Male,Reference Group,REQ-2026-ENG-G1,2026-01-17,Regional Hiring Drive,Application Review,Automated job-related knockout criteria not met,3.20,,,,,,,,No,No,
CAND-2026-1439,Synthetic Candidate 1439,Female,Focal Group,REQ-2026-ENG-G1,2026-01-11,Employee Referral,Application Review,Automated job-related knockout criteria not met,2.70,,,,,,,,No,No,
CAND-2026-1440,Synthetic Candidate 1440,Female,Focal Group,REQ-2026-ENG-G1,2026-01-18,LinkedIn Recruiter,Application Review,Automated job-related knockout criteria not met,2.20,,,,,,,,No,No,
CAND-2026-1441,Synthetic Candidate 1441,Male,Reference Group,REQ-2026-ENG-G1,2026-01-12,Skills Academy,Application Review,Automated job-related knockout criteria not met,2.90,,,,,,,,No,No,
CAND-2026-1442,Synthetic Candidate 1442,Male,Reference Group,REQ-2026-ENG-G1,2026-01-19,Direct Career Portal,Application Review,Automated job-related knockout criteria not met,2.40,,,,,,,,No,No,
CAND-2026-1443,Synthetic Candidate 1443,Male,Reference Group,REQ-2026-ENG-G1,2026-01-13,Regional Hiring Drive,Application Review,Automated job-related knockout criteria not met,3.10,,,,,,,,No,No,
CAND-2026-1444,Synthetic Candidate 1444,Female,Focal Group,REQ-2026-ENG-G1,2026-01-20,Employee Referral,Application Review,Automated job-related knockout criteria not met,2.60,,,,,,,,No,No,
CAND-2026-1445,Synthetic Candidate 1445,Female,Focal Group,REQ-2026-ENG-G1,2026-01-14,LinkedIn Recruiter,Application Review,Automated job-related knockout criteria not met,3.30,,,,,,,,No,No,
CAND-2026-1446,Synthetic Candidate 1446,Male,Reference Group,REQ-2026-ENG-G1,2026-01-21,Skills Academy,Application Review,Automated job-related knockout criteria not met,2.80,,,,,,,,No,No,
CAND-2026-1447,Synthetic Candidate 1447,Male,Reference Group,REQ-2026-ENG-G1,2026-01-15,Direct Career Portal,Application Review,Automated job-related knockout criteria not met,2.30,,,,,,,,No,No,
CAND-2026-1448,Synthetic Candidate 1448,Male,Reference Group,REQ-2026-ENG-G1,2026-01-22,Regional Hiring Drive,Application Review,Automated job-related knockout criteria not met,3.00,,,,,,,,No,No,
CAND-2026-1449,Synthetic Candidate 1449,Female,Focal Group,REQ-2026-ENG-G1,2026-01-16,Employee Referral,Application Review,Automated job-related knockout criteria not met,2.50,,,,,,,,No,No,
CAND-2026-1450,Synthetic Candidate 1450,Female,Focal Group,REQ-2026-ENG-G1,2026-01-10,LinkedIn Recruiter,Application Review,Automated job-related knockout criteria not met,3.20,,,,,,,,No,No,
CAND-2026-1451,Synthetic Candidate 1451,Male,Reference Group,REQ-2026-ENG-G1,2026-01-17,Skills Academy,Application Review,Automated job-related knockout criteria not met,2.70,,,,,,,,No,No,
CAND-2026-1452,Synthetic Candidate 1452,Male,Reference Group,REQ-2026-ENG-G1,2026-01-11,Direct Career Portal,Application Review,Automated job-related knockout criteria not met,2.20,,,,,,,,No,No,
CAND-2026-1453,Synthetic Candidate 1453,Male,Reference Group,REQ-2026-ENG-G1,2026-01-18,Regional Hiring Drive,Application Review,Automated job-related knockout criteria not met,2.90,,,,,,,,No,No,
CAND-2026-1454,Synthetic Candidate 1454,Female,Focal Group,REQ-2026-ENG-G1,2026-01-12,Employee Referral,Application Review,Automated job-related knockout criteria not met,2.40,,,,,,,,No,No,
CAND-2026-1455,Synthetic Candidate 1455,Female,Focal Group,REQ-2026-ENG-G1,2026-01-19,LinkedIn Recruiter,Application Review,Automated job-related knockout criteria not met,3.10,,,,,,,,No,No,
CAND-2026-1456,Synthetic Candidate 1456,Male,Reference Group,REQ-2026-ENG-G1,2026-01-13,Skills Academy,Application Review,Automated job-related knockout criteria not met,2.60,,,,,,,,No,No,
CAND-2026-1457,Synthetic Candidate 1457,Male,Reference Group,REQ-2026-ENG-G1,2026-01-20,Direct Career Portal,Application Review,Automated job-related knockout criteria not met,3.30,,,,,,,,No,No,
CAND-2026-1458,Synthetic Candidate 1458,Male,Reference Group,REQ-2026-ENG-G1,2026-01-14,Regional Hiring Drive,Application Review,Automated job-related knockout criteria not met,2.80,,,,,,,,No,No,
CAND-2026-1459,Synthetic Candidate 1459,Female,Focal Group,REQ-2026-ENG-G1,2026-01-21,Employee Referral,Application Review,Automated job-related knockout criteria not met,2.30,,,,,,,,No,No,
CAND-2026-1460,Synthetic Candidate 1460,Female,Focal Group,REQ-2026-ENG-G1,2026-01-15,LinkedIn Recruiter,Application Review,Automated job-related knockout criteria not met,3.00,,,,,,,,No,No,
CAND-2026-1461,Synthetic Candidate 1461,Male,Reference Group,REQ-2026-ENG-G1,2026-01-22,Skills Academy,Application Review,Automated job-related knockout criteria not met,2.50,,,,,,,,No,No,
CAND-2026-1462,Synthetic Candidate 1462,Male,Reference Group,REQ-2026-ENG-G1,2026-01-16,Direct Career Portal,Application Review,Automated job-related knockout criteria not met,3.20,,,,,,,,No,No,
CAND-2026-1463,Synthetic Candidate 1463,Male,Reference Group,REQ-2026-ENG-G1,2026-01-10,Regional Hiring Drive,Application Review,Automated job-related knockout criteria not met,2.70,,,,,,,,No,No,
CAND-2026-1464,Synthetic Candidate 1464,Female,Focal Group,REQ-2026-ENG-G1,2026-01-17,Employee Referral,Application Review,Automated job-related knockout criteria not met,2.20,,,,,,,,No,No,
CAND-2026-1465,Synthetic Candidate 1465,Female,Focal Group,REQ-2026-ENG-G1,2026-01-11,LinkedIn Recruiter,Application Review,Automated job-related knockout criteria not met,2.90,,,,,,,,No,No,
CAND-2026-1466,Synthetic Candidate 1466,Male,Reference Group,REQ-2026-ENG-G1,2026-01-18,Skills Academy,Application Review,Automated job-related knockout criteria not met,2.40,,,,,,,,No,No,
CAND-2026-1467,Synthetic Candidate 1467,Male,Reference Group,REQ-2026-ENG-G1,2026-01-12,Direct Career Portal,Application Review,Automated job-related knockout criteria not met,3.10,,,,,,,,No,No,
CAND-2026-1468,Synthetic Candidate 1468,Male,Reference Group,REQ-2026-ENG-G1,2026-01-19,Regional Hiring Drive,Application Review,Automated job-related knockout criteria not met,2.60,,,,,,,,No,No,
CAND-2026-1469,Synthetic Candidate 1469,Female,Focal Group,REQ-2026-ENG-G1,2026-01-13,Employee Referral,Application Review,Automated job-related knockout criteria not met,3.30,,,,,,,,No,No,
CAND-2026-1470,Synthetic Candidate 1470,Female,Focal Group,REQ-2026-ENG-G1,2026-01-20,LinkedIn Recruiter,Application Review,Automated job-related knockout criteria not met,2.80,,,,,,,,No,No,
CAND-2026-1471,Synthetic Candidate 1471,Male,Reference Group,REQ-2026-ENG-G1,2026-01-14,Skills Academy,Application Review,Automated job-related knockout criteria not met,2.30,,,,,,,,No,No,
CAND-2026-1472,Synthetic Candidate 1472,Male,Reference Group,REQ-2026-ENG-G1,2026-01-21,Direct Career Portal,Application Review,Automated job-related knockout criteria not met,3.00,,,,,,,,No,No,
CAND-2026-1473,Synthetic Candidate 1473,Male,Reference Group,REQ-2026-ENG-G1,2026-01-15,Regional Hiring Drive,Application Review,Automated job-related knockout criteria not met,2.50,,,,,,,,No,No,
CAND-2026-1474,Synthetic Candidate 1474,Female,Focal Group,REQ-2026-ENG-G1,2026-01-22,Employee Referral,Application Review,Automated job-related knockout criteria not met,3.20,,,,,,,,No,No,
CAND-2026-1475,Synthetic Candidate 1475,Female,Focal Group,REQ-2026-ENG-G1,2026-01-16,LinkedIn Recruiter,Application Review,Automated job-related knockout criteria not met,2.70,,,,,,,,No,No,
CAND-2026-1476,Synthetic Candidate 1476,Male,Reference Group,REQ-2026-ENG-G1,2026-01-10,Skills Academy,Application Review,Automated job-related knockout criteria not met,2.20,,,,,,,,No,No,
CAND-2026-1477,Synthetic Candidate 1477,Male,Reference Group,REQ-2026-ENG-G1,2026-01-17,Direct Career Portal,Application Review,Automated job-related knockout criteria not met,2.90,,,,,,,,No,No,
CAND-2026-1478,Synthetic Candidate 1478,Male,Reference Group,REQ-2026-ENG-G1,2026-01-11,Regional Hiring Drive,Application Review,Automated job-related knockout criteria not met,2.40,,,,,,,,No,No,
CAND-2026-1479,Synthetic Candidate 1479,Female,Focal Group,REQ-2026-ENG-G1,2026-01-18,Employee Referral,Application Review,Automated job-related knockout criteria not met,3.10,,,,,,,,No,No,
CAND-2026-1480,Synthetic Candidate 1480,Female,Focal Group,REQ-2026-ENG-G1,2026-01-12,LinkedIn Recruiter,Application Review,Automated job-related knockout criteria not met,2.60,,,,,,,,No,No,
CAND-2026-1481,Synthetic Candidate 1481,Male,Reference Group,REQ-2026-ENG-G1,2026-01-19,Skills Academy,Application Review,Automated job-related knockout criteria not met,3.30,,,,,,,,No,No,
CAND-2026-1482,Synthetic Candidate 1482,Male,Reference Group,REQ-2026-ENG-G1,2026-01-13,Direct Career Portal,Application Review,Automated job-related knockout criteria not met,2.80,,,,,,,,No,No,
CAND-2026-1483,Synthetic Candidate 1483,Male,Reference Group,REQ-2026-ENG-G1,2026-01-20,Regional Hiring Drive,Application Review,Automated job-related knockout criteria not met,2.30,,,,,,,,No,No,
CAND-2026-1484,Synthetic Candidate 1484,Female,Focal Group,REQ-2026-ENG-G1,2026-01-14,Employee Referral,Application Review,Automated job-related knockout criteria not met,3.00,,,,,,,,No,No,
CAND-2026-1485,Synthetic Candidate 1485,Female,Focal Group,REQ-2026-ENG-G1,2026-01-21,LinkedIn Recruiter,Application Review,Automated job-related knockout criteria not met,2.50,,,,,,,,No,No,
CAND-2026-1486,Synthetic Candidate 1486,Male,Reference Group,REQ-2026-ENG-G1,2026-01-15,Skills Academy,Application Review,Automated job-related knockout criteria not met,3.20,,,,,,,,No,No,
CAND-2026-1487,Synthetic Candidate 1487,Male,Reference Group,REQ-2026-ENG-G1,2026-01-22,Direct Career Portal,Application Review,Automated job-related knockout criteria not met,2.70,,,,,,,,No,No,
CAND-2026-1488,Synthetic Candidate 1488,Male,Reference Group,REQ-2026-ENG-G1,2026-01-16,Regional Hiring Drive,Application Review,Automated job-related knockout criteria not met,2.20,,,,,,,,No,No,
CAND-2026-1489,Synthetic Candidate 1489,Female,Focal Group,REQ-2026-ENG-G1,2026-01-10,Employee Referral,Application Review,Automated job-related knockout criteria not met,2.90,,,,,,,,No,No,
CAND-2026-1490,Synthetic Candidate 1490,Female,Focal Group,REQ-2026-ENG-G1,2026-01-17,LinkedIn Recruiter,Application Review,Automated job-related knockout criteria not met,2.40,,,,,,,,No,No,
CAND-2026-1491,Synthetic Candidate 1491,Male,Reference Group,REQ-2026-ENG-G1,2026-01-11,Skills Academy,Application Review,Automated job-related knockout criteria not met,3.10,,,,,,,,No,No,
CAND-2026-1492,Synthetic Candidate 1492,Male,Reference Group,REQ-2026-ENG-G1,2026-01-18,Direct Career Portal,Application Review,Automated job-related knockout criteria not met,2.60,,,,,,,,No,No,
CAND-2026-1493,Synthetic Candidate 1493,Male,Reference Group,REQ-2026-ENG-G1,2026-01-12,Regional Hiring Drive,Application Review,Automated job-related knockout criteria not met,3.30,,,,,,,,No,No,
CAND-2026-1494,Synthetic Candidate 1494,Female,Focal Group,REQ-2026-ENG-G1,2026-01-19,Employee Referral,Application Review,Automated job-related knockout criteria not met,2.80,,,,,,,,No,No,
CAND-2026-1495,Synthetic Candidate 1495,Female,Focal Group,REQ-2026-ENG-G1,2026-01-13,LinkedIn Recruiter,Application Review,Automated job-related knockout criteria not met,2.30,,,,,,,,No,No,
CAND-2026-1496,Synthetic Candidate 1496,Male,Reference Group,REQ-2026-ENG-G1,2026-01-20,Skills Academy,Application Review,Automated job-related knockout criteria not met,3.00,,,,,,,,No,No,
CAND-2026-1497,Synthetic Candidate 1497,Male,Reference Group,REQ-2026-ENG-G1,2026-01-14,Direct Career Portal,Application Review,Automated job-related knockout criteria not met,2.50,,,,,,,,No,No,
CAND-2026-1498,Synthetic Candidate 1498,Male,Reference Group,REQ-2026-ENG-G1,2026-01-21,Regional Hiring Drive,Application Review,Automated job-related knockout criteria not met,3.20,,,,,,,,No,No,
CAND-2026-1499,Synthetic Candidate 1499,Female,Focal Group,REQ-2026-ENG-G1,2026-01-15,Employee Referral,Application Review,Automated job-related knockout criteria not met,2.70,,,,,,,,No,No,
CAND-2026-1500,Synthetic Candidate 1500,Female,Focal Group,REQ-2026-ENG-G1,2026-01-22,LinkedIn Recruiter,Application Review,Automated job-related knockout criteria not met,2.20,,,,,,,,No,No,
CAND-2026-1501,Synthetic Candidate 1501,Male,Reference Group,REQ-2026-ENG-G1,2026-01-16,Skills Academy,Application Review,Automated job-related knockout criteria not met,2.90,,,,,,,,No,No,
CAND-2026-1502,Synthetic Candidate 1502,Male,Reference Group,REQ-2026-ENG-G1,2026-01-10,Direct Career Portal,Application Review,Automated job-related knockout criteria not met,2.40,,,,,,,,No,No,
CAND-2026-1503,Synthetic Candidate 1503,Male,Reference Group,REQ-2026-ENG-G1,2026-01-17,Regional Hiring Drive,Application Review,Automated job-related knockout criteria not met,3.10,,,,,,,,No,No,
CAND-2026-1504,Synthetic Candidate 1504,Female,Focal Group,REQ-2026-ENG-G1,2026-01-11,Employee Referral,Application Review,Automated job-related knockout criteria not met,2.60,,,,,,,,No,No,
CAND-2026-1505,Synthetic Candidate 1505,Female,Focal Group,REQ-2026-ENG-G1,2026-01-18,LinkedIn Recruiter,Application Review,Automated job-related knockout criteria not met,3.30,,,,,,,,No,No,
CAND-2026-1506,Synthetic Candidate 1506,Male,Reference Group,REQ-2026-ENG-G1,2026-01-12,Skills Academy,Application Review,Automated job-related knockout criteria not met,2.80,,,,,,,,No,No,
CAND-2026-1507,Synthetic Candidate 1507,Male,Reference Group,REQ-2026-ENG-G1,2026-01-19,Direct Career Portal,Application Review,Automated job-related knockout criteria not met,2.30,,,,,,,,No,No,
CAND-2026-1508,Synthetic Candidate 1508,Male,Reference Group,REQ-2026-ENG-G1,2026-01-13,Regional Hiring Drive,Application Review,Automated job-related knockout criteria not met,3.00,,,,,,,,No,No,
CAND-2026-1509,Synthetic Candidate 1509,Female,Focal Group,REQ-2026-ENG-G1,2026-01-20,Employee Referral,Application Review,Automated job-related knockout criteria not met,2.50,,,,,,,,No,No,
CAND-2026-1510,Synthetic Candidate 1510,Female,Focal Group,REQ-2026-ENG-G1,2026-01-14,LinkedIn Recruiter,Application Review,Automated job-related knockout criteria not met,3.20,,,,,,,,No,No,
CAND-2026-1511,Synthetic Candidate 1511,Male,Reference Group,REQ-2026-ENG-G1,2026-01-21,Skills Academy,Application Review,Automated job-related knockout criteria not met,2.70,,,,,,,,No,No,
CAND-2026-1512,Synthetic Candidate 1512,Male,Reference Group,REQ-2026-ENG-G1,2026-01-15,Direct Career Portal,Application Review,Automated job-related knockout criteria not met,2.20,,,,,,,,No,No,
CAND-2026-1513,Synthetic Candidate 1513,Male,Reference Group,REQ-2026-ENG-G1,2026-01-22,Regional Hiring Drive,Application Review,Automated job-related knockout criteria not met,2.90,,,,,,,,No,No,
CAND-2026-1514,Synthetic Candidate 1514,Female,Focal Group,REQ-2026-ENG-G1,2026-01-16,Employee Referral,Application Review,Automated job-related knockout criteria not met,2.40,,,,,,,,No,No,
CAND-2026-1515,Synthetic Candidate 1515,Female,Focal Group,REQ-2026-ENG-G1,2026-01-10,LinkedIn Recruiter,Application Review,Automated job-related knockout criteria not met,3.10,,,,,,,,No,No,
CAND-2026-1516,Synthetic Candidate 1516,Male,Reference Group,REQ-2026-ENG-G1,2026-01-17,Skills Academy,Application Review,Automated job-related knockout criteria not met,2.60,,,,,,,,No,No,
CAND-2026-1517,Synthetic Candidate 1517,Male,Reference Group,REQ-2026-ENG-G1,2026-01-11,Direct Career Portal,Application Review,Automated job-related knockout criteria not met,3.30,,,,,,,,No,No,
CAND-2026-1518,Synthetic Candidate 1518,Male,Reference Group,REQ-2026-ENG-G1,2026-01-18,Regional Hiring Drive,Application Review,Automated job-related knockout criteria not met,2.80,,,,,,,,No,No,
CAND-2026-1519,Synthetic Candidate 1519,Female,Focal Group,REQ-2026-ENG-G1,2026-01-12,Employee Referral,Application Review,Automated job-related knockout criteria not met,2.30,,,,,,,,No,No,
CAND-2026-1520,Synthetic Candidate 1520,Female,Focal Group,REQ-2026-ENG-G1,2026-01-19,LinkedIn Recruiter,Application Review,Automated job-related knockout criteria not met,3.00,,,,,,,,No,No,
CAND-2026-1521,Synthetic Candidate 1521,Male,Reference Group,REQ-2026-ENG-G1,2026-01-13,Skills Academy,Application Review,Automated job-related knockout criteria not met,2.50,,,,,,,,No,No,
CAND-2026-1522,Synthetic Candidate 1522,Male,Reference Group,REQ-2026-ENG-G1,2026-01-20,Direct Career Portal,Application Review,Automated job-related knockout criteria not met,3.20,,,,,,,,No,No,
CAND-2026-1523,Synthetic Candidate 1523,Male,Reference Group,REQ-2026-ENG-G1,2026-01-14,Regional Hiring Drive,Application Review,Automated job-related knockout criteria not met,2.70,,,,,,,,No,No,
CAND-2026-1524,Synthetic Candidate 1524,Female,Focal Group,REQ-2026-ENG-G1,2026-01-21,Employee Referral,Application Review,Automated job-related knockout criteria not met,2.20,,,,,,,,No,No,
CAND-2026-1525,Synthetic Candidate 1525,Female,Focal Group,REQ-2026-ENG-G1,2026-01-15,LinkedIn Recruiter,Application Review,Automated job-related knockout criteria not met,2.90,,,,,,,,No,No,
CAND-2026-1526,Synthetic Candidate 1526,Male,Reference Group,REQ-2026-ENG-G1,2026-01-22,Skills Academy,Application Review,Automated job-related knockout criteria not met,2.40,,,,,,,,No,No,
CAND-2026-1527,Synthetic Candidate 1527,Male,Reference Group,REQ-2026-ENG-G1,2026-01-16,Direct Career Portal,Application Review,Automated job-related knockout criteria not met,3.10,,,,,,,,No,No,
CAND-2026-1528,Synthetic Candidate 1528,Male,Reference Group,REQ-2026-ENG-G1,2026-01-10,Regional Hiring Drive,Application Review,Automated job-related knockout criteria not met,2.60,,,,,,,,No,No,
CAND-2026-1529,Synthetic Candidate 1529,Female,Focal Group,REQ-2026-ENG-G1,2026-01-17,Employee Referral,Application Review,Automated job-related knockout criteria not met,3.30,,,,,,,,No,No,
CAND-2026-1530,Synthetic Candidate 1530,Female,Focal Group,REQ-2026-ENG-G1,2026-01-11,LinkedIn Recruiter,Application Review,Automated job-related knockout criteria not met,2.80,,,,,,,,No,No,
CAND-2026-1531,Synthetic Candidate 1531,Male,Reference Group,REQ-2026-ENG-G1,2026-01-18,Skills Academy,Application Review,Automated job-related knockout criteria not met,2.30,,,,,,,,No,No,
CAND-2026-1532,Synthetic Candidate 1532,Male,Reference Group,REQ-2026-ENG-G1,2026-01-12,Direct Career Portal,Application Review,Automated job-related knockout criteria not met,3.00,,,,,,,,No,No,
CAND-2026-1533,Synthetic Candidate 1533,Male,Reference Group,REQ-2026-ENG-G1,2026-01-19,Regional Hiring Drive,Application Review,Automated job-related knockout criteria not met,2.50,,,,,,,,No,No,
CAND-2026-1534,Synthetic Candidate 1534,Female,Focal Group,REQ-2026-ENG-G1,2026-01-13,Employee Referral,Application Review,Automated job-related knockout criteria not met,3.20,,,,,,,,No,No,
CAND-2026-1535,Synthetic Candidate 1535,Female,Focal Group,REQ-2026-ENG-G1,2026-01-20,LinkedIn Recruiter,Application Review,Automated job-related knockout criteria not met,2.70,,,,,,,,No,No,
CAND-2026-1536,Synthetic Candidate 1536,Male,Reference Group,REQ-2026-ENG-G1,2026-01-14,Skills Academy,Application Review,Automated job-related knockout criteria not met,2.20,,,,,,,,No,No,
CAND-2026-1537,Synthetic Candidate 1537,Male,Reference Group,REQ-2026-ENG-G1,2026-01-21,Direct Career Portal,Application Review,Automated job-related knockout criteria not met,2.90,,,,,,,,No,No,
CAND-2026-1538,Synthetic Candidate 1538,Male,Reference Group,REQ-2026-ENG-G1,2026-01-15,Regional Hiring Drive,Application Review,Automated job-related knockout criteria not met,2.40,,,,,,,,No,No,
CAND-2026-1539,Synthetic Candidate 1539,Female,Focal Group,REQ-2026-ENG-G1,2026-01-22,Employee Referral,Application Review,Automated job-related knockout criteria not met,3.10,,,,,,,,No,No,
CAND-2026-1540,Synthetic Candidate 1540,Female,Focal Group,REQ-2026-ENG-G1,2026-01-16,LinkedIn Recruiter,Application Review,Automated job-related knockout criteria not met,2.60,,,,,,,,No,No,
CAND-2026-1541,Synthetic Candidate 1541,Male,Reference Group,REQ-2026-ENG-G1,2026-01-10,Skills Academy,Application Review,Automated job-related knockout criteria not met,3.30,,,,,,,,No,No,
CAND-2026-1542,Synthetic Candidate 1542,Male,Reference Group,REQ-2026-ENG-G1,2026-01-17,Direct Career Portal,Application Review,Automated job-related knockout criteria not met,2.80,,,,,,,,No,No,
CAND-2026-1543,Synthetic Candidate 1543,Male,Reference Group,REQ-2026-ENG-G1,2026-01-11,Regional Hiring Drive,Application Review,Automated job-related knockout criteria not met,2.30,,,,,,,,No,No,
CAND-2026-1544,Synthetic Candidate 1544,Female,Focal Group,REQ-2026-ENG-G1,2026-01-18,Employee Referral,Application Review,Automated job-related knockout criteria not met,3.00,,,,,,,,No,No,
CAND-2026-1545,Synthetic Candidate 1545,Female,Focal Group,REQ-2026-ENG-G1,2026-01-12,LinkedIn Recruiter,Application Review,Automated job-related knockout criteria not met,2.50,,,,,,,,No,No,
CAND-2026-1546,Synthetic Candidate 1546,Male,Reference Group,REQ-2026-ENG-G1,2026-01-19,Skills Academy,Application Review,Automated job-related knockout criteria not met,3.20,,,,,,,,No,No,
CAND-2026-1547,Synthetic Candidate 1547,Male,Reference Group,REQ-2026-ENG-G1,2026-01-13,Direct Career Portal,Application Review,Automated job-related knockout criteria not met,2.70,,,,,,,,No,No,
CAND-2026-1548,Synthetic Candidate 1548,Male,Reference Group,REQ-2026-ENG-G1,2026-01-20,Regional Hiring Drive,Application Review,Automated job-related knockout criteria not met,2.20,,,,,,,,No,No,
CAND-2026-1549,Synthetic Candidate 1549,Female,Focal Group,REQ-2026-ENG-G1,2026-01-14,Employee Referral,Application Review,Automated job-related knockout criteria not met,2.90,,,,,,,,No,No,
CAND-2026-1550,Synthetic Candidate 1550,Female,Focal Group,REQ-2026-ENG-G1,2026-01-21,LinkedIn Recruiter,Application Review,Automated job-related knockout criteria not met,2.40,,,,,,,,No,No,
CAND-2026-1551,Synthetic Candidate 1551,Male,Reference Group,REQ-2026-ENG-G1,2026-01-15,Skills Academy,Application Review,Automated job-related knockout criteria not met,3.10,,,,,,,,No,No,
CAND-2026-1552,Synthetic Candidate 1552,Male,Reference Group,REQ-2026-ENG-G1,2026-01-22,Direct Career Portal,Application Review,Automated job-related knockout criteria not met,2.60,,,,,,,,No,No,
CAND-2026-1553,Synthetic Candidate 1553,Male,Reference Group,REQ-2026-ENG-G1,2026-01-16,Regional Hiring Drive,Application Review,Automated job-related knockout criteria not met,3.30,,,,,,,,No,No,
CAND-2026-1554,Synthetic Candidate 1554,Female,Focal Group,REQ-2026-ENG-G1,2026-01-10,Employee Referral,Application Review,Automated job-related knockout criteria not met,2.80,,,,,,,,No,No,
CAND-2026-1555,Synthetic Candidate 1555,Female,Focal Group,REQ-2026-ENG-G1,2026-01-17,LinkedIn Recruiter,Application Review,Automated job-related knockout criteria not met,2.30,,,,,,,,No,No,
CAND-2026-1556,Synthetic Candidate 1556,Male,Reference Group,REQ-2026-ENG-G1,2026-01-11,Skills Academy,Application Review,Automated job-related knockout criteria not met,3.00,,,,,,,,No,No,
CAND-2026-1557,Synthetic Candidate 1557,Male,Reference Group,REQ-2026-ENG-G1,2026-01-18,Direct Career Portal,Application Review,Automated job-related knockout criteria not met,2.50,,,,,,,,No,No,
CAND-2026-1558,Synthetic Candidate 1558,Male,Reference Group,REQ-2026-ENG-G1,2026-01-12,Regional Hiring Drive,Application Review,Automated job-related knockout criteria not met,3.20,,,,,,,,No,No,
CAND-2026-1559,Synthetic Candidate 1559,Female,Focal Group,REQ-2026-ENG-G1,2026-01-19,Employee Referral,Application Review,Automated job-related knockout criteria not met,2.70,,,,,,,,No,No,
CAND-2026-1560,Synthetic Candidate 1560,Female,Focal Group,REQ-2026-ENG-G1,2026-01-13,LinkedIn Recruiter,Application Review,Automated job-related knockout criteria not met,2.20,,,,,,,,No,No,
CAND-2026-1561,Synthetic Candidate 1561,Male,Reference Group,REQ-2026-ENG-G1,2026-01-20,Skills Academy,Application Review,Automated job-related knockout criteria not met,2.90,,,,,,,,No,No,
CAND-2026-1562,Synthetic Candidate 1562,Male,Reference Group,REQ-2026-ENG-G1,2026-01-14,Direct Career Portal,Application Review,Automated job-related knockout criteria not met,2.40,,,,,,,,No,No,
CAND-2026-1563,Synthetic Candidate 1563,Male,Reference Group,REQ-2026-ENG-G1,2026-01-21,Regional Hiring Drive,Application Review,Automated job-related knockout criteria not met,3.10,,,,,,,,No,No,
CAND-2026-1564,Synthetic Candidate 1564,Female,Focal Group,REQ-2026-ENG-G1,2026-01-15,Employee Referral,Application Review,Automated job-related knockout criteria not met,2.60,,,,,,,,No,No,
CAND-2026-1565,Synthetic Candidate 1565,Female,Focal Group,REQ-2026-ENG-G1,2026-01-22,LinkedIn Recruiter,Application Review,Automated job-related knockout criteria not met,3.30,,,,,,,,No,No,
CAND-2026-1566,Synthetic Candidate 1566,Male,Reference Group,REQ-2026-ENG-G1,2026-01-16,Skills Academy,Application Review,Automated job-related knockout criteria not met,2.80,,,,,,,,No,No,
CAND-2026-1567,Synthetic Candidate 1567,Male,Reference Group,REQ-2026-ENG-G1,2026-01-10,Direct Career Portal,Application Review,Automated job-related knockout criteria not met,2.30,,,,,,,,No,No,
CAND-2026-1568,Synthetic Candidate 1568,Male,Reference Group,REQ-2026-ENG-G1,2026-01-17,Regional Hiring Drive,Application Review,Automated job-related knockout criteria not met,3.00,,,,,,,,No,No,
CAND-2026-1569,Synthetic Candidate 1569,Female,Focal Group,REQ-2026-ENG-G1,2026-01-11,Employee Referral,Application Review,Automated job-related knockout criteria not met,2.50,,,,,,,,No,No,
CAND-2026-1570,Synthetic Candidate 1570,Female,Focal Group,REQ-2026-ENG-G1,2026-01-18,LinkedIn Recruiter,Application Review,Automated job-related knockout criteria not met,3.20,,,,,,,,No,No,
CAND-2026-1571,Synthetic Candidate 1571,Male,Reference Group,REQ-2026-ENG-G1,2026-01-12,Skills Academy,Application Review,Automated job-related knockout criteria not met,2.70,,,,,,,,No,No,
CAND-2026-1572,Synthetic Candidate 1572,Male,Reference Group,REQ-2026-ENG-G1,2026-01-19,Direct Career Portal,Application Review,Automated job-related knockout criteria not met,2.20,,,,,,,,No,No,
CAND-2026-1573,Synthetic Candidate 1573,Male,Reference Group,REQ-2026-ENG-G1,2026-01-13,Regional Hiring Drive,Application Review,Automated job-related knockout criteria not met,2.90,,,,,,,,No,No,
CAND-2026-1574,Synthetic Candidate 1574,Female,Focal Group,REQ-2026-ENG-G1,2026-01-20,Employee Referral,Application Review,Automated job-related knockout criteria not met,2.40,,,,,,,,No,No,
CAND-2026-1575,Synthetic Candidate 1575,Female,Focal Group,REQ-2026-ENG-G1,2026-01-14,LinkedIn Recruiter,Application Review,Automated job-related knockout criteria not met,3.10,,,,,,,,No,No,
CAND-2026-1576,Synthetic Candidate 1576,Male,Reference Group,REQ-2026-ENG-G1,2026-01-21,Skills Academy,Application Review,Automated job-related knockout criteria not met,2.60,,,,,,,,No,No,
CAND-2026-1577,Synthetic Candidate 1577,Male,Reference Group,REQ-2026-ENG-G1,2026-01-15,Direct Career Portal,Application Review,Automated job-related knockout criteria not met,3.30,,,,,,,,No,No,
CAND-2026-1578,Synthetic Candidate 1578,Male,Reference Group,REQ-2026-ENG-G1,2026-01-22,Regional Hiring Drive,Application Review,Automated job-related knockout criteria not met,2.80,,,,,,,,No,No,
CAND-2026-1579,Synthetic Candidate 1579,Female,Focal Group,REQ-2026-ENG-G1,2026-01-16,Employee Referral,Application Review,Automated job-related knockout criteria not met,2.30,,,,,,,,No,No,
CAND-2026-1580,Synthetic Candidate 1580,Female,Focal Group,REQ-2026-ENG-G1,2026-01-10,LinkedIn Recruiter,Application Review,Automated job-related knockout criteria not met,3.00,,,,,,,,No,No,
CAND-2026-1581,Synthetic Candidate 1581,Male,Reference Group,REQ-2026-ENG-G1,2026-01-17,Skills Academy,Application Review,Automated job-related knockout criteria not met,2.50,,,,,,,,No,No,
CAND-2026-1582,Synthetic Candidate 1582,Male,Reference Group,REQ-2026-ENG-G1,2026-01-11,Direct Career Portal,Application Review,Automated job-related knockout criteria not met,3.20,,,,,,,,No,No,
CAND-2026-1583,Synthetic Candidate 1583,Male,Reference Group,REQ-2026-ENG-G1,2026-01-18,Regional Hiring Drive,Application Review,Automated job-related knockout criteria not met,2.70,,,,,,,,No,No,
CAND-2026-1584,Synthetic Candidate 1584,Female,Focal Group,REQ-2026-ENG-G1,2026-01-12,Employee Referral,Application Review,Automated job-related knockout criteria not met,2.20,,,,,,,,No,No,
CAND-2026-1585,Synthetic Candidate 1585,Female,Focal Group,REQ-2026-ENG-G1,2026-01-19,LinkedIn Recruiter,Application Review,Automated job-related knockout criteria not met,2.90,,,,,,,,No,No,
CAND-2026-1586,Synthetic Candidate 1586,Male,Reference Group,REQ-2026-ENG-G1,2026-01-13,Skills Academy,Application Review,Automated job-related knockout criteria not met,2.40,,,,,,,,No,No,
CAND-2026-1587,Synthetic Candidate 1587,Male,Reference Group,REQ-2026-ENG-G1,2026-01-20,Direct Career Portal,Application Review,Automated job-related knockout criteria not met,3.10,,,,,,,,No,No,
CAND-2026-1588,Synthetic Candidate 1588,Male,Reference Group,REQ-2026-ENG-G1,2026-01-14,Regional Hiring Drive,Application Review,Automated job-related knockout criteria not met,2.60,,,,,,,,No,No,
CAND-2026-1589,Synthetic Candidate 1589,Female,Focal Group,REQ-2026-ENG-G1,2026-01-21,Employee Referral,Application Review,Automated job-related knockout criteria not met,3.30,,,,,,,,No,No,
CAND-2026-1590,Synthetic Candidate 1590,Female,Focal Group,REQ-2026-ENG-G1,2026-01-15,LinkedIn Recruiter,Application Review,Automated job-related knockout criteria not met,2.80,,,,,,,,No,No,
CAND-2026-1591,Synthetic Candidate 1591,Male,Reference Group,REQ-2026-ENG-G1,2026-01-22,Skills Academy,Application Review,Automated job-related knockout criteria not met,2.30,,,,,,,,No,No,
CAND-2026-1592,Synthetic Candidate 1592,Male,Reference Group,REQ-2026-ENG-G1,2026-01-16,Direct Career Portal,Application Review,Automated job-related knockout criteria not met,3.00,,,,,,,,No,No,
CAND-2026-1593,Synthetic Candidate 1593,Male,Reference Group,REQ-2026-ENG-G1,2026-01-10,Regional Hiring Drive,Application Review,Automated job-related knockout criteria not met,2.50,,,,,,,,No,No,
CAND-2026-1594,Synthetic Candidate 1594,Female,Focal Group,REQ-2026-ENG-G1,2026-01-17,Employee Referral,Application Review,Automated job-related knockout criteria not met,3.20,,,,,,,,No,No,
CAND-2026-1595,Synthetic Candidate 1595,Female,Focal Group,REQ-2026-ENG-G1,2026-01-11,LinkedIn Recruiter,Application Review,Automated job-related knockout criteria not met,2.70,,,,,,,,No,No,
CAND-2026-1596,Synthetic Candidate 1596,Male,Reference Group,REQ-2026-ENG-G1,2026-01-18,Skills Academy,Application Review,Automated job-related knockout criteria not met,2.20,,,,,,,,No,No,
CAND-2026-1597,Synthetic Candidate 1597,Male,Reference Group,REQ-2026-ENG-G1,2026-01-12,Direct Career Portal,Application Review,Automated job-related knockout criteria not met,2.90,,,,,,,,No,No,
CAND-2026-1598,Synthetic Candidate 1598,Male,Reference Group,REQ-2026-ENG-G1,2026-01-19,Regional Hiring Drive,Application Review,Automated job-related knockout criteria not met,2.40,,,,,,,,No,No,
CAND-2026-1599,Synthetic Candidate 1599,Female,Focal Group,REQ-2026-ENG-G1,2026-01-13,Employee Referral,Application Review,Automated job-related knockout criteria not met,3.10,,,,,,,,No,No,
CAND-2026-1600,Synthetic Candidate 1600,Female,Focal Group,REQ-2026-ENG-G1,2026-01-20,LinkedIn Recruiter,Application Review,Automated job-related knockout criteria not met,2.60,,,,,,,,No,No,
CAND-2026-1601,Synthetic Candidate 1601,Male,Reference Group,REQ-2026-ENG-G1,2026-01-14,Skills Academy,Application Review,Automated job-related knockout criteria not met,3.30,,,,,,,,No,No,
CAND-2026-1602,Synthetic Candidate 1602,Male,Reference Group,REQ-2026-ENG-G1,2026-01-21,Direct Career Portal,Application Review,Automated job-related knockout criteria not met,2.80,,,,,,,,No,No,
CAND-2026-1603,Synthetic Candidate 1603,Male,Reference Group,REQ-2026-ENG-G1,2026-01-15,Regional Hiring Drive,Application Review,Automated job-related knockout criteria not met,2.30,,,,,,,,No,No,
CAND-2026-1604,Synthetic Candidate 1604,Female,Focal Group,REQ-2026-ENG-G1,2026-01-22,Employee Referral,Application Review,Automated job-related knockout criteria not met,3.00,,,,,,,,No,No,
CAND-2026-1605,Synthetic Candidate 1605,Female,Focal Group,REQ-2026-ENG-G1,2026-01-16,LinkedIn Recruiter,Application Review,Automated job-related knockout criteria not met,2.50,,,,,,,,No,No,
CAND-2026-1606,Synthetic Candidate 1606,Male,Reference Group,REQ-2026-ENG-G1,2026-01-10,Skills Academy,Application Review,Automated job-related knockout criteria not met,3.20,,,,,,,,No,No,
CAND-2026-1607,Synthetic Candidate 1607,Male,Reference Group,REQ-2026-ENG-G1,2026-01-17,Direct Career Portal,Application Review,Automated job-related knockout criteria not met,2.70,,,,,,,,No,No,
CAND-2026-1608,Synthetic Candidate 1608,Male,Reference Group,REQ-2026-ENG-G1,2026-01-11,Regional Hiring Drive,Application Review,Automated job-related knockout criteria not met,2.20,,,,,,,,No,No,
CAND-2026-1609,Synthetic Candidate 1609,Female,Focal Group,REQ-2026-ENG-G1,2026-01-18,Employee Referral,Application Review,Automated job-related knockout criteria not met,2.90,,,,,,,,No,No,
CAND-2026-1610,Synthetic Candidate 1610,Female,Focal Group,REQ-2026-ENG-G1,2026-01-12,LinkedIn Recruiter,Application Review,Automated job-related knockout criteria not met,2.40,,,,,,,,No,No,
CAND-2026-1611,Synthetic Candidate 1611,Male,Reference Group,REQ-2026-ENG-G1,2026-01-19,Skills Academy,Application Review,Automated job-related knockout criteria not met,3.10,,,,,,,,No,No,
CAND-2026-1612,Synthetic Candidate 1612,Male,Reference Group,REQ-2026-ENG-G1,2026-01-13,Direct Career Portal,Application Review,Automated job-related knockout criteria not met,2.60,,,,,,,,No,No,
CAND-2026-1613,Synthetic Candidate 1613,Male,Reference Group,REQ-2026-ENG-G1,2026-01-20,Regional Hiring Drive,Application Review,Automated job-related knockout criteria not met,3.30,,,,,,,,No,No,
CAND-2026-1614,Synthetic Candidate 1614,Female,Focal Group,REQ-2026-ENG-G1,2026-01-14,Employee Referral,Application Review,Automated job-related knockout criteria not met,2.80,,,,,,,,No,No,
CAND-2026-1615,Synthetic Candidate 1615,Female,Focal Group,REQ-2026-ENG-G1,2026-01-21,LinkedIn Recruiter,Application Review,Automated job-related knockout criteria not met,2.30,,,,,,,,No,No,
CAND-2026-1616,Synthetic Candidate 1616,Male,Reference Group,REQ-2026-ENG-G1,2026-01-15,Skills Academy,Application Review,Automated job-related knockout criteria not met,3.00,,,,,,,,No,No,
CAND-2026-1617,Synthetic Candidate 1617,Male,Reference Group,REQ-2026-ENG-G1,2026-01-22,Direct Career Portal,Application Review,Automated job-related knockout criteria not met,2.50,,,,,,,,No,No,
CAND-2026-1618,Synthetic Candidate 1618,Male,Reference Group,REQ-2026-ENG-G1,2026-01-16,Regional Hiring Drive,Application Review,Automated job-related knockout criteria not met,3.20,,,,,,,,No,No,
CAND-2026-1619,Synthetic Candidate 1619,Female,Focal Group,REQ-2026-ENG-G1,2026-01-10,Employee Referral,Application Review,Automated job-related knockout criteria not met,2.70,,,,,,,,No,No,
CAND-2026-1620,Synthetic Candidate 1620,Female,Focal Group,REQ-2026-ENG-G1,2026-01-17,LinkedIn Recruiter,Application Review,Automated job-related knockout criteria not met,2.20,,,,,,,,No,No,
CAND-2026-1621,Synthetic Candidate 1621,Male,Reference Group,REQ-2026-ENG-G1,2026-01-11,Skills Academy,Application Review,Automated job-related knockout criteria not met,2.90,,,,,,,,No,No,
CAND-2026-1622,Synthetic Candidate 1622,Male,Reference Group,REQ-2026-ENG-G1,2026-01-18,Direct Career Portal,Application Review,Automated job-related knockout criteria not met,2.40,,,,,,,,No,No,
CAND-2026-1623,Synthetic Candidate 1623,Male,Reference Group,REQ-2026-ENG-G1,2026-01-12,Regional Hiring Drive,Application Review,Automated job-related knockout criteria not met,3.10,,,,,,,,No,No,
CAND-2026-1624,Synthetic Candidate 1624,Female,Focal Group,REQ-2026-ENG-G1,2026-01-19,Employee Referral,Application Review,Automated job-related knockout criteria not met,2.60,,,,,,,,No,No,
CAND-2026-1625,Synthetic Candidate 1625,Female,Focal Group,REQ-2026-ENG-G1,2026-01-13,LinkedIn Recruiter,Application Review,Automated job-related knockout criteria not met,3.30,,,,,,,,No,No,
CAND-2026-1626,Synthetic Candidate 1626,Male,Reference Group,REQ-2026-ENG-G1,2026-01-20,Skills Academy,Application Review,Automated job-related knockout criteria not met,2.80,,,,,,,,No,No,
CAND-2026-1627,Synthetic Candidate 1627,Male,Reference Group,REQ-2026-ENG-G1,2026-01-14,Direct Career Portal,Application Review,Automated job-related knockout criteria not met,2.30,,,,,,,,No,No,
CAND-2026-1628,Synthetic Candidate 1628,Male,Reference Group,REQ-2026-ENG-G1,2026-01-21,Regional Hiring Drive,Application Review,Automated job-related knockout criteria not met,3.00,,,,,,,,No,No,
CAND-2026-1629,Synthetic Candidate 1629,Female,Focal Group,REQ-2026-ENG-G1,2026-01-15,Employee Referral,Application Review,Automated job-related knockout criteria not met,2.50,,,,,,,,No,No,
CAND-2026-1630,Synthetic Candidate 1630,Female,Focal Group,REQ-2026-ENG-G1,2026-01-22,LinkedIn Recruiter,Application Review,Automated job-related knockout criteria not met,3.20,,,,,,,,No,No,
CAND-2026-1631,Synthetic Candidate 1631,Male,Reference Group,REQ-2026-ENG-G1,2026-01-16,Skills Academy,Application Review,Automated job-related knockout criteria not met,2.70,,,,,,,,No,No,
CAND-2026-1632,Synthetic Candidate 1632,Male,Reference Group,REQ-2026-ENG-G1,2026-01-10,Direct Career Portal,Application Review,Automated job-related knockout criteria not met,2.20,,,,,,,,No,No,
CAND-2026-1633,Synthetic Candidate 1633,Male,Reference Group,REQ-2026-ENG-G1,2026-01-17,Regional Hiring Drive,Application Review,Automated job-related knockout criteria not met,2.90,,,,,,,,No,No,
CAND-2026-1634,Synthetic Candidate 1634,Female,Focal Group,REQ-2026-ENG-G1,2026-01-11,Employee Referral,Application Review,Automated job-related knockout criteria not met,2.40,,,,,,,,No,No,
CAND-2026-1635,Synthetic Candidate 1635,Female,Focal Group,REQ-2026-ENG-G1,2026-01-18,LinkedIn Recruiter,Application Review,Automated job-related knockout criteria not met,3.10,,,,,,,,No,No,
CAND-2026-1636,Synthetic Candidate 1636,Male,Reference Group,REQ-2026-ENG-G1,2026-01-12,Skills Academy,Application Review,Automated job-related knockout criteria not met,2.60,,,,,,,,No,No,
CAND-2026-1637,Synthetic Candidate 1637,Male,Reference Group,REQ-2026-ENG-G1,2026-01-19,Direct Career Portal,Application Review,Automated job-related knockout criteria not met,3.30,,,,,,,,No,No,
CAND-2026-1638,Synthetic Candidate 1638,Male,Reference Group,REQ-2026-ENG-G1,2026-01-13,Regional Hiring Drive,Application Review,Automated job-related knockout criteria not met,2.80,,,,,,,,No,No,
CAND-2026-1639,Synthetic Candidate 1639,Female,Focal Group,REQ-2026-ENG-G1,2026-01-20,Employee Referral,Application Review,Automated job-related knockout criteria not met,2.30,,,,,,,,No,No,
CAND-2026-1640,Synthetic Candidate 1640,Female,Focal Group,REQ-2026-ENG-G1,2026-01-14,LinkedIn Recruiter,Application Review,Automated job-related knockout criteria not met,3.00,,,,,,,,No,No,
CAND-2026-1641,Synthetic Candidate 1641,Male,Reference Group,REQ-2026-ENG-G1,2026-01-21,Skills Academy,Application Review,Automated job-related knockout criteria not met,2.50,,,,,,,,No,No,
CAND-2026-1642,Synthetic Candidate 1642,Male,Reference Group,REQ-2026-ENG-G1,2026-01-15,Direct Career Portal,Application Review,Automated job-related knockout criteria not met,3.20,,,,,,,,No,No,
CAND-2026-1643,Synthetic Candidate 1643,Male,Reference Group,REQ-2026-ENG-G1,2026-01-22,Regional Hiring Drive,Application Review,Automated job-related knockout criteria not met,2.70,,,,,,,,No,No,
CAND-2026-1644,Synthetic Candidate 1644,Female,Focal Group,REQ-2026-ENG-G1,2026-01-16,Employee Referral,Application Review,Automated job-related knockout criteria not met,2.20,,,,,,,,No,No,
CAND-2026-1645,Synthetic Candidate 1645,Female,Focal Group,REQ-2026-ENG-G1,2026-01-10,LinkedIn Recruiter,Application Review,Automated job-related knockout criteria not met,2.90,,,,,,,,No,No,
CAND-2026-1646,Synthetic Candidate 1646,Male,Reference Group,REQ-2026-ENG-G1,2026-01-17,Skills Academy,Application Review,Automated job-related knockout criteria not met,2.40,,,,,,,,No,No,
CAND-2026-1647,Synthetic Candidate 1647,Male,Reference Group,REQ-2026-ENG-G1,2026-01-11,Direct Career Portal,Application Review,Automated job-related knockout criteria not met,3.10,,,,,,,,No,No,
CAND-2026-1648,Synthetic Candidate 1648,Male,Reference Group,REQ-2026-ENG-G1,2026-01-18,Regional Hiring Drive,Application Review,Automated job-related knockout criteria not met,2.60,,,,,,,,No,No,
CAND-2026-1649,Synthetic Candidate 1649,Female,Focal Group,REQ-2026-ENG-G1,2026-01-12,Employee Referral,Application Review,Automated job-related knockout criteria not met,3.30,,,,,,,,No,No,
CAND-2026-1650,Synthetic Candidate 1650,Female,Focal Group,REQ-2026-ENG-G1,2026-01-19,LinkedIn Recruiter,Application Review,Automated job-related knockout criteria not met,2.80,,,,,,,,No,No,
CAND-2026-1651,Synthetic Candidate 1651,Male,Reference Group,REQ-2026-ENG-G1,2026-01-13,Skills Academy,Application Review,Automated job-related knockout criteria not met,2.30,,,,,,,,No,No,
CAND-2026-1652,Synthetic Candidate 1652,Male,Reference Group,REQ-2026-ENG-G1,2026-01-20,Direct Career Portal,Application Review,Automated job-related knockout criteria not met,3.00,,,,,,,,No,No,
CAND-2026-1653,Synthetic Candidate 1653,Male,Reference Group,REQ-2026-ENG-G1,2026-01-14,Regional Hiring Drive,Application Review,Automated job-related knockout criteria not met,2.50,,,,,,,,No,No,
CAND-2026-1654,Synthetic Candidate 1654,Female,Focal Group,REQ-2026-ENG-G1,2026-01-21,Employee Referral,Application Review,Automated job-related knockout criteria not met,3.20,,,,,,,,No,No,
CAND-2026-1655,Synthetic Candidate 1655,Female,Focal Group,REQ-2026-ENG-G1,2026-01-15,LinkedIn Recruiter,Application Review,Automated job-related knockout criteria not met,2.70,,,,,,,,No,No,
CAND-2026-1656,Synthetic Candidate 1656,Male,Reference Group,REQ-2026-ENG-G1,2026-01-22,Skills Academy,Application Review,Automated job-related knockout criteria not met,2.20,,,,,,,,No,No,
CAND-2026-1657,Synthetic Candidate 1657,Male,Reference Group,REQ-2026-ENG-G1,2026-01-16,Direct Career Portal,Application Review,Automated job-related knockout criteria not met,2.90,,,,,,,,No,No,
CAND-2026-1658,Synthetic Candidate 1658,Male,Reference Group,REQ-2026-ENG-G1,2026-01-10,Regional Hiring Drive,Application Review,Automated job-related knockout criteria not met,2.40,,,,,,,,No,No,
CAND-2026-1659,Synthetic Candidate 1659,Female,Focal Group,REQ-2026-ENG-G1,2026-01-17,Employee Referral,Application Review,Automated job-related knockout criteria not met,3.10,,,,,,,,No,No,
CAND-2026-1660,Synthetic Candidate 1660,Female,Focal Group,REQ-2026-ENG-G1,2026-01-11,LinkedIn Recruiter,Application Review,Automated job-related knockout criteria not met,2.60,,,,,,,,No,No,
CAND-2026-1661,Synthetic Candidate 1661,Male,Reference Group,REQ-2026-ENG-G1,2026-01-18,Skills Academy,Application Review,Automated job-related knockout criteria not met,3.30,,,,,,,,No,No,
CAND-2026-1662,Synthetic Candidate 1662,Male,Reference Group,REQ-2026-ENG-G1,2026-01-12,Direct Career Portal,Application Review,Automated job-related knockout criteria not met,2.80,,,,,,,,No,No,
CAND-2026-1663,Synthetic Candidate 1663,Male,Reference Group,REQ-2026-ENG-G1,2026-01-19,Regional Hiring Drive,Application Review,Automated job-related knockout criteria not met,2.30,,,,,,,,No,No,
CAND-2026-1664,Synthetic Candidate 1664,Female,Focal Group,REQ-2026-ENG-G1,2026-01-13,Employee Referral,Application Review,Automated job-related knockout criteria not met,3.00,,,,,,,,No,No,
CAND-2026-1665,Synthetic Candidate 1665,Female,Focal Group,REQ-2026-ENG-G1,2026-01-20,LinkedIn Recruiter,Application Review,Automated job-related knockout criteria not met,2.50,,,,,,,,No,No,
CAND-2026-1666,Synthetic Candidate 1666,Male,Reference Group,REQ-2026-ENG-G1,2026-01-14,Skills Academy,Application Review,Automated job-related knockout criteria not met,3.20,,,,,,,,No,No,
CAND-2026-1667,Synthetic Candidate 1667,Male,Reference Group,REQ-2026-ENG-G1,2026-01-21,Direct Career Portal,Application Review,Automated job-related knockout criteria not met,2.70,,,,,,,,No,No,
CAND-2026-1668,Synthetic Candidate 1668,Male,Reference Group,REQ-2026-ENG-G1,2026-01-15,Regional Hiring Drive,Application Review,Automated job-related knockout criteria not met,2.20,,,,,,,,No,No,
CAND-2026-1669,Synthetic Candidate 1669,Female,Focal Group,REQ-2026-ENG-G1,2026-01-22,Employee Referral,Application Review,Automated job-related knockout criteria not met,2.90,,,,,,,,No,No,
CAND-2026-1670,Synthetic Candidate 1670,Female,Focal Group,REQ-2026-ENG-G1,2026-01-16,LinkedIn Recruiter,Application Review,Automated job-related knockout criteria not met,2.40,,,,,,,,No,No,
CAND-2026-1671,Synthetic Candidate 1671,Male,Reference Group,REQ-2026-ENG-G1,2026-01-10,Skills Academy,Application Review,Automated job-related knockout criteria not met,3.10,,,,,,,,No,No,
CAND-2026-1672,Synthetic Candidate 1672,Male,Reference Group,REQ-2026-ENG-G1,2026-01-17,Direct Career Portal,Application Review,Automated job-related knockout criteria not met,2.60,,,,,,,,No,No,
CAND-2026-1673,Synthetic Candidate 1673,Male,Reference Group,REQ-2026-ENG-G1,2026-01-11,Regional Hiring Drive,Application Review,Automated job-related knockout criteria not met,3.30,,,,,,,,No,No,
CAND-2026-1674,Synthetic Candidate 1674,Female,Focal Group,REQ-2026-ENG-G1,2026-01-18,Employee Referral,Application Review,Automated job-related knockout criteria not met,2.80,,,,,,,,No,No,
CAND-2026-1675,Synthetic Candidate 1675,Female,Focal Group,REQ-2026-ENG-G1,2026-01-12,LinkedIn Recruiter,Application Review,Automated job-related knockout criteria not met,2.30,,,,,,,,No,No,
CAND-2026-1676,Synthetic Candidate 1676,Male,Reference Group,REQ-2026-ENG-G1,2026-01-19,Skills Academy,Application Review,Automated job-related knockout criteria not met,3.00,,,,,,,,No,No,
CAND-2026-1677,Synthetic Candidate 1677,Male,Reference Group,REQ-2026-ENG-G1,2026-01-13,Direct Career Portal,Application Review,Automated job-related knockout criteria not met,2.50,,,,,,,,No,No,
CAND-2026-1678,Synthetic Candidate 1678,Male,Reference Group,REQ-2026-ENG-G1,2026-01-20,Regional Hiring Drive,Application Review,Automated job-related knockout criteria not met,3.20,,,,,,,,No,No,
CAND-2026-1679,Synthetic Candidate 1679,Female,Focal Group,REQ-2026-ENG-G1,2026-01-14,Employee Referral,Application Review,Automated job-related knockout criteria not met,2.70,,,,,,,,No,No,
CAND-2026-1680,Synthetic Candidate 1680,Female,Focal Group,REQ-2026-ENG-G1,2026-01-21,LinkedIn Recruiter,Application Review,Automated job-related knockout criteria not met,2.20,,,,,,,,No,No,
CAND-2026-1681,Synthetic Candidate 1681,Male,Reference Group,REQ-2026-ENG-G1,2026-01-15,Skills Academy,Application Review,Automated job-related knockout criteria not met,2.90,,,,,,,,No,No,
CAND-2026-1682,Synthetic Candidate 1682,Male,Reference Group,REQ-2026-ENG-G1,2026-01-22,Direct Career Portal,Application Review,Automated job-related knockout criteria not met,2.40,,,,,,,,No,No,
CAND-2026-1683,Synthetic Candidate 1683,Male,Reference Group,REQ-2026-ENG-G1,2026-01-16,Regional Hiring Drive,Application Review,Automated job-related knockout criteria not met,3.10,,,,,,,,No,No,
CAND-2026-1684,Synthetic Candidate 1684,Female,Focal Group,REQ-2026-ENG-G1,2026-01-10,Employee Referral,Application Review,Automated job-related knockout criteria not met,2.60,,,,,,,,No,No,
CAND-2026-1685,Synthetic Candidate 1685,Female,Focal Group,REQ-2026-ENG-G1,2026-01-17,LinkedIn Recruiter,Application Review,Automated job-related knockout criteria not met,3.30,,,,,,,,No,No,
CAND-2026-1686,Synthetic Candidate 1686,Male,Reference Group,REQ-2026-ENG-G1,2026-01-11,Skills Academy,Application Review,Automated job-related knockout criteria not met,2.80,,,,,,,,No,No,
CAND-2026-1687,Synthetic Candidate 1687,Male,Reference Group,REQ-2026-ENG-G1,2026-01-18,Direct Career Portal,Application Review,Automated job-related knockout criteria not met,2.30,,,,,,,,No,No,
CAND-2026-1688,Synthetic Candidate 1688,Male,Reference Group,REQ-2026-ENG-G1,2026-01-12,Regional Hiring Drive,Application Review,Automated job-related knockout criteria not met,3.00,,,,,,,,No,No,
CAND-2026-1689,Synthetic Candidate 1689,Female,Focal Group,REQ-2026-ENG-G1,2026-01-19,Employee Referral,Application Review,Automated job-related knockout criteria not met,2.50,,,,,,,,No,No,
CAND-2026-1690,Synthetic Candidate 1690,Female,Focal Group,REQ-2026-ENG-G1,2026-01-13,LinkedIn Recruiter,Application Review,Automated job-related knockout criteria not met,3.20,,,,,,,,No,No,
CAND-2026-1691,Synthetic Candidate 1691,Male,Reference Group,REQ-2026-ENG-G1,2026-01-20,Skills Academy,Application Review,Automated job-related knockout criteria not met,2.70,,,,,,,,No,No,
CAND-2026-1692,Synthetic Candidate 1692,Male,Reference Group,REQ-2026-ENG-G1,2026-01-14,Direct Career Portal,Application Review,Automated job-related knockout criteria not met,2.20,,,,,,,,No,No,
CAND-2026-1693,Synthetic Candidate 1693,Male,Reference Group,REQ-2026-ENG-G1,2026-01-21,Regional Hiring Drive,Application Review,Automated job-related knockout criteria not met,2.90,,,,,,,,No,No,
CAND-2026-1694,Synthetic Candidate 1694,Female,Focal Group,REQ-2026-ENG-G1,2026-01-15,Employee Referral,Application Review,Automated job-related knockout criteria not met,2.40,,,,,,,,No,No,
CAND-2026-1695,Synthetic Candidate 1695,Female,Focal Group,REQ-2026-ENG-G1,2026-01-22,LinkedIn Recruiter,Application Review,Automated job-related knockout criteria not met,3.10,,,,,,,,No,No,
CAND-2026-1696,Synthetic Candidate 1696,Male,Reference Group,REQ-2026-ENG-G1,2026-01-16,Skills Academy,Application Review,Automated job-related knockout criteria not met,2.60,,,,,,,,No,No,
CAND-2026-1697,Synthetic Candidate 1697,Male,Reference Group,REQ-2026-ENG-G1,2026-01-10,Direct Career Portal,Application Review,Automated job-related knockout criteria not met,3.30,,,,,,,,No,No,
CAND-2026-1698,Synthetic Candidate 1698,Male,Reference Group,REQ-2026-ENG-G1,2026-01-17,Regional Hiring Drive,Application Review,Automated job-related knockout criteria not met,2.80,,,,,,,,No,No,
CAND-2026-1699,Synthetic Candidate 1699,Female,Focal Group,REQ-2026-ENG-G1,2026-01-11,Employee Referral,Application Review,Automated job-related knockout criteria not met,2.30,,,,,,,,No,No,
CAND-2026-1700,Synthetic Candidate 1700,Female,Focal Group,REQ-2026-ENG-G1,2026-01-18,LinkedIn Recruiter,Application Review,Automated job-related knockout criteria not met,3.00,,,,,,,,No,No,
CAND-2026-1701,Synthetic Candidate 1701,Male,Reference Group,REQ-2026-ENG-G1,2026-01-12,Skills Academy,Application Review,Automated job-related knockout criteria not met,2.50,,,,,,,,No,No,
CAND-2026-1702,Synthetic Candidate 1702,Male,Reference Group,REQ-2026-ENG-G1,2026-01-19,Direct Career Portal,Application Review,Automated job-related knockout criteria not met,3.20,,,,,,,,No,No,
CAND-2026-1703,Synthetic Candidate 1703,Male,Reference Group,REQ-2026-ENG-G1,2026-01-13,Regional Hiring Drive,Application Review,Automated job-related knockout criteria not met,2.70,,,,,,,,No,No,
CAND-2026-1704,Synthetic Candidate 1704,Female,Focal Group,REQ-2026-ENG-G1,2026-01-20,Employee Referral,Application Review,Automated job-related knockout criteria not met,2.20,,,,,,,,No,No,
CAND-2026-1705,Synthetic Candidate 1705,Female,Focal Group,REQ-2026-ENG-G1,2026-01-14,LinkedIn Recruiter,Application Review,Automated job-related knockout criteria not met,2.90,,,,,,,,No,No,
CAND-2026-1706,Synthetic Candidate 1706,Male,Reference Group,REQ-2026-ENG-G1,2026-01-21,Skills Academy,Application Review,Automated job-related knockout criteria not met,2.40,,,,,,,,No,No,
CAND-2026-1707,Synthetic Candidate 1707,Male,Reference Group,REQ-2026-ENG-G1,2026-01-15,Direct Career Portal,Application Review,Automated job-related knockout criteria not met,3.10,,,,,,,,No,No,
CAND-2026-1708,Synthetic Candidate 1708,Male,Reference Group,REQ-2026-ENG-G1,2026-01-22,Regional Hiring Drive,Application Review,Automated job-related knockout criteria not met,2.60,,,,,,,,No,No,
CAND-2026-1709,Synthetic Candidate 1709,Female,Focal Group,REQ-2026-ENG-G1,2026-01-16,Employee Referral,Application Review,Automated job-related knockout criteria not met,3.30,,,,,,,,No,No,
CAND-2026-1710,Synthetic Candidate 1710,Female,Focal Group,REQ-2026-ENG-G1,2026-01-10,LinkedIn Recruiter,Application Review,Automated job-related knockout criteria not met,2.80,,,,,,,,No,No,
CAND-2026-1711,Synthetic Candidate 1711,Male,Reference Group,REQ-2026-ENG-G1,2026-01-17,Skills Academy,Application Review,Automated job-related knockout criteria not met,2.30,,,,,,,,No,No,
CAND-2026-1712,Synthetic Candidate 1712,Male,Reference Group,REQ-2026-ENG-G1,2026-01-11,Direct Career Portal,Application Review,Automated job-related knockout criteria not met,3.00,,,,,,,,No,No,
CAND-2026-1713,Synthetic Candidate 1713,Male,Reference Group,REQ-2026-ENG-G1,2026-01-18,Regional Hiring Drive,Application Review,Automated job-related knockout criteria not met,2.50,,,,,,,,No,No,
CAND-2026-1714,Synthetic Candidate 1714,Female,Focal Group,REQ-2026-ENG-G1,2026-01-12,Employee Referral,Application Review,Automated job-related knockout criteria not met,3.20,,,,,,,,No,No,
CAND-2026-1715,Synthetic Candidate 1715,Female,Focal Group,REQ-2026-ENG-G1,2026-01-19,LinkedIn Recruiter,Application Review,Automated job-related knockout criteria not met,2.70,,,,,,,,No,No,
CAND-2026-1716,Synthetic Candidate 1716,Male,Reference Group,REQ-2026-ENG-G1,2026-01-13,Skills Academy,Application Review,Automated job-related knockout criteria not met,2.20,,,,,,,,No,No,
CAND-2026-1717,Synthetic Candidate 1717,Male,Reference Group,REQ-2026-ENG-G1,2026-01-20,Direct Career Portal,Application Review,Automated job-related knockout criteria not met,2.90,,,,,,,,No,No,
CAND-2026-1718,Synthetic Candidate 1718,Male,Reference Group,REQ-2026-ENG-G1,2026-01-14,Regional Hiring Drive,Application Review,Automated job-related knockout criteria not met,2.40,,,,,,,,No,No,
CAND-2026-1719,Synthetic Candidate 1719,Female,Focal Group,REQ-2026-ENG-G1,2026-01-21,Employee Referral,Application Review,Automated job-related knockout criteria not met,3.10,,,,,,,,No,No,
CAND-2026-1720,Synthetic Candidate 1720,Female,Focal Group,REQ-2026-ENG-G1,2026-01-15,LinkedIn Recruiter,Application Review,Automated job-related knockout criteria not met,2.60,,,,,,,,No,No,
CAND-2026-1721,Synthetic Candidate 1721,Male,Reference Group,REQ-2026-ENG-G1,2026-01-22,Skills Academy,Application Review,Automated job-related knockout criteria not met,3.30,,,,,,,,No,No,
CAND-2026-1722,Synthetic Candidate 1722,Male,Reference Group,REQ-2026-ENG-G1,2026-01-16,Direct Career Portal,Application Review,Automated job-related knockout criteria not met,2.80,,,,,,,,No,No,
CAND-2026-1723,Synthetic Candidate 1723,Male,Reference Group,REQ-2026-ENG-G1,2026-01-10,Regional Hiring Drive,Application Review,Automated job-related knockout criteria not met,2.30,,,,,,,,No,No,
CAND-2026-1724,Synthetic Candidate 1724,Female,Focal Group,REQ-2026-ENG-G1,2026-01-17,Employee Referral,Application Review,Automated job-related knockout criteria not met,3.00,,,,,,,,No,No,
CAND-2026-1725,Synthetic Candidate 1725,Female,Focal Group,REQ-2026-ENG-G1,2026-01-11,LinkedIn Recruiter,Application Review,Automated job-related knockout criteria not met,2.50,,,,,,,,No,No,
CAND-2026-1726,Synthetic Candidate 1726,Male,Reference Group,REQ-2026-ENG-G1,2026-01-18,Skills Academy,Application Review,Automated job-related knockout criteria not met,3.20,,,,,,,,No,No,
CAND-2026-1727,Synthetic Candidate 1727,Male,Reference Group,REQ-2026-ENG-G1,2026-01-12,Direct Career Portal,Application Review,Automated job-related knockout criteria not met,2.70,,,,,,,,No,No,
CAND-2026-1728,Synthetic Candidate 1728,Male,Reference Group,REQ-2026-ENG-G1,2026-01-19,Regional Hiring Drive,Application Review,Automated job-related knockout criteria not met,2.20,,,,,,,,No,No,
CAND-2026-1729,Synthetic Candidate 1729,Female,Focal Group,REQ-2026-ENG-G1,2026-01-13,Employee Referral,Application Review,Automated job-related knockout criteria not met,2.90,,,,,,,,No,No,
CAND-2026-1730,Synthetic Candidate 1730,Female,Focal Group,REQ-2026-ENG-G1,2026-01-20,LinkedIn Recruiter,Application Review,Automated job-related knockout criteria not met,2.40,,,,,,,,No,No,
CAND-2026-1731,Synthetic Candidate 1731,Male,Reference Group,REQ-2026-ENG-G1,2026-01-14,Skills Academy,Application Review,Automated job-related knockout criteria not met,3.10,,,,,,,,No,No,
CAND-2026-1732,Synthetic Candidate 1732,Male,Reference Group,REQ-2026-ENG-G1,2026-01-21,Direct Career Portal,Application Review,Automated job-related knockout criteria not met,2.60,,,,,,,,No,No,
CAND-2026-1733,Synthetic Candidate 1733,Male,Reference Group,REQ-2026-ENG-G1,2026-01-15,Regional Hiring Drive,Application Review,Automated job-related knockout criteria not met,3.30,,,,,,,,No,No,
CAND-2026-1734,Synthetic Candidate 1734,Female,Focal Group,REQ-2026-ENG-G1,2026-01-22,Employee Referral,Application Review,Automated job-related knockout criteria not met,2.80,,,,,,,,No,No,
CAND-2026-1735,Synthetic Candidate 1735,Female,Focal Group,REQ-2026-ENG-G1,2026-01-16,LinkedIn Recruiter,Application Review,Automated job-related knockout criteria not met,2.30,,,,,,,,No,No,
CAND-2026-1736,Synthetic Candidate 1736,Male,Reference Group,REQ-2026-ENG-G1,2026-01-10,Skills Academy,Application Review,Automated job-related knockout criteria not met,3.00,,,,,,,,No,No,
CAND-2026-1737,Synthetic Candidate 1737,Male,Reference Group,REQ-2026-ENG-G1,2026-01-17,Direct Career Portal,Application Review,Automated job-related knockout criteria not met,2.50,,,,,,,,No,No,
CAND-2026-1738,Synthetic Candidate 1738,Male,Reference Group,REQ-2026-ENG-G1,2026-01-11,Regional Hiring Drive,Application Review,Automated job-related knockout criteria not met,3.20,,,,,,,,No,No,
CAND-2026-1739,Synthetic Candidate 1739,Female,Focal Group,REQ-2026-ENG-G1,2026-01-18,Employee Referral,Application Review,Automated job-related knockout criteria not met,2.70,,,,,,,,No,No,
CAND-2026-1740,Synthetic Candidate 1740,Female,Focal Group,REQ-2026-ENG-G1,2026-01-12,LinkedIn Recruiter,Application Review,Automated job-related knockout criteria not met,2.20,,,,,,,,No,No,
CAND-2026-1741,Synthetic Candidate 1741,Male,Reference Group,REQ-2026-ENG-G1,2026-01-19,Skills Academy,Application Review,Automated job-related knockout criteria not met,2.90,,,,,,,,No,No,
CAND-2026-1742,Synthetic Candidate 1742,Male,Reference Group,REQ-2026-ENG-G1,2026-01-13,Direct Career Portal,Application Review,Automated job-related knockout criteria not met,2.40,,,,,,,,No,No,
CAND-2026-1743,Synthetic Candidate 1743,Male,Reference Group,REQ-2026-ENG-G1,2026-01-20,Regional Hiring Drive,Application Review,Automated job-related knockout criteria not met,3.10,,,,,,,,No,No,
CAND-2026-1744,Synthetic Candidate 1744,Female,Focal Group,REQ-2026-ENG-G1,2026-01-14,Employee Referral,Application Review,Automated job-related knockout criteria not met,2.60,,,,,,,,No,No,
CAND-2026-1745,Synthetic Candidate 1745,Female,Focal Group,REQ-2026-ENG-G1,2026-01-21,LinkedIn Recruiter,Application Review,Automated job-related knockout criteria not met,3.30,,,,,,,,No,No,
CAND-2026-1746,Synthetic Candidate 1746,Male,Reference Group,REQ-2026-ENG-G1,2026-01-15,Skills Academy,Application Review,Automated job-related knockout criteria not met,2.80,,,,,,,,No,No,
CAND-2026-1747,Synthetic Candidate 1747,Male,Reference Group,REQ-2026-ENG-G1,2026-01-22,Direct Career Portal,Application Review,Automated job-related knockout criteria not met,2.30,,,,,,,,No,No,
CAND-2026-1748,Synthetic Candidate 1748,Male,Reference Group,REQ-2026-ENG-G1,2026-01-16,Regional Hiring Drive,Application Review,Automated job-related knockout criteria not met,3.00,,,,,,,,No,No,
CAND-2026-1749,Synthetic Candidate 1749,Female,Focal Group,REQ-2026-ENG-G1,2026-01-10,Employee Referral,Application Review,Automated job-related knockout criteria not met,2.50,,,,,,,,No,No,
CAND-2026-1750,Synthetic Candidate 1750,Female,Focal Group,REQ-2026-ENG-G1,2026-01-17,LinkedIn Recruiter,Application Review,Automated job-related knockout criteria not met,3.20,,,,,,,,No,No,
CAND-2026-1751,Synthetic Candidate 1751,Male,Reference Group,REQ-2026-ENG-G1,2026-01-11,Skills Academy,Application Review,Automated job-related knockout criteria not met,2.70,,,,,,,,No,No,
CAND-2026-1752,Synthetic Candidate 1752,Male,Reference Group,REQ-2026-ENG-G1,2026-01-18,Direct Career Portal,Application Review,Automated job-related knockout criteria not met,2.20,,,,,,,,No,No,
CAND-2026-1753,Synthetic Candidate 1753,Male,Reference Group,REQ-2026-ENG-G1,2026-01-12,Regional Hiring Drive,Application Review,Automated job-related knockout criteria not met,2.90,,,,,,,,No,No,
CAND-2026-1754,Synthetic Candidate 1754,Female,Focal Group,REQ-2026-ENG-G1,2026-01-19,Employee Referral,Application Review,Automated job-related knockout criteria not met,2.40,,,,,,,,No,No,
CAND-2026-1755,Synthetic Candidate 1755,Female,Focal Group,REQ-2026-ENG-G1,2026-01-13,LinkedIn Recruiter,Application Review,Automated job-related knockout criteria not met,3.10,,,,,,,,No,No,
CAND-2026-1756,Synthetic Candidate 1756,Male,Reference Group,REQ-2026-ENG-G1,2026-01-20,Skills Academy,Application Review,Automated job-related knockout criteria not met,2.60,,,,,,,,No,No,
CAND-2026-1757,Synthetic Candidate 1757,Male,Reference Group,REQ-2026-ENG-G1,2026-01-14,Direct Career Portal,Application Review,Automated job-related knockout criteria not met,3.30,,,,,,,,No,No,
CAND-2026-1758,Synthetic Candidate 1758,Male,Reference Group,REQ-2026-ENG-G1,2026-01-21,Regional Hiring Drive,Application Review,Automated job-related knockout criteria not met,2.80,,,,,,,,No,No,
CAND-2026-1759,Synthetic Candidate 1759,Female,Focal Group,REQ-2026-ENG-G1,2026-01-15,Employee Referral,Application Review,Automated job-related knockout criteria not met,2.30,,,,,,,,No,No,
CAND-2026-1760,Synthetic Candidate 1760,Female,Focal Group,REQ-2026-ENG-G1,2026-01-22,LinkedIn Recruiter,Application Review,Automated job-related knockout criteria not met,3.00,,,,,,,,No,No,
CAND-2026-1761,Synthetic Candidate 1761,Male,Reference Group,REQ-2026-ENG-G1,2026-01-16,Skills Academy,Application Review,Automated job-related knockout criteria not met,2.50,,,,,,,,No,No,
CAND-2026-1762,Synthetic Candidate 1762,Male,Reference Group,REQ-2026-ENG-G1,2026-01-10,Direct Career Portal,Application Review,Automated job-related knockout criteria not met,3.20,,,,,,,,No,No,
CAND-2026-1763,Synthetic Candidate 1763,Male,Reference Group,REQ-2026-ENG-G1,2026-01-17,Regional Hiring Drive,Application Review,Automated job-related knockout criteria not met,2.70,,,,,,,,No,No,
CAND-2026-1764,Synthetic Candidate 1764,Female,Focal Group,REQ-2026-ENG-G1,2026-01-11,Employee Referral,Application Review,Automated job-related knockout criteria not met,2.20,,,,,,,,No,No,
CAND-2026-1765,Synthetic Candidate 1765,Female,Focal Group,REQ-2026-ENG-G1,2026-01-18,LinkedIn Recruiter,Application Review,Automated job-related knockout criteria not met,2.90,,,,,,,,No,No,
CAND-2026-1766,Synthetic Candidate 1766,Male,Reference Group,REQ-2026-ENG-G1,2026-01-12,Skills Academy,Application Review,Automated job-related knockout criteria not met,2.40,,,,,,,,No,No,
CAND-2026-1767,Synthetic Candidate 1767,Male,Reference Group,REQ-2026-ENG-G1,2026-01-19,Direct Career Portal,Application Review,Automated job-related knockout criteria not met,3.10,,,,,,,,No,No,
CAND-2026-1768,Synthetic Candidate 1768,Male,Reference Group,REQ-2026-ENG-G1,2026-01-13,Regional Hiring Drive,Application Review,Automated job-related knockout criteria not met,2.60,,,,,,,,No,No,
CAND-2026-1769,Synthetic Candidate 1769,Female,Focal Group,REQ-2026-ENG-G1,2026-01-20,Employee Referral,Application Review,Automated job-related knockout criteria not met,3.30,,,,,,,,No,No,
CAND-2026-1770,Synthetic Candidate 1770,Female,Focal Group,REQ-2026-ENG-G1,2026-01-14,LinkedIn Recruiter,Application Review,Automated job-related knockout criteria not met,2.80,,,,,,,,No,No,
CAND-2026-1771,Synthetic Candidate 1771,Male,Reference Group,REQ-2026-ENG-G1,2026-01-21,Skills Academy,Application Review,Automated job-related knockout criteria not met,2.30,,,,,,,,No,No,
CAND-2026-1772,Synthetic Candidate 1772,Male,Reference Group,REQ-2026-ENG-G1,2026-01-15,Direct Career Portal,Application Review,Automated job-related knockout criteria not met,3.00,,,,,,,,No,No,
CAND-2026-1773,Synthetic Candidate 1773,Male,Reference Group,REQ-2026-ENG-G1,2026-01-22,Regional Hiring Drive,Application Review,Automated job-related knockout criteria not met,2.50,,,,,,,,No,No,
CAND-2026-1774,Synthetic Candidate 1774,Female,Focal Group,REQ-2026-ENG-G1,2026-01-16,Employee Referral,Application Review,Automated job-related knockout criteria not met,3.20,,,,,,,,No,No,
CAND-2026-1775,Synthetic Candidate 1775,Female,Focal Group,REQ-2026-ENG-G1,2026-01-10,LinkedIn Recruiter,Application Review,Automated job-related knockout criteria not met,2.70,,,,,,,,No,No,
CAND-2026-1776,Synthetic Candidate 1776,Male,Reference Group,REQ-2026-ENG-G1,2026-01-17,Skills Academy,Application Review,Automated job-related knockout criteria not met,2.20,,,,,,,,No,No,
CAND-2026-1777,Synthetic Candidate 1777,Male,Reference Group,REQ-2026-ENG-G1,2026-01-11,Direct Career Portal,Application Review,Automated job-related knockout criteria not met,2.90,,,,,,,,No,No,
CAND-2026-1778,Synthetic Candidate 1778,Male,Reference Group,REQ-2026-ENG-G1,2026-01-18,Regional Hiring Drive,Application Review,Automated job-related knockout criteria not met,2.40,,,,,,,,No,No,
CAND-2026-1779,Synthetic Candidate 1779,Female,Focal Group,REQ-2026-ENG-G1,2026-01-12,Employee Referral,Application Review,Automated job-related knockout criteria not met,3.10,,,,,,,,No,No,
CAND-2026-1780,Synthetic Candidate 1780,Female,Focal Group,REQ-2026-ENG-G1,2026-01-19,LinkedIn Recruiter,Application Review,Automated job-related knockout criteria not met,2.60,,,,,,,,No,No,
CAND-2026-1781,Synthetic Candidate 1781,Male,Reference Group,REQ-2026-ENG-G1,2026-01-13,Skills Academy,Application Review,Automated job-related knockout criteria not met,3.30,,,,,,,,No,No,
CAND-2026-1782,Synthetic Candidate 1782,Male,Reference Group,REQ-2026-ENG-G1,2026-01-20,Direct Career Portal,Application Review,Automated job-related knockout criteria not met,2.80,,,,,,,,No,No,
CAND-2026-1783,Synthetic Candidate 1783,Male,Reference Group,REQ-2026-ENG-G1,2026-01-14,Regional Hiring Drive,Application Review,Automated job-related knockout criteria not met,2.30,,,,,,,,No,No,
CAND-2026-1784,Synthetic Candidate 1784,Female,Focal Group,REQ-2026-ENG-G1,2026-01-21,Employee Referral,Application Review,Automated job-related knockout criteria not met,3.00,,,,,,,,No,No,
CAND-2026-1785,Synthetic Candidate 1785,Female,Focal Group,REQ-2026-ENG-G1,2026-01-15,LinkedIn Recruiter,Application Review,Automated job-related knockout criteria not met,2.50,,,,,,,,No,No,
CAND-2026-1786,Synthetic Candidate 1786,Male,Reference Group,REQ-2026-ENG-G1,2026-01-22,Skills Academy,Application Review,Automated job-related knockout criteria not met,3.20,,,,,,,,No,No,
CAND-2026-1787,Synthetic Candidate 1787,Male,Reference Group,REQ-2026-ENG-G1,2026-01-16,Direct Career Portal,Application Review,Automated job-related knockout criteria not met,2.70,,,,,,,,No,No,
CAND-2026-1788,Synthetic Candidate 1788,Male,Reference Group,REQ-2026-ENG-G1,2026-01-10,Regional Hiring Drive,Application Review,Automated job-related knockout criteria not met,2.20,,,,,,,,No,No,
CAND-2026-1789,Synthetic Candidate 1789,Female,Focal Group,REQ-2026-ENG-G1,2026-01-17,Employee Referral,Application Review,Automated job-related knockout criteria not met,2.90,,,,,,,,No,No,
CAND-2026-1790,Synthetic Candidate 1790,Female,Focal Group,REQ-2026-ENG-G1,2026-01-11,LinkedIn Recruiter,Application Review,Automated job-related knockout criteria not met,2.40,,,,,,,,No,No,
CAND-2026-1791,Synthetic Candidate 1791,Male,Reference Group,REQ-2026-ENG-G1,2026-01-18,Skills Academy,Application Review,Automated job-related knockout criteria not met,3.10,,,,,,,,No,No,
CAND-2026-1792,Synthetic Candidate 1792,Male,Reference Group,REQ-2026-ENG-G1,2026-01-12,Direct Career Portal,Application Review,Automated job-related knockout criteria not met,2.60,,,,,,,,No,No,
CAND-2026-1793,Synthetic Candidate 1793,Male,Reference Group,REQ-2026-ENG-G1,2026-01-19,Regional Hiring Drive,Application Review,Automated job-related knockout criteria not met,3.30,,,,,,,,No,No,
CAND-2026-1794,Synthetic Candidate 1794,Female,Focal Group,REQ-2026-ENG-G1,2026-01-13,Employee Referral,Application Review,Automated job-related knockout criteria not met,2.80,,,,,,,,No,No,
CAND-2026-1795,Synthetic Candidate 1795,Female,Focal Group,REQ-2026-ENG-G1,2026-01-20,LinkedIn Recruiter,Application Review,Automated job-related knockout criteria not met,2.30,,,,,,,,No,No,
CAND-2026-1796,Synthetic Candidate 1796,Male,Reference Group,REQ-2026-ENG-G1,2026-01-14,Skills Academy,Application Review,Automated job-related knockout criteria not met,3.00,,,,,,,,No,No,
CAND-2026-1797,Synthetic Candidate 1797,Male,Reference Group,REQ-2026-ENG-G1,2026-01-21,Direct Career Portal,Application Review,Automated job-related knockout criteria not met,2.50,,,,,,,,No,No,
CAND-2026-1798,Synthetic Candidate 1798,Male,Reference Group,REQ-2026-ENG-G1,2026-01-15,Regional Hiring Drive,Application Review,Automated job-related knockout criteria not met,3.20,,,,,,,,No,No,
CAND-2026-1799,Synthetic Candidate 1799,Female,Focal Group,REQ-2026-ENG-G1,2026-01-22,Employee Referral,Application Review,Automated job-related knockout criteria not met,2.70,,,,,,,,No,No,
CAND-2026-1800,Synthetic Candidate 1800,Female,Focal Group,REQ-2026-ENG-G1,2026-01-16,LinkedIn Recruiter,Application Review,Automated job-related knockout criteria not met,2.20,,,,,,,,No,No,
CAND-2026-1801,Synthetic Candidate 1801,Male,Reference Group,REQ-2026-ENG-G1,2026-01-10,Skills Academy,Application Review,Automated job-related knockout criteria not met,2.90,,,,,,,,No,No,
CAND-2026-1802,Synthetic Candidate 1802,Male,Reference Group,REQ-2026-ENG-G1,2026-01-17,Direct Career Portal,Application Review,Automated job-related knockout criteria not met,2.40,,,,,,,,No,No,
CAND-2026-1803,Synthetic Candidate 1803,Male,Reference Group,REQ-2026-ENG-G1,2026-01-11,Regional Hiring Drive,Application Review,Automated job-related knockout criteria not met,3.10,,,,,,,,No,No,
CAND-2026-1804,Synthetic Candidate 1804,Female,Focal Group,REQ-2026-ENG-G1,2026-01-18,Employee Referral,Application Review,Automated job-related knockout criteria not met,2.60,,,,,,,,No,No,
CAND-2026-1805,Synthetic Candidate 1805,Female,Focal Group,REQ-2026-ENG-G1,2026-01-12,LinkedIn Recruiter,Application Review,Automated job-related knockout criteria not met,3.30,,,,,,,,No,No,
CAND-2026-1806,Synthetic Candidate 1806,Male,Reference Group,REQ-2026-ENG-G1,2026-01-19,Skills Academy,Application Review,Automated job-related knockout criteria not met,2.80,,,,,,,,No,No,
CAND-2026-1807,Synthetic Candidate 1807,Male,Reference Group,REQ-2026-ENG-G1,2026-01-13,Direct Career Portal,Application Review,Automated job-related knockout criteria not met,2.30,,,,,,,,No,No,
CAND-2026-1808,Synthetic Candidate 1808,Male,Reference Group,REQ-2026-ENG-G1,2026-01-20,Regional Hiring Drive,Application Review,Automated job-related knockout criteria not met,3.00,,,,,,,,No,No,
CAND-2026-1809,Synthetic Candidate 1809,Female,Focal Group,REQ-2026-ENG-G1,2026-01-14,Employee Referral,Application Review,Automated job-related knockout criteria not met,2.50,,,,,,,,No,No,
CAND-2026-1810,Synthetic Candidate 1810,Female,Focal Group,REQ-2026-ENG-G1,2026-01-21,LinkedIn Recruiter,Application Review,Automated job-related knockout criteria not met,3.20,,,,,,,,No,No,
CAND-2026-1811,Synthetic Candidate 1811,Male,Reference Group,REQ-2026-ENG-G1,2026-01-15,Skills Academy,Application Review,Automated job-related knockout criteria not met,2.70,,,,,,,,No,No,
CAND-2026-1812,Synthetic Candidate 1812,Male,Reference Group,REQ-2026-ENG-G1,2026-01-22,Direct Career Portal,Application Review,Automated job-related knockout criteria not met,2.20,,,,,,,,No,No,
CAND-2026-1813,Synthetic Candidate 1813,Male,Reference Group,REQ-2026-ENG-G1,2026-01-16,Regional Hiring Drive,Application Review,Automated job-related knockout criteria not met,2.90,,,,,,,,No,No,
CAND-2026-1814,Synthetic Candidate 1814,Female,Focal Group,REQ-2026-ENG-G1,2026-01-10,Employee Referral,Application Review,Automated job-related knockout criteria not met,2.40,,,,,,,,No,No,
CAND-2026-1815,Synthetic Candidate 1815,Female,Focal Group,REQ-2026-ENG-G1,2026-01-17,LinkedIn Recruiter,Application Review,Automated job-related knockout criteria not met,3.10,,,,,,,,No,No,
CAND-2026-1816,Synthetic Candidate 1816,Male,Reference Group,REQ-2026-ENG-G1,2026-01-11,Skills Academy,Application Review,Automated job-related knockout criteria not met,2.60,,,,,,,,No,No,
CAND-2026-1817,Synthetic Candidate 1817,Male,Reference Group,REQ-2026-ENG-G1,2026-01-18,Direct Career Portal,Application Review,Automated job-related knockout criteria not met,3.30,,,,,,,,No,No,
CAND-2026-1818,Synthetic Candidate 1818,Male,Reference Group,REQ-2026-ENG-G1,2026-01-12,Regional Hiring Drive,Application Review,Automated job-related knockout criteria not met,2.80,,,,,,,,No,No,
CAND-2026-1819,Synthetic Candidate 1819,Female,Focal Group,REQ-2026-ENG-G1,2026-01-19,Employee Referral,Application Review,Automated job-related knockout criteria not met,2.30,,,,,,,,No,No,
CAND-2026-1820,Synthetic Candidate 1820,Female,Focal Group,REQ-2026-ENG-G1,2026-01-13,LinkedIn Recruiter,Application Review,Automated job-related knockout criteria not met,3.00,,,,,,,,No,No,
CAND-2026-1821,Synthetic Candidate 1821,Male,Reference Group,REQ-2026-ENG-G1,2026-01-20,Skills Academy,Application Review,Automated job-related knockout criteria not met,2.50,,,,,,,,No,No,
CAND-2026-1822,Synthetic Candidate 1822,Male,Reference Group,REQ-2026-ENG-G1,2026-01-14,Direct Career Portal,Application Review,Automated job-related knockout criteria not met,3.20,,,,,,,,No,No,
CAND-2026-1823,Synthetic Candidate 1823,Male,Reference Group,REQ-2026-ENG-G1,2026-01-21,Regional Hiring Drive,Application Review,Automated job-related knockout criteria not met,2.70,,,,,,,,No,No,
CAND-2026-1824,Synthetic Candidate 1824,Female,Focal Group,REQ-2026-ENG-G1,2026-01-15,Employee Referral,Application Review,Automated job-related knockout criteria not met,2.20,,,,,,,,No,No,
CAND-2026-1825,Synthetic Candidate 1825,Female,Focal Group,REQ-2026-ENG-G1,2026-01-22,LinkedIn Recruiter,Application Review,Automated job-related knockout criteria not met,2.90,,,,,,,,No,No,
CAND-2026-1826,Synthetic Candidate 1826,Male,Reference Group,REQ-2026-ENG-G1,2026-01-16,Skills Academy,Application Review,Automated job-related knockout criteria not met,2.40,,,,,,,,No,No,
CAND-2026-1827,Synthetic Candidate 1827,Male,Reference Group,REQ-2026-ENG-G1,2026-01-10,Direct Career Portal,Application Review,Automated job-related knockout criteria not met,3.10,,,,,,,,No,No,
CAND-2026-1828,Synthetic Candidate 1828,Male,Reference Group,REQ-2026-ENG-G1,2026-01-17,Regional Hiring Drive,Application Review,Automated job-related knockout criteria not met,2.60,,,,,,,,No,No,
CAND-2026-1829,Synthetic Candidate 1829,Female,Focal Group,REQ-2026-ENG-G1,2026-01-11,Employee Referral,Application Review,Automated job-related knockout criteria not met,3.30,,,,,,,,No,No,
CAND-2026-1830,Synthetic Candidate 1830,Female,Focal Group,REQ-2026-ENG-G1,2026-01-18,LinkedIn Recruiter,Application Review,Automated job-related knockout criteria not met,2.80,,,,,,,,No,No,
CAND-2026-1831,Synthetic Candidate 1831,Male,Reference Group,REQ-2026-ENG-G1,2026-01-12,Skills Academy,Application Review,Automated job-related knockout criteria not met,2.30,,,,,,,,No,No,
CAND-2026-1832,Synthetic Candidate 1832,Male,Reference Group,REQ-2026-ENG-G1,2026-01-19,Direct Career Portal,Application Review,Automated job-related knockout criteria not met,3.00,,,,,,,,No,No,
CAND-2026-1833,Synthetic Candidate 1833,Male,Reference Group,REQ-2026-ENG-G1,2026-01-13,Regional Hiring Drive,Application Review,Automated job-related knockout criteria not met,2.50,,,,,,,,No,No,
CAND-2026-1834,Synthetic Candidate 1834,Female,Focal Group,REQ-2026-ENG-G1,2026-01-20,Employee Referral,Application Review,Automated job-related knockout criteria not met,3.20,,,,,,,,No,No,
CAND-2026-1835,Synthetic Candidate 1835,Female,Focal Group,REQ-2026-ENG-G1,2026-01-14,LinkedIn Recruiter,Application Review,Automated job-related knockout criteria not met,2.70,,,,,,,,No,No,
CAND-2026-1836,Synthetic Candidate 1836,Male,Reference Group,REQ-2026-ENG-G1,2026-01-21,Skills Academy,Application Review,Automated job-related knockout criteria not met,2.20,,,,,,,,No,No,
CAND-2026-1837,Synthetic Candidate 1837,Male,Reference Group,REQ-2026-ENG-G1,2026-01-15,Direct Career Portal,Application Review,Automated job-related knockout criteria not met,2.90,,,,,,,,No,No,
CAND-2026-1838,Synthetic Candidate 1838,Male,Reference Group,REQ-2026-ENG-G1,2026-01-22,Regional Hiring Drive,Application Review,Automated job-related knockout criteria not met,2.40,,,,,,,,No,No,
CAND-2026-1839,Synthetic Candidate 1839,Female,Focal Group,REQ-2026-ENG-G1,2026-01-16,Employee Referral,Application Review,Automated job-related knockout criteria not met,3.10,,,,,,,,No,No,
CAND-2026-1840,Synthetic Candidate 1840,Female,Focal Group,REQ-2026-ENG-G1,2026-01-10,LinkedIn Recruiter,Application Review,Automated job-related knockout criteria not met,2.60,,,,,,,,No,No,
CAND-2026-1841,Synthetic Candidate 1841,Male,Reference Group,REQ-2026-ENG-G1,2026-01-17,Skills Academy,Application Review,Automated job-related knockout criteria not met,3.30,,,,,,,,No,No,
CAND-2026-1842,Synthetic Candidate 1842,Male,Reference Group,REQ-2026-ENG-G1,2026-01-11,Direct Career Portal,Application Review,Automated job-related knockout criteria not met,2.80,,,,,,,,No,No,
CAND-2026-1843,Synthetic Candidate 1843,Male,Reference Group,REQ-2026-ENG-G1,2026-01-18,Regional Hiring Drive,Application Review,Automated job-related knockout criteria not met,2.30,,,,,,,,No,No,
CAND-2026-1844,Synthetic Candidate 1844,Female,Focal Group,REQ-2026-ENG-G1,2026-01-12,Employee Referral,Application Review,Automated job-related knockout criteria not met,3.00,,,,,,,,No,No,
CAND-2026-1845,Synthetic Candidate 1845,Female,Focal Group,REQ-2026-ENG-G1,2026-01-19,LinkedIn Recruiter,Application Review,Automated job-related knockout criteria not met,2.50,,,,,,,,No,No,
CAND-2026-1846,Synthetic Candidate 1846,Male,Reference Group,REQ-2026-ENG-G1,2026-01-13,Skills Academy,Application Review,Automated job-related knockout criteria not met,3.20,,,,,,,,No,No,
CAND-2026-1847,Synthetic Candidate 1847,Male,Reference Group,REQ-2026-ENG-G1,2026-01-20,Direct Career Portal,Application Review,Automated job-related knockout criteria not met,2.70,,,,,,,,No,No,
CAND-2026-1848,Synthetic Candidate 1848,Male,Reference Group,REQ-2026-ENG-G1,2026-01-14,Regional Hiring Drive,Application Review,Automated job-related knockout criteria not met,2.20,,,,,,,,No,No,
CAND-2026-1849,Synthetic Candidate 1849,Female,Focal Group,REQ-2026-ENG-G1,2026-01-21,Employee Referral,Application Review,Automated job-related knockout criteria not met,2.90,,,,,,,,No,No,
CAND-2026-1850,Synthetic Candidate 1850,Female,Focal Group,REQ-2026-ENG-G1,2026-01-15,LinkedIn Recruiter,Application Review,Automated job-related knockout criteria not met,2.40,,,,,,,,No,No,
CAND-2026-1851,Synthetic Candidate 1851,Male,Reference Group,REQ-2026-ENG-G1,2026-01-22,Skills Academy,Application Review,Automated job-related knockout criteria not met,3.10,,,,,,,,No,No,
CAND-2026-1852,Synthetic Candidate 1852,Male,Reference Group,REQ-2026-ENG-G1,2026-01-16,Direct Career Portal,Application Review,Automated job-related knockout criteria not met,2.60,,,,,,,,No,No,
CAND-2026-1853,Synthetic Candidate 1853,Male,Reference Group,REQ-2026-ENG-G1,2026-01-10,Regional Hiring Drive,Application Review,Automated job-related knockout criteria not met,3.30,,,,,,,,No,No,
CAND-2026-1854,Synthetic Candidate 1854,Female,Focal Group,REQ-2026-ENG-G1,2026-01-17,Employee Referral,Application Review,Automated job-related knockout criteria not met,2.80,,,,,,,,No,No,
CAND-2026-1855,Synthetic Candidate 1855,Female,Focal Group,REQ-2026-ENG-G1,2026-01-11,LinkedIn Recruiter,Application Review,Automated job-related knockout criteria not met,2.30,,,,,,,,No,No,
CAND-2026-1856,Synthetic Candidate 1856,Male,Reference Group,REQ-2026-ENG-G1,2026-01-18,Skills Academy,Application Review,Automated job-related knockout criteria not met,3.00,,,,,,,,No,No,
CAND-2026-1857,Synthetic Candidate 1857,Male,Reference Group,REQ-2026-ENG-G1,2026-01-12,Direct Career Portal,Application Review,Automated job-related knockout criteria not met,2.50,,,,,,,,No,No,
CAND-2026-1858,Synthetic Candidate 1858,Male,Reference Group,REQ-2026-ENG-G1,2026-01-19,Regional Hiring Drive,Application Review,Automated job-related knockout criteria not met,3.20,,,,,,,,No,No,
CAND-2026-1859,Synthetic Candidate 1859,Female,Focal Group,REQ-2026-ENG-G1,2026-01-13,Employee Referral,Application Review,Automated job-related knockout criteria not met,2.70,,,,,,,,No,No,
CAND-2026-1860,Synthetic Candidate 1860,Female,Focal Group,REQ-2026-ENG-G1,2026-01-20,LinkedIn Recruiter,Application Review,Automated job-related knockout criteria not met,2.20,,,,,,,,No,No,
CAND-2026-1861,Synthetic Candidate 1861,Male,Reference Group,REQ-2026-ENG-G1,2026-01-14,Skills Academy,Application Review,Automated job-related knockout criteria not met,2.90,,,,,,,,No,No,
CAND-2026-1862,Synthetic Candidate 1862,Male,Reference Group,REQ-2026-ENG-G1,2026-01-21,Direct Career Portal,Application Review,Automated job-related knockout criteria not met,2.40,,,,,,,,No,No,
CAND-2026-1863,Synthetic Candidate 1863,Male,Reference Group,REQ-2026-ENG-G1,2026-01-15,Regional Hiring Drive,Application Review,Automated job-related knockout criteria not met,3.10,,,,,,,,No,No,
CAND-2026-1864,Synthetic Candidate 1864,Female,Focal Group,REQ-2026-ENG-G1,2026-01-22,Employee Referral,Application Review,Automated job-related knockout criteria not met,2.60,,,,,,,,No,No,
CAND-2026-1865,Synthetic Candidate 1865,Female,Focal Group,REQ-2026-ENG-G1,2026-01-16,LinkedIn Recruiter,Application Review,Automated job-related knockout criteria not met,3.30,,,,,,,,No,No,
CAND-2026-1866,Synthetic Candidate 1866,Male,Reference Group,REQ-2026-ENG-G1,2026-01-10,Skills Academy,Application Review,Automated job-related knockout criteria not met,2.80,,,,,,,,No,No,
CAND-2026-1867,Synthetic Candidate 1867,Male,Reference Group,REQ-2026-ENG-G1,2026-01-17,Direct Career Portal,Application Review,Automated job-related knockout criteria not met,2.30,,,,,,,,No,No,
CAND-2026-1868,Synthetic Candidate 1868,Male,Reference Group,REQ-2026-ENG-G1,2026-01-11,Regional Hiring Drive,Application Review,Automated job-related knockout criteria not met,3.00,,,,,,,,No,No,
CAND-2026-1869,Synthetic Candidate 1869,Female,Focal Group,REQ-2026-ENG-G1,2026-01-18,Employee Referral,Application Review,Automated job-related knockout criteria not met,2.50,,,,,,,,No,No,
CAND-2026-1870,Synthetic Candidate 1870,Female,Focal Group,REQ-2026-ENG-G1,2026-01-12,LinkedIn Recruiter,Application Review,Automated job-related knockout criteria not met,3.20,,,,,,,,No,No,
CAND-2026-1871,Synthetic Candidate 1871,Male,Reference Group,REQ-2026-ENG-G1,2026-01-19,Skills Academy,Application Review,Automated job-related knockout criteria not met,2.70,,,,,,,,No,No,
CAND-2026-1872,Synthetic Candidate 1872,Male,Reference Group,REQ-2026-ENG-G1,2026-01-13,Direct Career Portal,Application Review,Automated job-related knockout criteria not met,2.20,,,,,,,,No,No,
CAND-2026-1873,Synthetic Candidate 1873,Male,Reference Group,REQ-2026-ENG-G1,2026-01-20,Regional Hiring Drive,Application Review,Automated job-related knockout criteria not met,2.90,,,,,,,,No,No,
CAND-2026-1874,Synthetic Candidate 1874,Female,Focal Group,REQ-2026-ENG-G1,2026-01-14,Employee Referral,Application Review,Automated job-related knockout criteria not met,2.40,,,,,,,,No,No,
CAND-2026-1875,Synthetic Candidate 1875,Female,Focal Group,REQ-2026-ENG-G1,2026-01-21,LinkedIn Recruiter,Application Review,Automated job-related knockout criteria not met,3.10,,,,,,,,No,No,
CAND-2026-1876,Synthetic Candidate 1876,Male,Reference Group,REQ-2026-ENG-G1,2026-01-15,Skills Academy,Application Review,Automated job-related knockout criteria not met,2.60,,,,,,,,No,No,
CAND-2026-1877,Synthetic Candidate 1877,Male,Reference Group,REQ-2026-ENG-G1,2026-01-22,Direct Career Portal,Application Review,Automated job-related knockout criteria not met,3.30,,,,,,,,No,No,
CAND-2026-1878,Synthetic Candidate 1878,Male,Reference Group,REQ-2026-ENG-G1,2026-01-16,Regional Hiring Drive,Application Review,Automated job-related knockout criteria not met,2.80,,,,,,,,No,No,
CAND-2026-1879,Synthetic Candidate 1879,Female,Focal Group,REQ-2026-ENG-G1,2026-01-10,Employee Referral,Application Review,Automated job-related knockout criteria not met,2.30,,,,,,,,No,No,
CAND-2026-1880,Synthetic Candidate 1880,Female,Focal Group,REQ-2026-ENG-G1,2026-01-17,LinkedIn Recruiter,Application Review,Automated job-related knockout criteria not met,3.00,,,,,,,,No,No,
CAND-2026-1881,Synthetic Candidate 1881,Male,Reference Group,REQ-2026-ENG-G1,2026-01-11,Skills Academy,Application Review,Automated job-related knockout criteria not met,2.50,,,,,,,,No,No,
CAND-2026-1882,Synthetic Candidate 1882,Male,Reference Group,REQ-2026-ENG-G1,2026-01-18,Direct Career Portal,Application Review,Automated job-related knockout criteria not met,3.20,,,,,,,,No,No,
CAND-2026-1883,Synthetic Candidate 1883,Male,Reference Group,REQ-2026-ENG-G1,2026-01-12,Regional Hiring Drive,Application Review,Automated job-related knockout criteria not met,2.70,,,,,,,,No,No,
CAND-2026-1884,Synthetic Candidate 1884,Female,Focal Group,REQ-2026-ENG-G1,2026-01-19,Employee Referral,Application Review,Automated job-related knockout criteria not met,2.20,,,,,,,,No,No,
CAND-2026-1885,Synthetic Candidate 1885,Female,Focal Group,REQ-2026-ENG-G1,2026-01-13,LinkedIn Recruiter,Application Review,Automated job-related knockout criteria not met,2.90,,,,,,,,No,No,
CAND-2026-1886,Synthetic Candidate 1886,Male,Reference Group,REQ-2026-ENG-G1,2026-01-20,Skills Academy,Application Review,Automated job-related knockout criteria not met,2.40,,,,,,,,No,No,
CAND-2026-1887,Synthetic Candidate 1887,Male,Reference Group,REQ-2026-ENG-G1,2026-01-14,Direct Career Portal,Application Review,Automated job-related knockout criteria not met,3.10,,,,,,,,No,No,
CAND-2026-1888,Synthetic Candidate 1888,Male,Reference Group,REQ-2026-ENG-G1,2026-01-21,Regional Hiring Drive,Application Review,Automated job-related knockout criteria not met,2.60,,,,,,,,No,No,
CAND-2026-1889,Synthetic Candidate 1889,Female,Focal Group,REQ-2026-ENG-G1,2026-01-15,Employee Referral,Application Review,Automated job-related knockout criteria not met,3.30,,,,,,,,No,No,
CAND-2026-1890,Synthetic Candidate 1890,Female,Focal Group,REQ-2026-ENG-G1,2026-01-22,LinkedIn Recruiter,Application Review,Automated job-related knockout criteria not met,2.80,,,,,,,,No,No,
CAND-2026-1891,Synthetic Candidate 1891,Male,Reference Group,REQ-2026-ENG-G1,2026-01-16,Skills Academy,Application Review,Automated job-related knockout criteria not met,2.30,,,,,,,,No,No,
CAND-2026-1892,Synthetic Candidate 1892,Male,Reference Group,REQ-2026-ENG-G1,2026-01-10,Direct Career Portal,Application Review,Automated job-related knockout criteria not met,3.00,,,,,,,,No,No,
CAND-2026-1893,Synthetic Candidate 1893,Male,Reference Group,REQ-2026-ENG-G1,2026-01-17,Regional Hiring Drive,Application Review,Automated job-related knockout criteria not met,2.50,,,,,,,,No,No,
CAND-2026-1894,Synthetic Candidate 1894,Female,Focal Group,REQ-2026-ENG-G1,2026-01-11,Employee Referral,Application Review,Automated job-related knockout criteria not met,3.20,,,,,,,,No,No,
CAND-2026-1895,Synthetic Candidate 1895,Female,Focal Group,REQ-2026-ENG-G1,2026-01-18,LinkedIn Recruiter,Application Review,Automated job-related knockout criteria not met,2.70,,,,,,,,No,No,
CAND-2026-1896,Synthetic Candidate 1896,Male,Reference Group,REQ-2026-ENG-G1,2026-01-12,Skills Academy,Application Review,Automated job-related knockout criteria not met,2.20,,,,,,,,No,No,
CAND-2026-1897,Synthetic Candidate 1897,Male,Reference Group,REQ-2026-ENG-G1,2026-01-19,Direct Career Portal,Application Review,Automated job-related knockout criteria not met,2.90,,,,,,,,No,No,
CAND-2026-1898,Synthetic Candidate 1898,Male,Reference Group,REQ-2026-ENG-G1,2026-01-13,Regional Hiring Drive,Application Review,Automated job-related knockout criteria not met,2.40,,,,,,,,No,No,
CAND-2026-1899,Synthetic Candidate 1899,Female,Focal Group,REQ-2026-ENG-G1,2026-01-20,Employee Referral,Application Review,Automated job-related knockout criteria not met,3.10,,,,,,,,No,No,
CAND-2026-1900,Synthetic Candidate 1900,Female,Focal Group,REQ-2026-ENG-G1,2026-01-14,LinkedIn Recruiter,Application Review,Automated job-related knockout criteria not met,2.60,,,,,,,,No,No,
CAND-2026-1901,Synthetic Candidate 1901,Male,Reference Group,REQ-2026-ENG-G1,2026-01-21,Skills Academy,Application Review,Automated job-related knockout criteria not met,3.30,,,,,,,,No,No,
CAND-2026-1902,Synthetic Candidate 1902,Male,Reference Group,REQ-2026-ENG-G1,2026-01-15,Direct Career Portal,Application Review,Automated job-related knockout criteria not met,2.80,,,,,,,,No,No,
CAND-2026-1903,Synthetic Candidate 1903,Male,Reference Group,REQ-2026-ENG-G1,2026-01-22,Regional Hiring Drive,Application Review,Automated job-related knockout criteria not met,2.30,,,,,,,,No,No,
CAND-2026-1904,Synthetic Candidate 1904,Female,Focal Group,REQ-2026-ENG-G1,2026-01-16,Employee Referral,Application Review,Automated job-related knockout criteria not met,3.00,,,,,,,,No,No,
CAND-2026-1905,Synthetic Candidate 1905,Female,Focal Group,REQ-2026-ENG-G1,2026-01-10,LinkedIn Recruiter,Application Review,Automated job-related knockout criteria not met,2.50,,,,,,,,No,No,
CAND-2026-1906,Synthetic Candidate 1906,Male,Reference Group,REQ-2026-ENG-G1,2026-01-17,Skills Academy,Application Review,Automated job-related knockout criteria not met,3.20,,,,,,,,No,No,
CAND-2026-1907,Synthetic Candidate 1907,Male,Reference Group,REQ-2026-ENG-G1,2026-01-11,Direct Career Portal,Application Review,Automated job-related knockout criteria not met,2.70,,,,,,,,No,No,
CAND-2026-1908,Synthetic Candidate 1908,Male,Reference Group,REQ-2026-ENG-G1,2026-01-18,Regional Hiring Drive,Application Review,Automated job-related knockout criteria not met,2.20,,,,,,,,No,No,
CAND-2026-1909,Synthetic Candidate 1909,Female,Focal Group,REQ-2026-ENG-G1,2026-01-12,Employee Referral,Application Review,Automated job-related knockout criteria not met,2.90,,,,,,,,No,No,
CAND-2026-1910,Synthetic Candidate 1910,Female,Focal Group,REQ-2026-ENG-G1,2026-01-19,LinkedIn Recruiter,Application Review,Automated job-related knockout criteria not met,2.40,,,,,,,,No,No,
CAND-2026-1911,Synthetic Candidate 1911,Male,Reference Group,REQ-2026-ENG-G1,2026-01-13,Skills Academy,Application Review,Automated job-related knockout criteria not met,3.10,,,,,,,,No,No,
CAND-2026-1912,Synthetic Candidate 1912,Male,Reference Group,REQ-2026-ENG-G1,2026-01-20,Direct Career Portal,Application Review,Automated job-related knockout criteria not met,2.60,,,,,,,,No,No,
CAND-2026-1913,Synthetic Candidate 1913,Male,Reference Group,REQ-2026-ENG-G1,2026-01-14,Regional Hiring Drive,Application Review,Automated job-related knockout criteria not met,3.30,,,,,,,,No,No,
CAND-2026-1914,Synthetic Candidate 1914,Female,Focal Group,REQ-2026-ENG-G1,2026-01-21,Employee Referral,Application Review,Automated job-related knockout criteria not met,2.80,,,,,,,,No,No,
CAND-2026-1915,Synthetic Candidate 1915,Female,Focal Group,REQ-2026-ENG-G1,2026-01-15,LinkedIn Recruiter,Application Review,Automated job-related knockout criteria not met,2.30,,,,,,,,No,No,
CAND-2026-1916,Synthetic Candidate 1916,Male,Reference Group,REQ-2026-ENG-G1,2026-01-22,Skills Academy,Application Review,Automated job-related knockout criteria not met,3.00,,,,,,,,No,No,
CAND-2026-1917,Synthetic Candidate 1917,Male,Reference Group,REQ-2026-ENG-G1,2026-01-16,Direct Career Portal,Application Review,Automated job-related knockout criteria not met,2.50,,,,,,,,No,No,
CAND-2026-1918,Synthetic Candidate 1918,Male,Reference Group,REQ-2026-ENG-G1,2026-01-10,Regional Hiring Drive,Application Review,Automated job-related knockout criteria not met,3.20,,,,,,,,No,No,
CAND-2026-1919,Synthetic Candidate 1919,Female,Focal Group,REQ-2026-ENG-G1,2026-01-17,Employee Referral,Application Review,Automated job-related knockout criteria not met,2.70,,,,,,,,No,No,
CAND-2026-1920,Synthetic Candidate 1920,Female,Focal Group,REQ-2026-ENG-G1,2026-01-11,LinkedIn Recruiter,Application Review,Automated job-related knockout criteria not met,2.20,,,,,,,,No,No,
CAND-2026-1921,Synthetic Candidate 1921,Male,Reference Group,REQ-2026-ENG-G1,2026-01-18,Skills Academy,Application Review,Automated job-related knockout criteria not met,2.90,,,,,,,,No,No,
CAND-2026-1922,Synthetic Candidate 1922,Male,Reference Group,REQ-2026-ENG-G1,2026-01-12,Direct Career Portal,Application Review,Automated job-related knockout criteria not met,2.40,,,,,,,,No,No,
CAND-2026-1923,Synthetic Candidate 1923,Male,Reference Group,REQ-2026-ENG-G1,2026-01-19,Regional Hiring Drive,Application Review,Automated job-related knockout criteria not met,3.10,,,,,,,,No,No,
CAND-2026-1924,Synthetic Candidate 1924,Female,Focal Group,REQ-2026-ENG-G1,2026-01-13,Employee Referral,Application Review,Automated job-related knockout criteria not met,2.60,,,,,,,,No,No,
CAND-2026-1925,Synthetic Candidate 1925,Female,Focal Group,REQ-2026-ENG-G1,2026-01-20,LinkedIn Recruiter,Application Review,Automated job-related knockout criteria not met,3.30,,,,,,,,No,No,
CAND-2026-1926,Synthetic Candidate 1926,Male,Reference Group,REQ-2026-ENG-G1,2026-01-14,Skills Academy,Application Review,Automated job-related knockout criteria not met,2.80,,,,,,,,No,No,
CAND-2026-1927,Synthetic Candidate 1927,Male,Reference Group,REQ-2026-ENG-G1,2026-01-21,Direct Career Portal,Application Review,Automated job-related knockout criteria not met,2.30,,,,,,,,No,No,
CAND-2026-1928,Synthetic Candidate 1928,Male,Reference Group,REQ-2026-ENG-G1,2026-01-15,Regional Hiring Drive,Application Review,Automated job-related knockout criteria not met,3.00,,,,,,,,No,No,
CAND-2026-1929,Synthetic Candidate 1929,Female,Focal Group,REQ-2026-ENG-G1,2026-01-22,Employee Referral,Application Review,Automated job-related knockout criteria not met,2.50,,,,,,,,No,No,
CAND-2026-1930,Synthetic Candidate 1930,Female,Focal Group,REQ-2026-ENG-G1,2026-01-16,LinkedIn Recruiter,Application Review,Automated job-related knockout criteria not met,3.20,,,,,,,,No,No,
CAND-2026-1931,Synthetic Candidate 1931,Male,Reference Group,REQ-2026-ENG-G1,2026-01-10,Skills Academy,Application Review,Automated job-related knockout criteria not met,2.70,,,,,,,,No,No,
CAND-2026-1932,Synthetic Candidate 1932,Male,Reference Group,REQ-2026-ENG-G1,2026-01-17,Direct Career Portal,Application Review,Automated job-related knockout criteria not met,2.20,,,,,,,,No,No,
CAND-2026-1933,Synthetic Candidate 1933,Male,Reference Group,REQ-2026-ENG-G1,2026-01-11,Regional Hiring Drive,Application Review,Automated job-related knockout criteria not met,2.90,,,,,,,,No,No,
CAND-2026-1934,Synthetic Candidate 1934,Female,Focal Group,REQ-2026-ENG-G1,2026-01-18,Employee Referral,Application Review,Automated job-related knockout criteria not met,2.40,,,,,,,,No,No,
CAND-2026-1935,Synthetic Candidate 1935,Female,Focal Group,REQ-2026-ENG-G1,2026-01-12,LinkedIn Recruiter,Application Review,Automated job-related knockout criteria not met,3.10,,,,,,,,No,No,
CAND-2026-1936,Synthetic Candidate 1936,Male,Reference Group,REQ-2026-ENG-G1,2026-01-19,Skills Academy,Application Review,Automated job-related knockout criteria not met,2.60,,,,,,,,No,No,
CAND-2026-1937,Synthetic Candidate 1937,Male,Reference Group,REQ-2026-ENG-G1,2026-01-13,Direct Career Portal,Application Review,Automated job-related knockout criteria not met,3.30,,,,,,,,No,No,
CAND-2026-1938,Synthetic Candidate 1938,Male,Reference Group,REQ-2026-ENG-G1,2026-01-20,Regional Hiring Drive,Application Review,Automated job-related knockout criteria not met,2.80,,,,,,,,No,No,
CAND-2026-1939,Synthetic Candidate 1939,Female,Focal Group,REQ-2026-ENG-G1,2026-01-14,Employee Referral,Application Review,Automated job-related knockout criteria not met,2.30,,,,,,,,No,No,
CAND-2026-1940,Synthetic Candidate 1940,Female,Focal Group,REQ-2026-ENG-G1,2026-01-21,LinkedIn Recruiter,Application Review,Automated job-related knockout criteria not met,3.00,,,,,,,,No,No,
CAND-2026-1941,Synthetic Candidate 1941,Male,Reference Group,REQ-2026-ENG-G1,2026-01-15,Skills Academy,Application Review,Automated job-related knockout criteria not met,2.50,,,,,,,,No,No,
CAND-2026-1942,Synthetic Candidate 1942,Male,Reference Group,REQ-2026-ENG-G1,2026-01-22,Direct Career Portal,Application Review,Automated job-related knockout criteria not met,3.20,,,,,,,,No,No,
CAND-2026-1943,Synthetic Candidate 1943,Male,Reference Group,REQ-2026-ENG-G1,2026-01-16,Regional Hiring Drive,Application Review,Automated job-related knockout criteria not met,2.70,,,,,,,,No,No,
CAND-2026-1944,Synthetic Candidate 1944,Female,Focal Group,REQ-2026-ENG-G1,2026-01-10,Employee Referral,Application Review,Automated job-related knockout criteria not met,2.20,,,,,,,,No,No,
CAND-2026-1945,Synthetic Candidate 1945,Female,Focal Group,REQ-2026-ENG-G1,2026-01-17,LinkedIn Recruiter,Application Review,Automated job-related knockout criteria not met,2.90,,,,,,,,No,No,
CAND-2026-1946,Synthetic Candidate 1946,Male,Reference Group,REQ-2026-ENG-G1,2026-01-11,Skills Academy,Application Review,Automated job-related knockout criteria not met,2.40,,,,,,,,No,No,
CAND-2026-1947,Synthetic Candidate 1947,Male,Reference Group,REQ-2026-ENG-G1,2026-01-18,Direct Career Portal,Application Review,Automated job-related knockout criteria not met,3.10,,,,,,,,No,No,
CAND-2026-1948,Synthetic Candidate 1948,Male,Reference Group,REQ-2026-ENG-G1,2026-01-12,Regional Hiring Drive,Application Review,Automated job-related knockout criteria not met,2.60,,,,,,,,No,No,
CAND-2026-1949,Synthetic Candidate 1949,Female,Focal Group,REQ-2026-ENG-G1,2026-01-19,Employee Referral,Application Review,Automated job-related knockout criteria not met,3.30,,,,,,,,No,No,
CAND-2026-1950,Synthetic Candidate 1950,Female,Focal Group,REQ-2026-ENG-G1,2026-01-13,LinkedIn Recruiter,Application Review,Automated job-related knockout criteria not met,2.80,,,,,,,,No,No,
CAND-2026-1951,Synthetic Candidate 1951,Male,Reference Group,REQ-2026-ENG-G1,2026-01-20,Skills Academy,Application Review,Automated job-related knockout criteria not met,2.30,,,,,,,,No,No,
CAND-2026-1952,Synthetic Candidate 1952,Male,Reference Group,REQ-2026-ENG-G1,2026-01-14,Direct Career Portal,Application Review,Automated job-related knockout criteria not met,3.00,,,,,,,,No,No,
CAND-2026-1953,Synthetic Candidate 1953,Male,Reference Group,REQ-2026-ENG-G1,2026-01-21,Regional Hiring Drive,Application Review,Automated job-related knockout criteria not met,2.50,,,,,,,,No,No,
CAND-2026-1954,Synthetic Candidate 1954,Female,Focal Group,REQ-2026-ENG-G1,2026-01-15,Employee Referral,Application Review,Automated job-related knockout criteria not met,3.20,,,,,,,,No,No,
CAND-2026-1955,Synthetic Candidate 1955,Female,Focal Group,REQ-2026-ENG-G1,2026-01-22,LinkedIn Recruiter,Application Review,Automated job-related knockout criteria not met,2.70,,,,,,,,No,No,
CAND-2026-1956,Synthetic Candidate 1956,Male,Reference Group,REQ-2026-ENG-G1,2026-01-16,Skills Academy,Application Review,Automated job-related knockout criteria not met,2.20,,,,,,,,No,No,
CAND-2026-1957,Synthetic Candidate 1957,Male,Reference Group,REQ-2026-ENG-G1,2026-01-10,Direct Career Portal,Application Review,Automated job-related knockout criteria not met,2.90,,,,,,,,No,No,
CAND-2026-1958,Synthetic Candidate 1958,Male,Reference Group,REQ-2026-ENG-G1,2026-01-17,Regional Hiring Drive,Application Review,Automated job-related knockout criteria not met,2.40,,,,,,,,No,No,
CAND-2026-1959,Synthetic Candidate 1959,Female,Focal Group,REQ-2026-ENG-G1,2026-01-11,Employee Referral,Application Review,Automated job-related knockout criteria not met,3.10,,,,,,,,No,No,
CAND-2026-1960,Synthetic Candidate 1960,Female,Focal Group,REQ-2026-ENG-G1,2026-01-18,LinkedIn Recruiter,Application Review,Automated job-related knockout criteria not met,2.60,,,,,,,,No,No,
CAND-2026-1961,Synthetic Candidate 1961,Male,Reference Group,REQ-2026-ENG-G1,2026-01-12,Skills Academy,Application Review,Automated job-related knockout criteria not met,3.30,,,,,,,,No,No,
CAND-2026-1962,Synthetic Candidate 1962,Male,Reference Group,REQ-2026-ENG-G1,2026-01-19,Direct Career Portal,Application Review,Automated job-related knockout criteria not met,2.80,,,,,,,,No,No,
CAND-2026-1963,Synthetic Candidate 1963,Male,Reference Group,REQ-2026-ENG-G1,2026-01-13,Regional Hiring Drive,Application Review,Automated job-related knockout criteria not met,2.30,,,,,,,,No,No,
CAND-2026-1964,Synthetic Candidate 1964,Female,Focal Group,REQ-2026-ENG-G1,2026-01-20,Employee Referral,Application Review,Automated job-related knockout criteria not met,3.00,,,,,,,,No,No,
CAND-2026-1965,Synthetic Candidate 1965,Female,Focal Group,REQ-2026-ENG-G1,2026-01-14,LinkedIn Recruiter,Application Review,Automated job-related knockout criteria not met,2.50,,,,,,,,No,No,
CAND-2026-1966,Synthetic Candidate 1966,Male,Reference Group,REQ-2026-ENG-G1,2026-01-21,Skills Academy,Application Review,Automated job-related knockout criteria not met,3.20,,,,,,,,No,No,
CAND-2026-1967,Synthetic Candidate 1967,Male,Reference Group,REQ-2026-ENG-G1,2026-01-15,Direct Career Portal,Application Review,Automated job-related knockout criteria not met,2.70,,,,,,,,No,No,
CAND-2026-1968,Synthetic Candidate 1968,Male,Reference Group,REQ-2026-ENG-G1,2026-01-22,Regional Hiring Drive,Application Review,Automated job-related knockout criteria not met,2.20,,,,,,,,No,No,
CAND-2026-1969,Synthetic Candidate 1969,Female,Focal Group,REQ-2026-ENG-G1,2026-01-16,Employee Referral,Application Review,Automated job-related knockout criteria not met,2.90,,,,,,,,No,No,
CAND-2026-1970,Synthetic Candidate 1970,Female,Focal Group,REQ-2026-ENG-G1,2026-01-10,LinkedIn Recruiter,Application Review,Automated job-related knockout criteria not met,2.40,,,,,,,,No,No,
CAND-2026-1971,Synthetic Candidate 1971,Male,Reference Group,REQ-2026-ENG-G1,2026-01-17,Skills Academy,Application Review,Automated job-related knockout criteria not met,3.10,,,,,,,,No,No,
CAND-2026-1972,Synthetic Candidate 1972,Male,Reference Group,REQ-2026-ENG-G1,2026-01-11,Direct Career Portal,Application Review,Automated job-related knockout criteria not met,2.60,,,,,,,,No,No,
CAND-2026-1973,Synthetic Candidate 1973,Male,Reference Group,REQ-2026-ENG-G1,2026-01-18,Regional Hiring Drive,Application Review,Automated job-related knockout criteria not met,3.30,,,,,,,,No,No,
CAND-2026-1974,Synthetic Candidate 1974,Female,Focal Group,REQ-2026-ENG-G1,2026-01-12,Employee Referral,Application Review,Automated job-related knockout criteria not met,2.80,,,,,,,,No,No,
CAND-2026-1975,Synthetic Candidate 1975,Female,Focal Group,REQ-2026-ENG-G1,2026-01-19,LinkedIn Recruiter,Application Review,Automated job-related knockout criteria not met,2.30,,,,,,,,No,No,
CAND-2026-1976,Synthetic Candidate 1976,Male,Reference Group,REQ-2026-ENG-G1,2026-01-13,Skills Academy,Application Review,Automated job-related knockout criteria not met,3.00,,,,,,,,No,No,
CAND-2026-1977,Synthetic Candidate 1977,Male,Reference Group,REQ-2026-ENG-G1,2026-01-20,Direct Career Portal,Application Review,Automated job-related knockout criteria not met,2.50,,,,,,,,No,No,
CAND-2026-1978,Synthetic Candidate 1978,Male,Reference Group,REQ-2026-ENG-G1,2026-01-14,Regional Hiring Drive,Application Review,Automated job-related knockout criteria not met,3.20,,,,,,,,No,No,
CAND-2026-1979,Synthetic Candidate 1979,Female,Focal Group,REQ-2026-ENG-G1,2026-01-21,Employee Referral,Application Review,Automated job-related knockout criteria not met,2.70,,,,,,,,No,No,
CAND-2026-1980,Synthetic Candidate 1980,Female,Focal Group,REQ-2026-ENG-G1,2026-01-15,LinkedIn Recruiter,Application Review,Automated job-related knockout criteria not met,2.20,,,,,,,,No,No,
CAND-2026-1981,Synthetic Candidate 1981,Male,Reference Group,REQ-2026-ENG-G1,2026-01-22,Skills Academy,Application Review,Automated job-related knockout criteria not met,2.90,,,,,,,,No,No,
CAND-2026-1982,Synthetic Candidate 1982,Male,Reference Group,REQ-2026-ENG-G1,2026-01-16,Direct Career Portal,Application Review,Automated job-related knockout criteria not met,2.40,,,,,,,,No,No,
CAND-2026-1983,Synthetic Candidate 1983,Male,Reference Group,REQ-2026-ENG-G1,2026-01-10,Regional Hiring Drive,Application Review,Automated job-related knockout criteria not met,3.10,,,,,,,,No,No,
CAND-2026-1984,Synthetic Candidate 1984,Female,Focal Group,REQ-2026-ENG-G1,2026-01-17,Employee Referral,Application Review,Automated job-related knockout criteria not met,2.60,,,,,,,,No,No,
CAND-2026-1985,Synthetic Candidate 1985,Female,Focal Group,REQ-2026-ENG-G1,2026-01-11,LinkedIn Recruiter,Application Review,Automated job-related knockout criteria not met,3.30,,,,,,,,No,No,
CAND-2026-1986,Synthetic Candidate 1986,Male,Reference Group,REQ-2026-ENG-G1,2026-01-18,Skills Academy,Application Review,Automated job-related knockout criteria not met,2.80,,,,,,,,No,No,
CAND-2026-1987,Synthetic Candidate 1987,Male,Reference Group,REQ-2026-ENG-G1,2026-01-12,Direct Career Portal,Application Review,Automated job-related knockout criteria not met,2.30,,,,,,,,No,No,
CAND-2026-1988,Synthetic Candidate 1988,Male,Reference Group,REQ-2026-ENG-G1,2026-01-19,Regional Hiring Drive,Application Review,Automated job-related knockout criteria not met,3.00,,,,,,,,No,No,
CAND-2026-1989,Synthetic Candidate 1989,Female,Focal Group,REQ-2026-ENG-G1,2026-01-13,Employee Referral,Application Review,Automated job-related knockout criteria not met,2.50,,,,,,,,No,No,
CAND-2026-1990,Synthetic Candidate 1990,Female,Focal Group,REQ-2026-ENG-G1,2026-01-20,LinkedIn Recruiter,Application Review,Automated job-related knockout criteria not met,3.20,,,,,,,,No,No,
CAND-2026-1991,Synthetic Candidate 1991,Male,Reference Group,REQ-2026-ENG-G1,2026-01-14,Skills Academy,Application Review,Automated job-related knockout criteria not met,2.70,,,,,,,,No,No,
CAND-2026-1992,Synthetic Candidate 1992,Male,Reference Group,REQ-2026-ENG-G1,2026-01-21,Direct Career Portal,Application Review,Automated job-related knockout criteria not met,2.20,,,,,,,,No,No,
CAND-2026-1993,Synthetic Candidate 1993,Male,Reference Group,REQ-2026-ENG-G1,2026-01-15,Regional Hiring Drive,Application Review,Automated job-related knockout criteria not met,2.90,,,,,,,,No,No,
CAND-2026-1994,Synthetic Candidate 1994,Female,Focal Group,REQ-2026-ENG-G1,2026-01-22,Employee Referral,Application Review,Automated job-related knockout criteria not met,2.40,,,,,,,,No,No,
CAND-2026-1995,Synthetic Candidate 1995,Female,Focal Group,REQ-2026-ENG-G1,2026-01-16,LinkedIn Recruiter,Application Review,Automated job-related knockout criteria not met,3.10,,,,,,,,No,No,
CAND-2026-1996,Synthetic Candidate 1996,Male,Reference Group,REQ-2026-ENG-G1,2026-01-10,Skills Academy,Application Review,Automated job-related knockout criteria not met,2.60,,,,,,,,No,No,
CAND-2026-1997,Synthetic Candidate 1997,Male,Reference Group,REQ-2026-ENG-G1,2026-01-17,Direct Career Portal,Application Review,Automated job-related knockout criteria not met,3.30,,,,,,,,No,No,
CAND-2026-1998,Synthetic Candidate 1998,Male,Reference Group,REQ-2026-ENG-G1,2026-01-11,Regional Hiring Drive,Application Review,Automated job-related knockout criteria not met,2.80,,,,,,,,No,No,
CAND-2026-1999,Synthetic Candidate 1999,Female,Focal Group,REQ-2026-ENG-G1,2026-01-18,Employee Referral,Application Review,Automated job-related knockout criteria not met,2.30,,,,,,,,No,No,
CAND-2026-2000,Synthetic Candidate 2000,Female,Focal Group,REQ-2026-ENG-G1,2026-01-12,LinkedIn Recruiter,Application Review,Automated job-related knockout criteria not met,3.00,,,,,,,,No,No,
CAND-2026-2001,Synthetic Candidate 2001,Male,Reference Group,REQ-2026-ENG-G1,2026-01-19,Skills Academy,Application Review,Automated job-related knockout criteria not met,2.50,,,,,,,,No,No,
CAND-2026-2002,Synthetic Candidate 2002,Male,Reference Group,REQ-2026-ENG-G1,2026-01-13,Direct Career Portal,Application Review,Automated job-related knockout criteria not met,3.20,,,,,,,,No,No,
CAND-2026-2003,Synthetic Candidate 2003,Male,Reference Group,REQ-2026-ENG-G1,2026-01-20,Regional Hiring Drive,Application Review,Automated job-related knockout criteria not met,2.70,,,,,,,,No,No,
CAND-2026-2004,Synthetic Candidate 2004,Female,Focal Group,REQ-2026-ENG-G1,2026-01-14,Employee Referral,Application Review,Automated job-related knockout criteria not met,2.20,,,,,,,,No,No,
CAND-2026-2005,Synthetic Candidate 2005,Female,Focal Group,REQ-2026-ENG-G1,2026-01-21,LinkedIn Recruiter,Application Review,Automated job-related knockout criteria not met,2.90,,,,,,,,No,No,
CAND-2026-2006,Synthetic Candidate 2006,Male,Reference Group,REQ-2026-ENG-G1,2026-01-15,Skills Academy,Application Review,Automated job-related knockout criteria not met,2.40,,,,,,,,No,No,
CAND-2026-2007,Synthetic Candidate 2007,Male,Reference Group,REQ-2026-ENG-G1,2026-01-22,Direct Career Portal,Application Review,Automated job-related knockout criteria not met,3.10,,,,,,,,No,No,
CAND-2026-2008,Synthetic Candidate 2008,Male,Reference Group,REQ-2026-ENG-G1,2026-01-16,Regional Hiring Drive,Application Review,Automated job-related knockout criteria not met,2.60,,,,,,,,No,No,
CAND-2026-2009,Synthetic Candidate 2009,Female,Focal Group,REQ-2026-ENG-G1,2026-01-10,Employee Referral,Application Review,Automated job-related knockout criteria not met,3.30,,,,,,,,No,No,
CAND-2026-2010,Synthetic Candidate 2010,Female,Focal Group,REQ-2026-ENG-G1,2026-01-17,LinkedIn Recruiter,Application Review,Automated job-related knockout criteria not met,2.80,,,,,,,,No,No,
CAND-2026-2011,Synthetic Candidate 2011,Male,Reference Group,REQ-2026-ENG-G1,2026-01-11,Skills Academy,Application Review,Automated job-related knockout criteria not met,2.30,,,,,,,,No,No,
CAND-2026-2012,Synthetic Candidate 2012,Male,Reference Group,REQ-2026-ENG-G1,2026-01-18,Direct Career Portal,Application Review,Automated job-related knockout criteria not met,3.00,,,,,,,,No,No,
CAND-2026-2013,Synthetic Candidate 2013,Male,Reference Group,REQ-2026-ENG-G1,2026-01-12,Regional Hiring Drive,Application Review,Automated job-related knockout criteria not met,2.50,,,,,,,,No,No,
CAND-2026-2014,Synthetic Candidate 2014,Female,Focal Group,REQ-2026-ENG-G1,2026-01-19,Employee Referral,Application Review,Automated job-related knockout criteria not met,3.20,,,,,,,,No,No,
CAND-2026-2015,Synthetic Candidate 2015,Female,Focal Group,REQ-2026-ENG-G1,2026-01-13,LinkedIn Recruiter,Application Review,Automated job-related knockout criteria not met,2.70,,,,,,,,No,No,
CAND-2026-2016,Synthetic Candidate 2016,Male,Reference Group,REQ-2026-ENG-G1,2026-01-20,Skills Academy,Application Review,Automated job-related knockout criteria not met,2.20,,,,,,,,No,No,
CAND-2026-2017,Synthetic Candidate 2017,Male,Reference Group,REQ-2026-ENG-G1,2026-01-14,Direct Career Portal,Application Review,Automated job-related knockout criteria not met,2.90,,,,,,,,No,No,
CAND-2026-2018,Synthetic Candidate 2018,Male,Reference Group,REQ-2026-ENG-G1,2026-01-21,Regional Hiring Drive,Application Review,Automated job-related knockout criteria not met,2.40,,,,,,,,No,No,
CAND-2026-2019,Synthetic Candidate 2019,Female,Focal Group,REQ-2026-ENG-G1,2026-01-15,Employee Referral,Application Review,Automated job-related knockout criteria not met,3.10,,,,,,,,No,No,
CAND-2026-2020,Synthetic Candidate 2020,Female,Focal Group,REQ-2026-ENG-G1,2026-01-22,LinkedIn Recruiter,Application Review,Automated job-related knockout criteria not met,2.60,,,,,,,,No,No,
CAND-2026-2021,Synthetic Candidate 2021,Male,Reference Group,REQ-2026-ENG-G1,2026-01-16,Skills Academy,Application Review,Automated job-related knockout criteria not met,3.30,,,,,,,,No,No,
CAND-2026-2022,Synthetic Candidate 2022,Male,Reference Group,REQ-2026-ENG-G1,2026-01-10,Direct Career Portal,Application Review,Automated job-related knockout criteria not met,2.80,,,,,,,,No,No,
CAND-2026-2023,Synthetic Candidate 2023,Male,Reference Group,REQ-2026-ENG-G1,2026-01-17,Regional Hiring Drive,Application Review,Automated job-related knockout criteria not met,2.30,,,,,,,,No,No,
CAND-2026-2024,Synthetic Candidate 2024,Female,Focal Group,REQ-2026-ENG-G1,2026-01-11,Employee Referral,Application Review,Automated job-related knockout criteria not met,3.00,,,,,,,,No,No,
CAND-2026-2025,Synthetic Candidate 2025,Female,Focal Group,REQ-2026-ENG-G1,2026-01-18,LinkedIn Recruiter,Application Review,Automated job-related knockout criteria not met,2.50,,,,,,,,No,No,
CAND-2026-2026,Synthetic Candidate 2026,Male,Reference Group,REQ-2026-ENG-G1,2026-01-12,Skills Academy,Application Review,Automated job-related knockout criteria not met,3.20,,,,,,,,No,No,
CAND-2026-2027,Synthetic Candidate 2027,Male,Reference Group,REQ-2026-ENG-G1,2026-01-19,Direct Career Portal,Application Review,Automated job-related knockout criteria not met,2.70,,,,,,,,No,No,
CAND-2026-2028,Synthetic Candidate 2028,Male,Reference Group,REQ-2026-ENG-G1,2026-01-13,Regional Hiring Drive,Application Review,Automated job-related knockout criteria not met,2.20,,,,,,,,No,No,
CAND-2026-2029,Synthetic Candidate 2029,Female,Focal Group,REQ-2026-ENG-G1,2026-01-20,Employee Referral,Application Review,Automated job-related knockout criteria not met,2.90,,,,,,,,No,No,
CAND-2026-2030,Synthetic Candidate 2030,Female,Focal Group,REQ-2026-ENG-G1,2026-01-14,LinkedIn Recruiter,Application Review,Automated job-related knockout criteria not met,2.40,,,,,,,,No,No,
CAND-2026-2031,Synthetic Candidate 2031,Male,Reference Group,REQ-2026-ENG-G1,2026-01-21,Skills Academy,Application Review,Automated job-related knockout criteria not met,3.10,,,,,,,,No,No,
CAND-2026-2032,Synthetic Candidate 2032,Male,Reference Group,REQ-2026-ENG-G1,2026-01-15,Direct Career Portal,Application Review,Automated job-related knockout criteria not met,2.60,,,,,,,,No,No,
CAND-2026-2033,Synthetic Candidate 2033,Male,Reference Group,REQ-2026-ENG-G1,2026-01-22,Regional Hiring Drive,Application Review,Automated job-related knockout criteria not met,3.30,,,,,,,,No,No,
CAND-2026-2034,Synthetic Candidate 2034,Female,Focal Group,REQ-2026-ENG-G1,2026-01-16,Employee Referral,Application Review,Automated job-related knockout criteria not met,2.80,,,,,,,,No,No,
CAND-2026-2035,Synthetic Candidate 2035,Female,Focal Group,REQ-2026-ENG-G1,2026-01-10,LinkedIn Recruiter,Application Review,Automated job-related knockout criteria not met,2.30,,,,,,,,No,No,
CAND-2026-2036,Synthetic Candidate 2036,Male,Reference Group,REQ-2026-ENG-G1,2026-01-17,Skills Academy,Application Review,Automated job-related knockout criteria not met,3.00,,,,,,,,No,No,
CAND-2026-2037,Synthetic Candidate 2037,Male,Reference Group,REQ-2026-ENG-G1,2026-01-11,Direct Career Portal,Application Review,Automated job-related knockout criteria not met,2.50,,,,,,,,No,No,
CAND-2026-2038,Synthetic Candidate 2038,Male,Reference Group,REQ-2026-ENG-G1,2026-01-18,Regional Hiring Drive,Application Review,Automated job-related knockout criteria not met,3.20,,,,,,,,No,No,
CAND-2026-2039,Synthetic Candidate 2039,Female,Focal Group,REQ-2026-ENG-G1,2026-01-12,Employee Referral,Application Review,Automated job-related knockout criteria not met,2.70,,,,,,,,No,No,
CAND-2026-2040,Synthetic Candidate 2040,Female,Focal Group,REQ-2026-ENG-G1,2026-01-19,LinkedIn Recruiter,Application Review,Automated job-related knockout criteria not met,2.20,,,,,,,,No,No,
CAND-2026-2041,Synthetic Candidate 2041,Male,Reference Group,REQ-2026-ENG-G1,2026-01-13,Skills Academy,Application Review,Automated job-related knockout criteria not met,2.90,,,,,,,,No,No,
CAND-2026-2042,Synthetic Candidate 2042,Male,Reference Group,REQ-2026-ENG-G1,2026-01-20,Direct Career Portal,Application Review,Automated job-related knockout criteria not met,2.40,,,,,,,,No,No,
CAND-2026-2043,Synthetic Candidate 2043,Male,Reference Group,REQ-2026-ENG-G1,2026-01-14,Regional Hiring Drive,Application Review,Automated job-related knockout criteria not met,3.10,,,,,,,,No,No,
CAND-2026-2044,Synthetic Candidate 2044,Female,Focal Group,REQ-2026-ENG-G1,2026-01-21,Employee Referral,Application Review,Automated job-related knockout criteria not met,2.60,,,,,,,,No,No,
CAND-2026-2045,Synthetic Candidate 2045,Female,Focal Group,REQ-2026-ENG-G1,2026-01-15,LinkedIn Recruiter,Application Review,Automated job-related knockout criteria not met,3.30,,,,,,,,No,No,
CAND-2026-2046,Synthetic Candidate 2046,Male,Reference Group,REQ-2026-ENG-G1,2026-01-22,Skills Academy,Application Review,Automated job-related knockout criteria not met,2.80,,,,,,,,No,No,
CAND-2026-2047,Synthetic Candidate 2047,Male,Reference Group,REQ-2026-ENG-G1,2026-01-16,Direct Career Portal,Application Review,Automated job-related knockout criteria not met,2.30,,,,,,,,No,No,
CAND-2026-2048,Synthetic Candidate 2048,Male,Reference Group,REQ-2026-ENG-G1,2026-01-10,Regional Hiring Drive,Application Review,Automated job-related knockout criteria not met,3.00,,,,,,,,No,No,
CAND-2026-2049,Synthetic Candidate 2049,Female,Focal Group,REQ-2026-ENG-G1,2026-01-17,Employee Referral,Application Review,Automated job-related knockout criteria not met,2.50,,,,,,,,No,No,
CAND-2026-2050,Synthetic Candidate 2050,Female,Focal Group,REQ-2026-ENG-G1,2026-01-11,LinkedIn Recruiter,Application Review,Automated job-related knockout criteria not met,3.20,,,,,,,,No,No,
CAND-2026-2051,Synthetic Candidate 2051,Male,Reference Group,REQ-2026-ENG-G1,2026-01-18,Skills Academy,Application Review,Automated job-related knockout criteria not met,2.70,,,,,,,,No,No,
CAND-2026-2052,Synthetic Candidate 2052,Male,Reference Group,REQ-2026-ENG-G1,2026-01-12,Direct Career Portal,Application Review,Automated job-related knockout criteria not met,2.20,,,,,,,,No,No,
CAND-2026-2053,Synthetic Candidate 2053,Male,Reference Group,REQ-2026-ENG-G1,2026-01-19,Regional Hiring Drive,Application Review,Automated job-related knockout criteria not met,2.90,,,,,,,,No,No,
CAND-2026-2054,Synthetic Candidate 2054,Female,Focal Group,REQ-2026-ENG-G1,2026-01-13,Employee Referral,Application Review,Automated job-related knockout criteria not met,2.40,,,,,,,,No,No,
CAND-2026-2055,Synthetic Candidate 2055,Female,Focal Group,REQ-2026-ENG-G1,2026-01-20,LinkedIn Recruiter,Application Review,Automated job-related knockout criteria not met,3.10,,,,,,,,No,No,
CAND-2026-2056,Synthetic Candidate 2056,Male,Reference Group,REQ-2026-ENG-G1,2026-01-14,Skills Academy,Application Review,Automated job-related knockout criteria not met,2.60,,,,,,,,No,No,
CAND-2026-2057,Synthetic Candidate 2057,Male,Reference Group,REQ-2026-ENG-G1,2026-01-21,Direct Career Portal,Application Review,Automated job-related knockout criteria not met,3.30,,,,,,,,No,No,
CAND-2026-2058,Synthetic Candidate 2058,Male,Reference Group,REQ-2026-ENG-G1,2026-01-15,Regional Hiring Drive,Application Review,Automated job-related knockout criteria not met,2.80,,,,,,,,No,No,
CAND-2026-2059,Synthetic Candidate 2059,Female,Focal Group,REQ-2026-ENG-G1,2026-01-22,Employee Referral,Application Review,Automated job-related knockout criteria not met,2.30,,,,,,,,No,No,
CAND-2026-2060,Synthetic Candidate 2060,Female,Focal Group,REQ-2026-ENG-G1,2026-01-16,LinkedIn Recruiter,Application Review,Automated job-related knockout criteria not met,3.00,,,,,,,,No,No,
CAND-2026-2061,Synthetic Candidate 2061,Male,Reference Group,REQ-2026-ENG-G1,2026-01-10,Skills Academy,Application Review,Automated job-related knockout criteria not met,2.50,,,,,,,,No,No,
CAND-2026-2062,Synthetic Candidate 2062,Male,Reference Group,REQ-2026-ENG-G1,2026-01-17,Direct Career Portal,Application Review,Automated job-related knockout criteria not met,3.20,,,,,,,,No,No,
CAND-2026-2063,Synthetic Candidate 2063,Male,Reference Group,REQ-2026-ENG-G1,2026-01-11,Regional Hiring Drive,Application Review,Automated job-related knockout criteria not met,2.70,,,,,,,,No,No,
CAND-2026-2064,Synthetic Candidate 2064,Female,Focal Group,REQ-2026-ENG-G1,2026-01-18,Employee Referral,Application Review,Automated job-related knockout criteria not met,2.20,,,,,,,,No,No,
CAND-2026-2065,Synthetic Candidate 2065,Female,Focal Group,REQ-2026-ENG-G1,2026-01-12,LinkedIn Recruiter,Application Review,Automated job-related knockout criteria not met,2.90,,,,,,,,No,No,
CAND-2026-2066,Synthetic Candidate 2066,Male,Reference Group,REQ-2026-ENG-G1,2026-01-19,Skills Academy,Application Review,Automated job-related knockout criteria not met,2.40,,,,,,,,No,No,
CAND-2026-2067,Synthetic Candidate 2067,Male,Reference Group,REQ-2026-ENG-G1,2026-01-13,Direct Career Portal,Application Review,Automated job-related knockout criteria not met,3.10,,,,,,,,No,No,
CAND-2026-2068,Synthetic Candidate 2068,Male,Reference Group,REQ-2026-ENG-G1,2026-01-20,Regional Hiring Drive,Application Review,Automated job-related knockout criteria not met,2.60,,,,,,,,No,No,
CAND-2026-2069,Synthetic Candidate 2069,Female,Focal Group,REQ-2026-ENG-G1,2026-01-14,Employee Referral,Application Review,Automated job-related knockout criteria not met,3.30,,,,,,,,No,No,
CAND-2026-2070,Synthetic Candidate 2070,Female,Focal Group,REQ-2026-ENG-G1,2026-01-21,LinkedIn Recruiter,Application Review,Automated job-related knockout criteria not met,2.80,,,,,,,,No,No,
CAND-2026-2071,Synthetic Candidate 2071,Male,Reference Group,REQ-2026-ENG-G1,2026-01-15,Skills Academy,Application Review,Automated job-related knockout criteria not met,2.30,,,,,,,,No,No,
CAND-2026-2072,Synthetic Candidate 2072,Male,Reference Group,REQ-2026-ENG-G1,2026-01-22,Direct Career Portal,Application Review,Automated job-related knockout criteria not met,3.00,,,,,,,,No,No,
CAND-2026-2073,Synthetic Candidate 2073,Male,Reference Group,REQ-2026-ENG-G1,2026-01-16,Regional Hiring Drive,Application Review,Automated job-related knockout criteria not met,2.50,,,,,,,,No,No,
CAND-2026-2074,Synthetic Candidate 2074,Female,Focal Group,REQ-2026-ENG-G1,2026-01-10,Employee Referral,Application Review,Automated job-related knockout criteria not met,3.20,,,,,,,,No,No,
CAND-2026-2075,Synthetic Candidate 2075,Female,Focal Group,REQ-2026-ENG-G1,2026-01-17,LinkedIn Recruiter,Application Review,Automated job-related knockout criteria not met,2.70,,,,,,,,No,No,
CAND-2026-2076,Synthetic Candidate 2076,Male,Reference Group,REQ-2026-ENG-G1,2026-01-11,Skills Academy,Application Review,Automated job-related knockout criteria not met,2.20,,,,,,,,No,No,
CAND-2026-2077,Synthetic Candidate 2077,Male,Reference Group,REQ-2026-ENG-G1,2026-01-18,Direct Career Portal,Application Review,Automated job-related knockout criteria not met,2.90,,,,,,,,No,No,
CAND-2026-2078,Synthetic Candidate 2078,Male,Reference Group,REQ-2026-ENG-G1,2026-01-12,Regional Hiring Drive,Application Review,Automated job-related knockout criteria not met,2.40,,,,,,,,No,No,
CAND-2026-2079,Synthetic Candidate 2079,Female,Focal Group,REQ-2026-ENG-G1,2026-01-19,Employee Referral,Application Review,Automated job-related knockout criteria not met,3.10,,,,,,,,No,No,
CAND-2026-2080,Synthetic Candidate 2080,Female,Focal Group,REQ-2026-ENG-G1,2026-01-13,LinkedIn Recruiter,Application Review,Automated job-related knockout criteria not met,2.60,,,,,,,,No,No,
CAND-2026-2081,Synthetic Candidate 2081,Male,Reference Group,REQ-2026-ENG-G1,2026-01-20,Skills Academy,Application Review,Automated job-related knockout criteria not met,3.30,,,,,,,,No,No,
CAND-2026-2082,Synthetic Candidate 2082,Male,Reference Group,REQ-2026-ENG-G1,2026-01-14,Direct Career Portal,Application Review,Automated job-related knockout criteria not met,2.80,,,,,,,,No,No,
CAND-2026-2083,Synthetic Candidate 2083,Male,Reference Group,REQ-2026-ENG-G1,2026-01-21,Regional Hiring Drive,Application Review,Automated job-related knockout criteria not met,2.30,,,,,,,,No,No,
CAND-2026-2084,Synthetic Candidate 2084,Female,Focal Group,REQ-2026-ENG-G1,2026-01-15,Employee Referral,Application Review,Automated job-related knockout criteria not met,3.00,,,,,,,,No,No,
CAND-2026-2085,Synthetic Candidate 2085,Female,Focal Group,REQ-2026-ENG-G1,2026-01-22,LinkedIn Recruiter,Application Review,Automated job-related knockout criteria not met,2.50,,,,,,,,No,No,
CAND-2026-2086,Synthetic Candidate 2086,Male,Reference Group,REQ-2026-ENG-G1,2026-01-16,Skills Academy,Application Review,Automated job-related knockout criteria not met,3.20,,,,,,,,No,No,
CAND-2026-2087,Synthetic Candidate 2087,Male,Reference Group,REQ-2026-ENG-G1,2026-01-10,Direct Career Portal,Application Review,Automated job-related knockout criteria not met,2.70,,,,,,,,No,No,
CAND-2026-2088,Synthetic Candidate 2088,Male,Reference Group,REQ-2026-ENG-G1,2026-01-17,Regional Hiring Drive,Application Review,Automated job-related knockout criteria not met,2.20,,,,,,,,No,No,
CAND-2026-2089,Synthetic Candidate 2089,Female,Focal Group,REQ-2026-ENG-G1,2026-01-11,Employee Referral,Application Review,Automated job-related knockout criteria not met,2.90,,,,,,,,No,No,
CAND-2026-2090,Synthetic Candidate 2090,Female,Focal Group,REQ-2026-ENG-G1,2026-01-18,LinkedIn Recruiter,Application Review,Automated job-related knockout criteria not met,2.40,,,,,,,,No,No,
CAND-2026-2091,Synthetic Candidate 2091,Male,Reference Group,REQ-2026-ENG-G1,2026-01-12,Skills Academy,Application Review,Automated job-related knockout criteria not met,3.10,,,,,,,,No,No,
CAND-2026-2092,Synthetic Candidate 2092,Male,Reference Group,REQ-2026-ENG-G1,2026-01-19,Direct Career Portal,Application Review,Automated job-related knockout criteria not met,2.60,,,,,,,,No,No,
CAND-2026-2093,Synthetic Candidate 2093,Male,Reference Group,REQ-2026-ENG-G1,2026-01-13,Regional Hiring Drive,Application Review,Automated job-related knockout criteria not met,3.30,,,,,,,,No,No,
CAND-2026-2094,Synthetic Candidate 2094,Female,Focal Group,REQ-2026-ENG-G1,2026-01-20,Employee Referral,Application Review,Automated job-related knockout criteria not met,2.80,,,,,,,,No,No,
CAND-2026-2095,Synthetic Candidate 2095,Female,Focal Group,REQ-2026-ENG-G1,2026-01-14,LinkedIn Recruiter,Application Review,Automated job-related knockout criteria not met,2.30,,,,,,,,No,No,
CAND-2026-2096,Synthetic Candidate 2096,Male,Reference Group,REQ-2026-ENG-G1,2026-01-21,Skills Academy,Application Review,Automated job-related knockout criteria not met,3.00,,,,,,,,No,No,
CAND-2026-2097,Synthetic Candidate 2097,Male,Reference Group,REQ-2026-ENG-G1,2026-01-15,Direct Career Portal,Application Review,Automated job-related knockout criteria not met,2.50,,,,,,,,No,No,
CAND-2026-2098,Synthetic Candidate 2098,Male,Reference Group,REQ-2026-ENG-G1,2026-01-22,Regional Hiring Drive,Application Review,Automated job-related knockout criteria not met,3.20,,,,,,,,No,No,
CAND-2026-2099,Synthetic Candidate 2099,Female,Focal Group,REQ-2026-ENG-G1,2026-01-16,Employee Referral,Application Review,Automated job-related knockout criteria not met,2.70,,,,,,,,No,No,
CAND-2026-2100,Synthetic Candidate 2100,Female,Focal Group,REQ-2026-ENG-G1,2026-01-10,LinkedIn Recruiter,Application Review,Automated job-related knockout criteria not met,2.20,,,,,,,,No,No,
CAND-2026-2101,Synthetic Candidate 2101,Male,Reference Group,REQ-2026-ENG-G1,2026-01-17,Skills Academy,Application Review,Automated job-related knockout criteria not met,2.90,,,,,,,,No,No,
CAND-2026-2102,Synthetic Candidate 2102,Male,Reference Group,REQ-2026-ENG-G1,2026-01-11,Direct Career Portal,Application Review,Automated job-related knockout criteria not met,2.40,,,,,,,,No,No,
CAND-2026-2103,Synthetic Candidate 2103,Male,Reference Group,REQ-2026-ENG-G1,2026-01-18,Regional Hiring Drive,Application Review,Automated job-related knockout criteria not met,3.10,,,,,,,,No,No,
CAND-2026-2104,Synthetic Candidate 2104,Female,Focal Group,REQ-2026-ENG-G1,2026-01-12,Employee Referral,Application Review,Automated job-related knockout criteria not met,2.60,,,,,,,,No,No,
CAND-2026-2105,Synthetic Candidate 2105,Female,Focal Group,REQ-2026-ENG-G1,2026-01-19,LinkedIn Recruiter,Application Review,Automated job-related knockout criteria not met,3.30,,,,,,,,No,No,
CAND-2026-2106,Synthetic Candidate 2106,Male,Reference Group,REQ-2026-ENG-G1,2026-01-13,Skills Academy,Application Review,Automated job-related knockout criteria not met,2.80,,,,,,,,No,No,
CAND-2026-2107,Synthetic Candidate 2107,Male,Reference Group,REQ-2026-ENG-G1,2026-01-20,Direct Career Portal,Application Review,Automated job-related knockout criteria not met,2.30,,,,,,,,No,No,
CAND-2026-2108,Synthetic Candidate 2108,Male,Reference Group,REQ-2026-ENG-G1,2026-01-14,Regional Hiring Drive,Application Review,Automated job-related knockout criteria not met,3.00,,,,,,,,No,No,
CAND-2026-2109,Synthetic Candidate 2109,Female,Focal Group,REQ-2026-ENG-G1,2026-01-21,Employee Referral,Application Review,Automated job-related knockout criteria not met,2.50,,,,,,,,No,No,
CAND-2026-2110,Synthetic Candidate 2110,Female,Focal Group,REQ-2026-ENG-G1,2026-01-15,LinkedIn Recruiter,Application Review,Automated job-related knockout criteria not met,3.20,,,,,,,,No,No,
CAND-2026-2111,Synthetic Candidate 2111,Male,Reference Group,REQ-2026-ENG-G1,2026-01-22,Skills Academy,Application Review,Automated job-related knockout criteria not met,2.70,,,,,,,,No,No,
CAND-2026-2112,Synthetic Candidate 2112,Male,Reference Group,REQ-2026-ENG-G1,2026-01-16,Direct Career Portal,Application Review,Automated job-related knockout criteria not met,2.20,,,,,,,,No,No,
CAND-2026-2113,Synthetic Candidate 2113,Male,Reference Group,REQ-2026-ENG-G1,2026-01-10,Regional Hiring Drive,Application Review,Automated job-related knockout criteria not met,2.90,,,,,,,,No,No,
CAND-2026-2114,Synthetic Candidate 2114,Female,Focal Group,REQ-2026-ENG-G1,2026-01-17,Employee Referral,Application Review,Automated job-related knockout criteria not met,2.40,,,,,,,,No,No,
CAND-2026-2115,Synthetic Candidate 2115,Female,Focal Group,REQ-2026-ENG-G1,2026-01-11,LinkedIn Recruiter,Application Review,Automated job-related knockout criteria not met,3.10,,,,,,,,No,No,
CAND-2026-2116,Synthetic Candidate 2116,Male,Reference Group,REQ-2026-ENG-G1,2026-01-18,Skills Academy,Application Review,Automated job-related knockout criteria not met,2.60,,,,,,,,No,No,
CAND-2026-2117,Synthetic Candidate 2117,Male,Reference Group,REQ-2026-ENG-G1,2026-01-12,Direct Career Portal,Application Review,Automated job-related knockout criteria not met,3.30,,,,,,,,No,No,
CAND-2026-2118,Synthetic Candidate 2118,Male,Reference Group,REQ-2026-ENG-G1,2026-01-19,Regional Hiring Drive,Application Review,Automated job-related knockout criteria not met,2.80,,,,,,,,No,No,
CAND-2026-2119,Synthetic Candidate 2119,Female,Focal Group,REQ-2026-ENG-G1,2026-01-13,Employee Referral,Application Review,Automated job-related knockout criteria not met,2.30,,,,,,,,No,No,
CAND-2026-2120,Synthetic Candidate 2120,Female,Focal Group,REQ-2026-ENG-G1,2026-01-20,LinkedIn Recruiter,Application Review,Automated job-related knockout criteria not met,3.00,,,,,,,,No,No,
CAND-2026-2121,Synthetic Candidate 2121,Male,Reference Group,REQ-2026-ENG-G1,2026-01-14,Skills Academy,Application Review,Automated job-related knockout criteria not met,2.50,,,,,,,,No,No,
CAND-2026-2122,Synthetic Candidate 2122,Male,Reference Group,REQ-2026-ENG-G1,2026-01-21,Direct Career Portal,Application Review,Automated job-related knockout criteria not met,3.20,,,,,,,,No,No,
CAND-2026-2123,Synthetic Candidate 2123,Male,Reference Group,REQ-2026-ENG-G1,2026-01-15,Regional Hiring Drive,Application Review,Automated job-related knockout criteria not met,2.70,,,,,,,,No,No,
CAND-2026-2124,Synthetic Candidate 2124,Female,Focal Group,REQ-2026-ENG-G1,2026-01-22,Employee Referral,Application Review,Automated job-related knockout criteria not met,2.20,,,,,,,,No,No,
CAND-2026-2125,Synthetic Candidate 2125,Female,Focal Group,REQ-2026-ENG-G1,2026-01-16,LinkedIn Recruiter,Application Review,Automated job-related knockout criteria not met,2.90,,,,,,,,No,No,
CAND-2026-2126,Synthetic Candidate 2126,Male,Reference Group,REQ-2026-ENG-G1,2026-01-10,Skills Academy,Application Review,Automated job-related knockout criteria not met,2.40,,,,,,,,No,No,
CAND-2026-2127,Synthetic Candidate 2127,Male,Reference Group,REQ-2026-ENG-G1,2026-01-17,Direct Career Portal,Application Review,Automated job-related knockout criteria not met,3.10,,,,,,,,No,No,
CAND-2026-2128,Synthetic Candidate 2128,Male,Reference Group,REQ-2026-ENG-G1,2026-01-11,Regional Hiring Drive,Application Review,Automated job-related knockout criteria not met,2.60,,,,,,,,No,No,
CAND-2026-2129,Synthetic Candidate 2129,Female,Focal Group,REQ-2026-ENG-G1,2026-01-18,Employee Referral,Application Review,Automated job-related knockout criteria not met,3.30,,,,,,,,No,No,
CAND-2026-2130,Synthetic Candidate 2130,Female,Focal Group,REQ-2026-ENG-G1,2026-01-12,LinkedIn Recruiter,Application Review,Automated job-related knockout criteria not met,2.80,,,,,,,,No,No,
CAND-2026-2131,Synthetic Candidate 2131,Male,Reference Group,REQ-2026-ENG-G1,2026-01-19,Skills Academy,Application Review,Automated job-related knockout criteria not met,2.30,,,,,,,,No,No,
CAND-2026-2132,Synthetic Candidate 2132,Male,Reference Group,REQ-2026-ENG-G1,2026-01-13,Direct Career Portal,Application Review,Automated job-related knockout criteria not met,3.00,,,,,,,,No,No,
CAND-2026-2133,Synthetic Candidate 2133,Male,Reference Group,REQ-2026-ENG-G1,2026-01-20,Regional Hiring Drive,Application Review,Automated job-related knockout criteria not met,2.50,,,,,,,,No,No,
CAND-2026-2134,Synthetic Candidate 2134,Female,Focal Group,REQ-2026-ENG-G1,2026-01-14,Employee Referral,Application Review,Automated job-related knockout criteria not met,3.20,,,,,,,,No,No,
CAND-2026-2135,Synthetic Candidate 2135,Female,Focal Group,REQ-2026-ENG-G1,2026-01-21,LinkedIn Recruiter,Application Review,Automated job-related knockout criteria not met,2.70,,,,,,,,No,No,
CAND-2026-2136,Synthetic Candidate 2136,Male,Reference Group,REQ-2026-ENG-G1,2026-01-15,Skills Academy,Application Review,Automated job-related knockout criteria not met,2.20,,,,,,,,No,No,
CAND-2026-2137,Synthetic Candidate 2137,Male,Reference Group,REQ-2026-ENG-G1,2026-01-22,Direct Career Portal,Application Review,Automated job-related knockout criteria not met,2.90,,,,,,,,No,No,
CAND-2026-2138,Synthetic Candidate 2138,Male,Reference Group,REQ-2026-ENG-G1,2026-01-16,Regional Hiring Drive,Application Review,Automated job-related knockout criteria not met,2.40,,,,,,,,No,No,
CAND-2026-2139,Synthetic Candidate 2139,Female,Focal Group,REQ-2026-ENG-G1,2026-01-10,Employee Referral,Application Review,Automated job-related knockout criteria not met,3.10,,,,,,,,No,No,
CAND-2026-2140,Synthetic Candidate 2140,Female,Focal Group,REQ-2026-ENG-G1,2026-01-17,LinkedIn Recruiter,Application Review,Automated job-related knockout criteria not met,2.60,,,,,,,,No,No,
CAND-2026-2141,Synthetic Candidate 2141,Male,Reference Group,REQ-2026-ENG-G1,2026-01-11,Skills Academy,Application Review,Automated job-related knockout criteria not met,3.30,,,,,,,,No,No,
CAND-2026-2142,Synthetic Candidate 2142,Male,Reference Group,REQ-2026-ENG-G1,2026-01-18,Direct Career Portal,Application Review,Automated job-related knockout criteria not met,2.80,,,,,,,,No,No,
CAND-2026-2143,Synthetic Candidate 2143,Male,Reference Group,REQ-2026-ENG-G1,2026-01-12,Regional Hiring Drive,Application Review,Automated job-related knockout criteria not met,2.30,,,,,,,,No,No,
CAND-2026-2144,Synthetic Candidate 2144,Female,Focal Group,REQ-2026-ENG-G1,2026-01-19,Employee Referral,Application Review,Automated job-related knockout criteria not met,3.00,,,,,,,,No,No,
CAND-2026-2145,Synthetic Candidate 2145,Female,Focal Group,REQ-2026-ENG-G1,2026-01-13,LinkedIn Recruiter,Application Review,Automated job-related knockout criteria not met,2.50,,,,,,,,No,No,
CAND-2026-2146,Synthetic Candidate 2146,Male,Reference Group,REQ-2026-ENG-G1,2026-01-20,Skills Academy,Application Review,Automated job-related knockout criteria not met,3.20,,,,,,,,No,No,
CAND-2026-2147,Synthetic Candidate 2147,Male,Reference Group,REQ-2026-ENG-G1,2026-01-14,Direct Career Portal,Application Review,Automated job-related knockout criteria not met,2.70,,,,,,,,No,No,
CAND-2026-2148,Synthetic Candidate 2148,Male,Reference Group,REQ-2026-ENG-G1,2026-01-21,Regional Hiring Drive,Application Review,Automated job-related knockout criteria not met,2.20,,,,,,,,No,No,
CAND-2026-2149,Synthetic Candidate 2149,Female,Focal Group,REQ-2026-ENG-G1,2026-01-15,Employee Referral,Application Review,Automated job-related knockout criteria not met,2.90,,,,,,,,No,No,
CAND-2026-2150,Synthetic Candidate 2150,Female,Focal Group,REQ-2026-ENG-G1,2026-01-22,LinkedIn Recruiter,Application Review,Automated job-related knockout criteria not met,2.40,,,,,,,,No,No,
CAND-2026-2151,Synthetic Candidate 2151,Male,Reference Group,REQ-2026-ENG-G1,2026-01-16,Skills Academy,Application Review,Automated job-related knockout criteria not met,3.10,,,,,,,,No,No,
CAND-2026-2152,Synthetic Candidate 2152,Male,Reference Group,REQ-2026-ENG-G1,2026-01-10,Direct Career Portal,Application Review,Automated job-related knockout criteria not met,2.60,,,,,,,,No,No,
CAND-2026-2153,Synthetic Candidate 2153,Male,Reference Group,REQ-2026-ENG-G1,2026-01-17,Regional Hiring Drive,Application Review,Automated job-related knockout criteria not met,3.30,,,,,,,,No,No,
CAND-2026-2154,Synthetic Candidate 2154,Female,Focal Group,REQ-2026-ENG-G1,2026-01-11,Employee Referral,Application Review,Automated job-related knockout criteria not met,2.80,,,,,,,,No,No,
CAND-2026-2155,Synthetic Candidate 2155,Female,Focal Group,REQ-2026-ENG-G1,2026-01-18,LinkedIn Recruiter,Application Review,Automated job-related knockout criteria not met,2.30,,,,,,,,No,No,
CAND-2026-2156,Synthetic Candidate 2156,Male,Reference Group,REQ-2026-ENG-G1,2026-01-12,Skills Academy,Application Review,Automated job-related knockout criteria not met,3.00,,,,,,,,No,No,
CAND-2026-2157,Synthetic Candidate 2157,Male,Reference Group,REQ-2026-ENG-G1,2026-01-19,Direct Career Portal,Application Review,Automated job-related knockout criteria not met,2.50,,,,,,,,No,No,
CAND-2026-2158,Synthetic Candidate 2158,Male,Reference Group,REQ-2026-ENG-G1,2026-01-13,Regional Hiring Drive,Application Review,Automated job-related knockout criteria not met,3.20,,,,,,,,No,No,
CAND-2026-2159,Synthetic Candidate 2159,Female,Focal Group,REQ-2026-ENG-G1,2026-01-20,Employee Referral,Application Review,Automated job-related knockout criteria not met,2.70,,,,,,,,No,No,
CAND-2026-2160,Synthetic Candidate 2160,Female,Focal Group,REQ-2026-ENG-G1,2026-01-14,LinkedIn Recruiter,Application Review,Automated job-related knockout criteria not met,2.20,,,,,,,,No,No,
CAND-2026-2161,Synthetic Candidate 2161,Male,Reference Group,REQ-2026-ENG-G1,2026-01-21,Skills Academy,Application Review,Automated job-related knockout criteria not met,2.90,,,,,,,,No,No,
CAND-2026-2162,Synthetic Candidate 2162,Male,Reference Group,REQ-2026-ENG-G1,2026-01-15,Direct Career Portal,Application Review,Automated job-related knockout criteria not met,2.40,,,,,,,,No,No,
CAND-2026-2163,Synthetic Candidate 2163,Male,Reference Group,REQ-2026-ENG-G1,2026-01-22,Regional Hiring Drive,Application Review,Automated job-related knockout criteria not met,3.10,,,,,,,,No,No,
CAND-2026-2164,Synthetic Candidate 2164,Female,Focal Group,REQ-2026-ENG-G1,2026-01-16,Employee Referral,Application Review,Automated job-related knockout criteria not met,2.60,,,,,,,,No,No,
CAND-2026-2165,Synthetic Candidate 2165,Female,Focal Group,REQ-2026-ENG-G1,2026-01-10,LinkedIn Recruiter,Application Review,Automated job-related knockout criteria not met,3.30,,,,,,,,No,No,
CAND-2026-2166,Synthetic Candidate 2166,Male,Reference Group,REQ-2026-ENG-G1,2026-01-17,Skills Academy,Application Review,Automated job-related knockout criteria not met,2.80,,,,,,,,No,No,
CAND-2026-2167,Synthetic Candidate 2167,Male,Reference Group,REQ-2026-ENG-G1,2026-01-11,Direct Career Portal,Application Review,Automated job-related knockout criteria not met,2.30,,,,,,,,No,No,
CAND-2026-2168,Synthetic Candidate 2168,Male,Reference Group,REQ-2026-ENG-G1,2026-01-18,Regional Hiring Drive,Application Review,Automated job-related knockout criteria not met,3.00,,,,,,,,No,No,
CAND-2026-2169,Synthetic Candidate 2169,Female,Focal Group,REQ-2026-ENG-G1,2026-01-12,Employee Referral,Application Review,Automated job-related knockout criteria not met,2.50,,,,,,,,No,No,
CAND-2026-2170,Synthetic Candidate 2170,Female,Focal Group,REQ-2026-ENG-G1,2026-01-19,LinkedIn Recruiter,Application Review,Automated job-related knockout criteria not met,3.20,,,,,,,,No,No,
CAND-2026-2171,Synthetic Candidate 2171,Male,Reference Group,REQ-2026-ENG-G1,2026-01-13,Skills Academy,Application Review,Automated job-related knockout criteria not met,2.70,,,,,,,,No,No,
CAND-2026-2172,Synthetic Candidate 2172,Male,Reference Group,REQ-2026-ENG-G1,2026-01-20,Direct Career Portal,Application Review,Automated job-related knockout criteria not met,2.20,,,,,,,,No,No,
CAND-2026-2173,Synthetic Candidate 2173,Male,Reference Group,REQ-2026-ENG-G1,2026-01-14,Regional Hiring Drive,Application Review,Automated job-related knockout criteria not met,2.90,,,,,,,,No,No,
CAND-2026-2174,Synthetic Candidate 2174,Female,Focal Group,REQ-2026-ENG-G1,2026-01-21,Employee Referral,Application Review,Automated job-related knockout criteria not met,2.40,,,,,,,,No,No,
CAND-2026-2175,Synthetic Candidate 2175,Female,Focal Group,REQ-2026-ENG-G1,2026-01-15,LinkedIn Recruiter,Application Review,Automated job-related knockout criteria not met,3.10,,,,,,,,No,No,
CAND-2026-2176,Synthetic Candidate 2176,Male,Reference Group,REQ-2026-ENG-G1,2026-01-22,Skills Academy,Application Review,Automated job-related knockout criteria not met,2.60,,,,,,,,No,No,
CAND-2026-2177,Synthetic Candidate 2177,Male,Reference Group,REQ-2026-ENG-G1,2026-01-16,Direct Career Portal,Application Review,Automated job-related knockout criteria not met,3.30,,,,,,,,No,No,
CAND-2026-2178,Synthetic Candidate 2178,Male,Reference Group,REQ-2026-ENG-G1,2026-01-10,Regional Hiring Drive,Application Review,Automated job-related knockout criteria not met,2.80,,,,,,,,No,No,
CAND-2026-2179,Synthetic Candidate 2179,Female,Focal Group,REQ-2026-ENG-G1,2026-01-17,Employee Referral,Application Review,Automated job-related knockout criteria not met,2.30,,,,,,,,No,No,
CAND-2026-2180,Synthetic Candidate 2180,Female,Focal Group,REQ-2026-ENG-G1,2026-01-11,LinkedIn Recruiter,Application Review,Automated job-related knockout criteria not met,3.00,,,,,,,,No,No,
CAND-2026-2181,Synthetic Candidate 2181,Male,Reference Group,REQ-2026-ENG-G1,2026-01-18,Skills Academy,Application Review,Automated job-related knockout criteria not met,2.50,,,,,,,,No,No,
CAND-2026-2182,Synthetic Candidate 2182,Male,Reference Group,REQ-2026-ENG-G1,2026-01-12,Direct Career Portal,Application Review,Automated job-related knockout criteria not met,3.20,,,,,,,,No,No,
CAND-2026-2183,Synthetic Candidate 2183,Male,Reference Group,REQ-2026-ENG-G1,2026-01-19,Regional Hiring Drive,Application Review,Automated job-related knockout criteria not met,2.70,,,,,,,,No,No,
CAND-2026-2184,Synthetic Candidate 2184,Female,Focal Group,REQ-2026-ENG-G1,2026-01-13,Employee Referral,Application Review,Automated job-related knockout criteria not met,2.20,,,,,,,,No,No,
CAND-2026-2185,Synthetic Candidate 2185,Female,Focal Group,REQ-2026-ENG-G1,2026-01-20,LinkedIn Recruiter,Application Review,Automated job-related knockout criteria not met,2.90,,,,,,,,No,No,
CAND-2026-2186,Synthetic Candidate 2186,Male,Reference Group,REQ-2026-ENG-G1,2026-01-14,Skills Academy,Application Review,Automated job-related knockout criteria not met,2.40,,,,,,,,No,No,
CAND-2026-2187,Synthetic Candidate 2187,Male,Reference Group,REQ-2026-ENG-G1,2026-01-21,Direct Career Portal,Application Review,Automated job-related knockout criteria not met,3.10,,,,,,,,No,No,
CAND-2026-2188,Synthetic Candidate 2188,Male,Reference Group,REQ-2026-ENG-G1,2026-01-15,Regional Hiring Drive,Application Review,Automated job-related knockout criteria not met,2.60,,,,,,,,No,No,
CAND-2026-2189,Synthetic Candidate 2189,Female,Focal Group,REQ-2026-ENG-G1,2026-01-22,Employee Referral,Application Review,Automated job-related knockout criteria not met,3.30,,,,,,,,No,No,
CAND-2026-2190,Synthetic Candidate 2190,Female,Focal Group,REQ-2026-ENG-G1,2026-01-16,LinkedIn Recruiter,Application Review,Automated job-related knockout criteria not met,2.80,,,,,,,,No,No,
CAND-2026-2191,Synthetic Candidate 2191,Male,Reference Group,REQ-2026-ENG-G1,2026-01-10,Skills Academy,Application Review,Automated job-related knockout criteria not met,2.30,,,,,,,,No,No,
CAND-2026-2192,Synthetic Candidate 2192,Male,Reference Group,REQ-2026-ENG-G1,2026-01-17,Direct Career Portal,Application Review,Automated job-related knockout criteria not met,3.00,,,,,,,,No,No,
CAND-2026-2193,Synthetic Candidate 2193,Male,Reference Group,REQ-2026-ENG-G1,2026-01-11,Regional Hiring Drive,Application Review,Automated job-related knockout criteria not met,2.50,,,,,,,,No,No,
CAND-2026-2194,Synthetic Candidate 2194,Female,Focal Group,REQ-2026-ENG-G1,2026-01-18,Employee Referral,Application Review,Automated job-related knockout criteria not met,3.20,,,,,,,,No,No,
CAND-2026-2195,Synthetic Candidate 2195,Female,Focal Group,REQ-2026-ENG-G1,2026-01-12,LinkedIn Recruiter,Application Review,Automated job-related knockout criteria not met,2.70,,,,,,,,No,No,
CAND-2026-2196,Synthetic Candidate 2196,Male,Reference Group,REQ-2026-ENG-G1,2026-01-19,Skills Academy,Application Review,Automated job-related knockout criteria not met,2.20,,,,,,,,No,No,
CAND-2026-2197,Synthetic Candidate 2197,Male,Reference Group,REQ-2026-ENG-G1,2026-01-13,Direct Career Portal,Application Review,Automated job-related knockout criteria not met,2.90,,,,,,,,No,No,
CAND-2026-2198,Synthetic Candidate 2198,Male,Reference Group,REQ-2026-ENG-G1,2026-01-20,Regional Hiring Drive,Application Review,Automated job-related knockout criteria not met,2.40,,,,,,,,No,No,
CAND-2026-2199,Synthetic Candidate 2199,Female,Focal Group,REQ-2026-ENG-G1,2026-01-14,Employee Referral,Application Review,Automated job-related knockout criteria not met,3.10,,,,,,,,No,No,
CAND-2026-2200,Synthetic Candidate 2200,Female,Focal Group,REQ-2026-ENG-G1,2026-01-21,LinkedIn Recruiter,Application Review,Automated job-related knockout criteria not met,2.60,,,,,,,,No,No,
CAND-2026-2201,Synthetic Candidate 2201,Male,Reference Group,REQ-2026-ENG-G1,2026-01-15,Skills Academy,Application Review,Automated job-related knockout criteria not met,3.30,,,,,,,,No,No,
CAND-2026-2202,Synthetic Candidate 2202,Male,Reference Group,REQ-2026-ENG-G1,2026-01-22,Direct Career Portal,Application Review,Automated job-related knockout criteria not met,2.80,,,,,,,,No,No,
CAND-2026-2203,Synthetic Candidate 2203,Male,Reference Group,REQ-2026-ENG-G1,2026-01-16,Regional Hiring Drive,Application Review,Automated job-related knockout criteria not met,2.30,,,,,,,,No,No,
CAND-2026-2204,Synthetic Candidate 2204,Female,Focal Group,REQ-2026-ENG-G1,2026-01-10,Employee Referral,Application Review,Automated job-related knockout criteria not met,3.00,,,,,,,,No,No,
CAND-2026-2205,Synthetic Candidate 2205,Female,Focal Group,REQ-2026-ENG-G1,2026-01-17,LinkedIn Recruiter,Application Review,Automated job-related knockout criteria not met,2.50,,,,,,,,No,No,
CAND-2026-2206,Synthetic Candidate 2206,Male,Reference Group,REQ-2026-ENG-G1,2026-01-11,Skills Academy,Application Review,Automated job-related knockout criteria not met,3.20,,,,,,,,No,No,
CAND-2026-2207,Synthetic Candidate 2207,Male,Reference Group,REQ-2026-ENG-G1,2026-01-18,Direct Career Portal,Application Review,Automated job-related knockout criteria not met,2.70,,,,,,,,No,No,
CAND-2026-2208,Synthetic Candidate 2208,Male,Reference Group,REQ-2026-ENG-G1,2026-01-12,Regional Hiring Drive,Application Review,Automated job-related knockout criteria not met,2.20,,,,,,,,No,No,
CAND-2026-2209,Synthetic Candidate 2209,Female,Focal Group,REQ-2026-ENG-G1,2026-01-19,Employee Referral,Application Review,Automated job-related knockout criteria not met,2.90,,,,,,,,No,No,
CAND-2026-2210,Synthetic Candidate 2210,Female,Focal Group,REQ-2026-ENG-G1,2026-01-13,LinkedIn Recruiter,Application Review,Automated job-related knockout criteria not met,2.40,,,,,,,,No,No,
CAND-2026-2211,Synthetic Candidate 2211,Male,Reference Group,REQ-2026-ENG-G1,2026-01-20,Skills Academy,Application Review,Automated job-related knockout criteria not met,3.10,,,,,,,,No,No,
CAND-2026-2212,Synthetic Candidate 2212,Male,Reference Group,REQ-2026-ENG-G1,2026-01-14,Direct Career Portal,Application Review,Automated job-related knockout criteria not met,2.60,,,,,,,,No,No,
CAND-2026-2213,Synthetic Candidate 2213,Male,Reference Group,REQ-2026-ENG-G1,2026-01-21,Regional Hiring Drive,Application Review,Automated job-related knockout criteria not met,3.30,,,,,,,,No,No,
CAND-2026-2214,Synthetic Candidate 2214,Female,Focal Group,REQ-2026-ENG-G1,2026-01-15,Employee Referral,Application Review,Automated job-related knockout criteria not met,2.80,,,,,,,,No,No,
CAND-2026-2215,Synthetic Candidate 2215,Female,Focal Group,REQ-2026-ENG-G1,2026-01-22,LinkedIn Recruiter,Application Review,Automated job-related knockout criteria not met,2.30,,,,,,,,No,No,
CAND-2026-2216,Synthetic Candidate 2216,Male,Reference Group,REQ-2026-ENG-G1,2026-01-16,Skills Academy,Application Review,Automated job-related knockout criteria not met,3.00,,,,,,,,No,No,
CAND-2026-2217,Synthetic Candidate 2217,Male,Reference Group,REQ-2026-ENG-G1,2026-01-10,Direct Career Portal,Application Review,Automated job-related knockout criteria not met,2.50,,,,,,,,No,No,
CAND-2026-2218,Synthetic Candidate 2218,Male,Reference Group,REQ-2026-ENG-G1,2026-01-17,Regional Hiring Drive,Application Review,Automated job-related knockout criteria not met,3.20,,,,,,,,No,No,
CAND-2026-2219,Synthetic Candidate 2219,Female,Focal Group,REQ-2026-ENG-G1,2026-01-11,Employee Referral,Application Review,Automated job-related knockout criteria not met,2.70,,,,,,,,No,No,
CAND-2026-2220,Synthetic Candidate 2220,Female,Focal Group,REQ-2026-ENG-G1,2026-01-18,LinkedIn Recruiter,Application Review,Automated job-related knockout criteria not met,2.20,,,,,,,,No,No,
CAND-2026-2221,Synthetic Candidate 2221,Male,Reference Group,REQ-2026-ENG-G1,2026-01-12,Skills Academy,Application Review,Automated job-related knockout criteria not met,2.90,,,,,,,,No,No,
CAND-2026-2222,Synthetic Candidate 2222,Male,Reference Group,REQ-2026-ENG-G1,2026-01-19,Direct Career Portal,Application Review,Automated job-related knockout criteria not met,2.40,,,,,,,,No,No,
CAND-2026-2223,Synthetic Candidate 2223,Male,Reference Group,REQ-2026-ENG-G1,2026-01-13,Regional Hiring Drive,Application Review,Automated job-related knockout criteria not met,3.10,,,,,,,,No,No,
CAND-2026-2224,Synthetic Candidate 2224,Female,Focal Group,REQ-2026-ENG-G1,2026-01-20,Employee Referral,Application Review,Automated job-related knockout criteria not met,2.60,,,,,,,,No,No,
CAND-2026-2225,Synthetic Candidate 2225,Female,Focal Group,REQ-2026-ENG-G1,2026-01-14,LinkedIn Recruiter,Application Review,Automated job-related knockout criteria not met,3.30,,,,,,,,No,No,
CAND-2026-2226,Synthetic Candidate 2226,Male,Reference Group,REQ-2026-ENG-G1,2026-01-21,Skills Academy,Application Review,Automated job-related knockout criteria not met,2.80,,,,,,,,No,No,
CAND-2026-2227,Synthetic Candidate 2227,Male,Reference Group,REQ-2026-ENG-G1,2026-01-15,Direct Career Portal,Application Review,Automated job-related knockout criteria not met,2.30,,,,,,,,No,No,
CAND-2026-2228,Synthetic Candidate 2228,Male,Reference Group,REQ-2026-ENG-G1,2026-01-22,Regional Hiring Drive,Application Review,Automated job-related knockout criteria not met,3.00,,,,,,,,No,No,
CAND-2026-2229,Synthetic Candidate 2229,Female,Focal Group,REQ-2026-ENG-G1,2026-01-16,Employee Referral,Application Review,Automated job-related knockout criteria not met,2.50,,,,,,,,No,No,
CAND-2026-2230,Synthetic Candidate 2230,Female,Focal Group,REQ-2026-ENG-G1,2026-01-10,LinkedIn Recruiter,Application Review,Automated job-related knockout criteria not met,3.20,,,,,,,,No,No,
CAND-2026-2231,Synthetic Candidate 2231,Male,Reference Group,REQ-2026-ENG-G1,2026-01-17,Skills Academy,Application Review,Automated job-related knockout criteria not met,2.70,,,,,,,,No,No,
CAND-2026-2232,Synthetic Candidate 2232,Male,Reference Group,REQ-2026-ENG-G1,2026-01-11,Direct Career Portal,Application Review,Automated job-related knockout criteria not met,2.20,,,,,,,,No,No,
CAND-2026-2233,Synthetic Candidate 2233,Male,Reference Group,REQ-2026-ENG-G1,2026-01-18,Regional Hiring Drive,Application Review,Automated job-related knockout criteria not met,2.90,,,,,,,,No,No,
CAND-2026-2234,Synthetic Candidate 2234,Female,Focal Group,REQ-2026-ENG-G1,2026-01-12,Employee Referral,Application Review,Automated job-related knockout criteria not met,2.40,,,,,,,,No,No,
CAND-2026-2235,Synthetic Candidate 2235,Female,Focal Group,REQ-2026-ENG-G1,2026-01-19,LinkedIn Recruiter,Application Review,Automated job-related knockout criteria not met,3.10,,,,,,,,No,No,
CAND-2026-2236,Synthetic Candidate 2236,Male,Reference Group,REQ-2026-ENG-G1,2026-01-13,Skills Academy,Application Review,Automated job-related knockout criteria not met,2.60,,,,,,,,No,No,
CAND-2026-2237,Synthetic Candidate 2237,Male,Reference Group,REQ-2026-ENG-G1,2026-01-20,Direct Career Portal,Application Review,Automated job-related knockout criteria not met,3.30,,,,,,,,No,No,
CAND-2026-2238,Synthetic Candidate 2238,Male,Reference Group,REQ-2026-ENG-G1,2026-01-14,Regional Hiring Drive,Application Review,Automated job-related knockout criteria not met,2.80,,,,,,,,No,No,
CAND-2026-2239,Synthetic Candidate 2239,Female,Focal Group,REQ-2026-ENG-G1,2026-01-21,Employee Referral,Application Review,Automated job-related knockout criteria not met,2.30,,,,,,,,No,No,
CAND-2026-2240,Synthetic Candidate 2240,Female,Focal Group,REQ-2026-ENG-G1,2026-01-15,LinkedIn Recruiter,Application Review,Automated job-related knockout criteria not met,3.00,,,,,,,,No,No,
CAND-2026-2241,Synthetic Candidate 2241,Male,Reference Group,REQ-2026-ENG-G1,2026-01-22,Skills Academy,Application Review,Automated job-related knockout criteria not met,2.50,,,,,,,,No,No,
CAND-2026-2242,Synthetic Candidate 2242,Male,Reference Group,REQ-2026-ENG-G1,2026-01-16,Direct Career Portal,Application Review,Automated job-related knockout criteria not met,3.20,,,,,,,,No,No,
CAND-2026-2243,Synthetic Candidate 2243,Male,Reference Group,REQ-2026-ENG-G1,2026-01-10,Regional Hiring Drive,Application Review,Automated job-related knockout criteria not met,2.70,,,,,,,,No,No,
CAND-2026-2244,Synthetic Candidate 2244,Female,Focal Group,REQ-2026-ENG-G1,2026-01-17,Employee Referral,Application Review,Automated job-related knockout criteria not met,2.20,,,,,,,,No,No,
CAND-2026-2245,Synthetic Candidate 2245,Female,Focal Group,REQ-2026-ENG-G1,2026-01-11,LinkedIn Recruiter,Application Review,Automated job-related knockout criteria not met,2.90,,,,,,,,No,No,
CAND-2026-2246,Synthetic Candidate 2246,Male,Reference Group,REQ-2026-ENG-G1,2026-01-18,Skills Academy,Application Review,Automated job-related knockout criteria not met,2.40,,,,,,,,No,No,
CAND-2026-2247,Synthetic Candidate 2247,Male,Reference Group,REQ-2026-ENG-G1,2026-01-12,Direct Career Portal,Application Review,Automated job-related knockout criteria not met,3.10,,,,,,,,No,No,
CAND-2026-2248,Synthetic Candidate 2248,Male,Reference Group,REQ-2026-ENG-G1,2026-01-19,Regional Hiring Drive,Application Review,Automated job-related knockout criteria not met,2.60,,,,,,,,No,No,
CAND-2026-2249,Synthetic Candidate 2249,Female,Focal Group,REQ-2026-ENG-G1,2026-01-13,Employee Referral,Application Review,Automated job-related knockout criteria not met,3.30,,,,,,,,No,No,
CAND-2026-2250,Synthetic Candidate 2250,Female,Focal Group,REQ-2026-ENG-G1,2026-01-20,LinkedIn Recruiter,Application Review,Automated job-related knockout criteria not met,2.80,,,,,,,,No,No,
CAND-2026-2251,Synthetic Candidate 2251,Male,Reference Group,REQ-2026-ENG-G1,2026-01-14,Skills Academy,Application Review,Automated job-related knockout criteria not met,2.30,,,,,,,,No,No,
CAND-2026-2252,Synthetic Candidate 2252,Male,Reference Group,REQ-2026-ENG-G1,2026-01-21,Direct Career Portal,Application Review,Automated job-related knockout criteria not met,3.00,,,,,,,,No,No,
CAND-2026-2253,Synthetic Candidate 2253,Male,Reference Group,REQ-2026-ENG-G1,2026-01-15,Regional Hiring Drive,Application Review,Automated job-related knockout criteria not met,2.50,,,,,,,,No,No,
CAND-2026-2254,Synthetic Candidate 2254,Female,Focal Group,REQ-2026-ENG-G1,2026-01-22,Employee Referral,Application Review,Automated job-related knockout criteria not met,3.20,,,,,,,,No,No,
CAND-2026-2255,Synthetic Candidate 2255,Female,Focal Group,REQ-2026-ENG-G1,2026-01-16,LinkedIn Recruiter,Application Review,Automated job-related knockout criteria not met,2.70,,,,,,,,No,No,
CAND-2026-2256,Synthetic Candidate 2256,Male,Reference Group,REQ-2026-ENG-G1,2026-01-10,Skills Academy,Application Review,Automated job-related knockout criteria not met,2.20,,,,,,,,No,No,
CAND-2026-2257,Synthetic Candidate 2257,Male,Reference Group,REQ-2026-ENG-G1,2026-01-17,Direct Career Portal,Application Review,Automated job-related knockout criteria not met,2.90,,,,,,,,No,No,
CAND-2026-2258,Synthetic Candidate 2258,Male,Reference Group,REQ-2026-ENG-G1,2026-01-11,Regional Hiring Drive,Application Review,Automated job-related knockout criteria not met,2.40,,,,,,,,No,No,
CAND-2026-2259,Synthetic Candidate 2259,Female,Focal Group,REQ-2026-ENG-G1,2026-01-18,Employee Referral,Application Review,Automated job-related knockout criteria not met,3.10,,,,,,,,No,No,
CAND-2026-2260,Synthetic Candidate 2260,Female,Focal Group,REQ-2026-ENG-G1,2026-01-12,LinkedIn Recruiter,Application Review,Automated job-related knockout criteria not met,2.60,,,,,,,,No,No,
CAND-2026-2261,Synthetic Candidate 2261,Male,Reference Group,REQ-2026-ENG-G1,2026-01-19,Skills Academy,Application Review,Automated job-related knockout criteria not met,3.30,,,,,,,,No,No,
CAND-2026-2262,Synthetic Candidate 2262,Male,Reference Group,REQ-2026-ENG-G1,2026-01-13,Direct Career Portal,Application Review,Automated job-related knockout criteria not met,2.80,,,,,,,,No,No,
CAND-2026-2263,Synthetic Candidate 2263,Male,Reference Group,REQ-2026-ENG-G1,2026-01-20,Regional Hiring Drive,Application Review,Automated job-related knockout criteria not met,2.30,,,,,,,,No,No,
CAND-2026-2264,Synthetic Candidate 2264,Female,Focal Group,REQ-2026-ENG-G1,2026-01-14,Employee Referral,Application Review,Automated job-related knockout criteria not met,3.00,,,,,,,,No,No,
CAND-2026-2265,Synthetic Candidate 2265,Female,Focal Group,REQ-2026-ENG-G1,2026-01-21,LinkedIn Recruiter,Application Review,Automated job-related knockout criteria not met,2.50,,,,,,,,No,No,
CAND-2026-2266,Synthetic Candidate 2266,Male,Reference Group,REQ-2026-ENG-G1,2026-01-15,Skills Academy,Application Review,Automated job-related knockout criteria not met,3.20,,,,,,,,No,No,
CAND-2026-2267,Synthetic Candidate 2267,Male,Reference Group,REQ-2026-ENG-G1,2026-01-22,Direct Career Portal,Application Review,Automated job-related knockout criteria not met,2.70,,,,,,,,No,No,
CAND-2026-2268,Synthetic Candidate 2268,Male,Reference Group,REQ-2026-ENG-G1,2026-01-16,Regional Hiring Drive,Application Review,Automated job-related knockout criteria not met,2.20,,,,,,,,No,No,
CAND-2026-2269,Synthetic Candidate 2269,Female,Focal Group,REQ-2026-ENG-G1,2026-01-10,Employee Referral,Application Review,Automated job-related knockout criteria not met,2.90,,,,,,,,No,No,
CAND-2026-2270,Synthetic Candidate 2270,Female,Focal Group,REQ-2026-ENG-G1,2026-01-17,LinkedIn Recruiter,Application Review,Automated job-related knockout criteria not met,2.40,,,,,,,,No,No,
CAND-2026-2271,Synthetic Candidate 2271,Male,Reference Group,REQ-2026-ENG-G1,2026-01-11,Skills Academy,Application Review,Automated job-related knockout criteria not met,3.10,,,,,,,,No,No,
CAND-2026-2272,Synthetic Candidate 2272,Male,Reference Group,REQ-2026-ENG-G1,2026-01-18,Direct Career Portal,Application Review,Automated job-related knockout criteria not met,2.60,,,,,,,,No,No,
CAND-2026-2273,Synthetic Candidate 2273,Male,Reference Group,REQ-2026-ENG-G1,2026-01-12,Regional Hiring Drive,Application Review,Automated job-related knockout criteria not met,3.30,,,,,,,,No,No,
CAND-2026-2274,Synthetic Candidate 2274,Female,Focal Group,REQ-2026-ENG-G1,2026-01-19,Employee Referral,Application Review,Automated job-related knockout criteria not met,2.80,,,,,,,,No,No,
CAND-2026-2275,Synthetic Candidate 2275,Female,Focal Group,REQ-2026-ENG-G1,2026-01-13,LinkedIn Recruiter,Application Review,Automated job-related knockout criteria not met,2.30,,,,,,,,No,No,
CAND-2026-2276,Synthetic Candidate 2276,Male,Reference Group,REQ-2026-ENG-G1,2026-01-20,Skills Academy,Application Review,Automated job-related knockout criteria not met,3.00,,,,,,,,No,No,
CAND-2026-2277,Synthetic Candidate 2277,Male,Reference Group,REQ-2026-ENG-G1,2026-01-14,Direct Career Portal,Application Review,Automated job-related knockout criteria not met,2.50,,,,,,,,No,No,
CAND-2026-2278,Synthetic Candidate 2278,Male,Reference Group,REQ-2026-ENG-G1,2026-01-21,Regional Hiring Drive,Application Review,Automated job-related knockout criteria not met,3.20,,,,,,,,No,No,
CAND-2026-2279,Synthetic Candidate 2279,Female,Focal Group,REQ-2026-ENG-G1,2026-01-15,Employee Referral,Application Review,Automated job-related knockout criteria not met,2.70,,,,,,,,No,No,
CAND-2026-2280,Synthetic Candidate 2280,Female,Focal Group,REQ-2026-ENG-G1,2026-01-22,LinkedIn Recruiter,Application Review,Automated job-related knockout criteria not met,2.20,,,,,,,,No,No,
CAND-2026-2281,Synthetic Candidate 2281,Male,Reference Group,REQ-2026-ENG-G1,2026-01-16,Skills Academy,Application Review,Automated job-related knockout criteria not met,2.90,,,,,,,,No,No,
CAND-2026-2282,Synthetic Candidate 2282,Male,Reference Group,REQ-2026-ENG-G1,2026-01-10,Direct Career Portal,Application Review,Automated job-related knockout criteria not met,2.40,,,,,,,,No,No,
CAND-2026-2283,Synthetic Candidate 2283,Male,Reference Group,REQ-2026-ENG-G1,2026-01-17,Regional Hiring Drive,Application Review,Automated job-related knockout criteria not met,3.10,,,,,,,,No,No,
CAND-2026-2284,Synthetic Candidate 2284,Female,Focal Group,REQ-2026-ENG-G1,2026-01-11,Employee Referral,Application Review,Automated job-related knockout criteria not met,2.60,,,,,,,,No,No,
CAND-2026-2285,Synthetic Candidate 2285,Female,Focal Group,REQ-2026-ENG-G1,2026-01-18,LinkedIn Recruiter,Application Review,Automated job-related knockout criteria not met,3.30,,,,,,,,No,No,
CAND-2026-2286,Synthetic Candidate 2286,Male,Reference Group,REQ-2026-ENG-G1,2026-01-12,Skills Academy,Application Review,Automated job-related knockout criteria not met,2.80,,,,,,,,No,No,
CAND-2026-2287,Synthetic Candidate 2287,Male,Reference Group,REQ-2026-ENG-G1,2026-01-19,Direct Career Portal,Application Review,Automated job-related knockout criteria not met,2.30,,,,,,,,No,No,
CAND-2026-2288,Synthetic Candidate 2288,Male,Reference Group,REQ-2026-ENG-G1,2026-01-13,Regional Hiring Drive,Application Review,Automated job-related knockout criteria not met,3.00,,,,,,,,No,No,
CAND-2026-2289,Synthetic Candidate 2289,Female,Focal Group,REQ-2026-ENG-G1,2026-01-20,Employee Referral,Application Review,Automated job-related knockout criteria not met,2.50,,,,,,,,No,No,
CAND-2026-2290,Synthetic Candidate 2290,Female,Focal Group,REQ-2026-ENG-G1,2026-01-14,LinkedIn Recruiter,Application Review,Automated job-related knockout criteria not met,3.20,,,,,,,,No,No,
CAND-2026-2291,Synthetic Candidate 2291,Male,Reference Group,REQ-2026-ENG-G1,2026-01-21,Skills Academy,Application Review,Automated job-related knockout criteria not met,2.70,,,,,,,,No,No,
CAND-2026-2292,Synthetic Candidate 2292,Male,Reference Group,REQ-2026-ENG-G1,2026-01-15,Direct Career Portal,Application Review,Automated job-related knockout criteria not met,2.20,,,,,,,,No,No,
CAND-2026-2293,Synthetic Candidate 2293,Male,Reference Group,REQ-2026-ENG-G1,2026-01-22,Regional Hiring Drive,Application Review,Automated job-related knockout criteria not met,2.90,,,,,,,,No,No,
CAND-2026-2294,Synthetic Candidate 2294,Female,Focal Group,REQ-2026-ENG-G1,2026-01-16,Employee Referral,Application Review,Automated job-related knockout criteria not met,2.40,,,,,,,,No,No,
CAND-2026-2295,Synthetic Candidate 2295,Female,Focal Group,REQ-2026-ENG-G1,2026-01-10,LinkedIn Recruiter,Application Review,Automated job-related knockout criteria not met,3.10,,,,,,,,No,No,
CAND-2026-2296,Synthetic Candidate 2296,Male,Reference Group,REQ-2026-ENG-G1,2026-01-17,Skills Academy,Application Review,Automated job-related knockout criteria not met,2.60,,,,,,,,No,No,
CAND-2026-2297,Synthetic Candidate 2297,Male,Reference Group,REQ-2026-ENG-G1,2026-01-11,Direct Career Portal,Application Review,Automated job-related knockout criteria not met,3.30,,,,,,,,No,No,
CAND-2026-2298,Synthetic Candidate 2298,Male,Reference Group,REQ-2026-ENG-G1,2026-01-18,Regional Hiring Drive,Application Review,Automated job-related knockout criteria not met,2.80,,,,,,,,No,No,
CAND-2026-2299,Synthetic Candidate 2299,Female,Focal Group,REQ-2026-ENG-G1,2026-01-12,Employee Referral,Application Review,Automated job-related knockout criteria not met,2.30,,,,,,,,No,No,
CAND-2026-2300,Synthetic Candidate 2300,Female,Focal Group,REQ-2026-ENG-G1,2026-01-19,LinkedIn Recruiter,Application Review,Automated job-related knockout criteria not met,3.00,,,,,,,,No,No,
CAND-2026-2301,Synthetic Candidate 2301,Male,Reference Group,REQ-2026-ENG-G1,2026-01-13,Skills Academy,Application Review,Automated job-related knockout criteria not met,2.50,,,,,,,,No,No,
CAND-2026-2302,Synthetic Candidate 2302,Male,Reference Group,REQ-2026-ENG-G1,2026-01-20,Direct Career Portal,Application Review,Automated job-related knockout criteria not met,3.20,,,,,,,,No,No,
CAND-2026-2303,Synthetic Candidate 2303,Male,Reference Group,REQ-2026-ENG-G1,2026-01-14,Regional Hiring Drive,Application Review,Automated job-related knockout criteria not met,2.70,,,,,,,,No,No,
CAND-2026-2304,Synthetic Candidate 2304,Female,Focal Group,REQ-2026-ENG-G1,2026-01-21,Employee Referral,Application Review,Automated job-related knockout criteria not met,2.20,,,,,,,,No,No,
CAND-2026-2305,Synthetic Candidate 2305,Female,Focal Group,REQ-2026-ENG-G1,2026-01-15,LinkedIn Recruiter,Application Review,Automated job-related knockout criteria not met,2.90,,,,,,,,No,No,
CAND-2026-2306,Synthetic Candidate 2306,Male,Reference Group,REQ-2026-ENG-G1,2026-01-22,Skills Academy,Application Review,Automated job-related knockout criteria not met,2.40,,,,,,,,No,No,
CAND-2026-2307,Synthetic Candidate 2307,Male,Reference Group,REQ-2026-ENG-G1,2026-01-16,Direct Career Portal,Application Review,Automated job-related knockout criteria not met,3.10,,,,,,,,No,No,
CAND-2026-2308,Synthetic Candidate 2308,Male,Reference Group,REQ-2026-ENG-G1,2026-01-10,Regional Hiring Drive,Application Review,Automated job-related knockout criteria not met,2.60,,,,,,,,No,No,
CAND-2026-2309,Synthetic Candidate 2309,Female,Focal Group,REQ-2026-ENG-G1,2026-01-17,Employee Referral,Application Review,Automated job-related knockout criteria not met,3.30,,,,,,,,No,No,
CAND-2026-2310,Synthetic Candidate 2310,Female,Focal Group,REQ-2026-ENG-G1,2026-01-11,LinkedIn Recruiter,Application Review,Automated job-related knockout criteria not met,2.80,,,,,,,,No,No,
CAND-2026-2311,Synthetic Candidate 2311,Male,Reference Group,REQ-2026-ENG-G1,2026-01-18,Skills Academy,Application Review,Automated job-related knockout criteria not met,2.30,,,,,,,,No,No,
CAND-2026-2312,Synthetic Candidate 2312,Male,Reference Group,REQ-2026-ENG-G1,2026-01-12,Direct Career Portal,Application Review,Automated job-related knockout criteria not met,3.00,,,,,,,,No,No,
CAND-2026-2313,Synthetic Candidate 2313,Male,Reference Group,REQ-2026-ENG-G1,2026-01-19,Regional Hiring Drive,Application Review,Automated job-related knockout criteria not met,2.50,,,,,,,,No,No,
CAND-2026-2314,Synthetic Candidate 2314,Female,Focal Group,REQ-2026-ENG-G1,2026-01-13,Employee Referral,Application Review,Automated job-related knockout criteria not met,3.20,,,,,,,,No,No,
CAND-2026-2315,Synthetic Candidate 2315,Female,Focal Group,REQ-2026-ENG-G1,2026-01-20,LinkedIn Recruiter,Application Review,Automated job-related knockout criteria not met,2.70,,,,,,,,No,No,
CAND-2026-2316,Synthetic Candidate 2316,Male,Reference Group,REQ-2026-ENG-G1,2026-01-14,Skills Academy,Application Review,Automated job-related knockout criteria not met,2.20,,,,,,,,No,No,
CAND-2026-2317,Synthetic Candidate 2317,Male,Reference Group,REQ-2026-ENG-G1,2026-01-21,Direct Career Portal,Application Review,Automated job-related knockout criteria not met,2.90,,,,,,,,No,No,
CAND-2026-2318,Synthetic Candidate 2318,Male,Reference Group,REQ-2026-ENG-G1,2026-01-15,Regional Hiring Drive,Application Review,Automated job-related knockout criteria not met,2.40,,,,,,,,No,No,
CAND-2026-2319,Synthetic Candidate 2319,Female,Focal Group,REQ-2026-ENG-G1,2026-01-22,Employee Referral,Application Review,Automated job-related knockout criteria not met,3.10,,,,,,,,No,No,
CAND-2026-2320,Synthetic Candidate 2320,Female,Focal Group,REQ-2026-ENG-G1,2026-01-16,LinkedIn Recruiter,Application Review,Automated job-related knockout criteria not met,2.60,,,,,,,,No,No,
CAND-2026-2321,Synthetic Candidate 2321,Male,Reference Group,REQ-2026-ENG-G1,2026-01-10,Skills Academy,Application Review,Automated job-related knockout criteria not met,3.30,,,,,,,,No,No,
CAND-2026-2322,Synthetic Candidate 2322,Male,Reference Group,REQ-2026-ENG-G1,2026-01-17,Direct Career Portal,Application Review,Automated job-related knockout criteria not met,2.80,,,,,,,,No,No,
CAND-2026-2323,Synthetic Candidate 2323,Male,Reference Group,REQ-2026-ENG-G1,2026-01-11,Regional Hiring Drive,Application Review,Automated job-related knockout criteria not met,2.30,,,,,,,,No,No,
CAND-2026-2324,Synthetic Candidate 2324,Female,Focal Group,REQ-2026-ENG-G1,2026-01-18,Employee Referral,Application Review,Automated job-related knockout criteria not met,3.00,,,,,,,,No,No,
CAND-2026-2325,Synthetic Candidate 2325,Female,Focal Group,REQ-2026-ENG-G1,2026-01-12,LinkedIn Recruiter,Application Review,Automated job-related knockout criteria not met,2.50,,,,,,,,No,No,
CAND-2026-2326,Synthetic Candidate 2326,Male,Reference Group,REQ-2026-ENG-G1,2026-01-19,Skills Academy,Application Review,Automated job-related knockout criteria not met,3.20,,,,,,,,No,No,
CAND-2026-2327,Synthetic Candidate 2327,Male,Reference Group,REQ-2026-ENG-G1,2026-01-13,Direct Career Portal,Application Review,Automated job-related knockout criteria not met,2.70,,,,,,,,No,No,
CAND-2026-2328,Synthetic Candidate 2328,Male,Reference Group,REQ-2026-ENG-G1,2026-01-20,Regional Hiring Drive,Application Review,Automated job-related knockout criteria not met,2.20,,,,,,,,No,No,
CAND-2026-2329,Synthetic Candidate 2329,Female,Focal Group,REQ-2026-ENG-G1,2026-01-14,Employee Referral,Application Review,Automated job-related knockout criteria not met,2.90,,,,,,,,No,No,
CAND-2026-2330,Synthetic Candidate 2330,Female,Focal Group,REQ-2026-ENG-G1,2026-01-21,LinkedIn Recruiter,Application Review,Automated job-related knockout criteria not met,2.40,,,,,,,,No,No,
CAND-2026-2331,Synthetic Candidate 2331,Male,Reference Group,REQ-2026-ENG-G1,2026-01-15,Skills Academy,Application Review,Automated job-related knockout criteria not met,3.10,,,,,,,,No,No,
CAND-2026-2332,Synthetic Candidate 2332,Male,Reference Group,REQ-2026-ENG-G1,2026-01-22,Direct Career Portal,Application Review,Automated job-related knockout criteria not met,2.60,,,,,,,,No,No,
CAND-2026-2333,Synthetic Candidate 2333,Male,Reference Group,REQ-2026-ENG-G1,2026-01-16,Regional Hiring Drive,Application Review,Automated job-related knockout criteria not met,3.30,,,,,,,,No,No,
CAND-2026-2334,Synthetic Candidate 2334,Female,Focal Group,REQ-2026-ENG-G1,2026-01-10,Employee Referral,Application Review,Automated job-related knockout criteria not met,2.80,,,,,,,,No,No,
CAND-2026-2335,Synthetic Candidate 2335,Female,Focal Group,REQ-2026-ENG-G1,2026-01-17,LinkedIn Recruiter,Application Review,Automated job-related knockout criteria not met,2.30,,,,,,,,No,No,
CAND-2026-2336,Synthetic Candidate 2336,Male,Reference Group,REQ-2026-ENG-G1,2026-01-11,Skills Academy,Application Review,Automated job-related knockout criteria not met,3.00,,,,,,,,No,No,
CAND-2026-2337,Synthetic Candidate 2337,Male,Reference Group,REQ-2026-ENG-G1,2026-01-18,Direct Career Portal,Application Review,Automated job-related knockout criteria not met,2.50,,,,,,,,No,No,
CAND-2026-2338,Synthetic Candidate 2338,Male,Reference Group,REQ-2026-ENG-G1,2026-01-12,Regional Hiring Drive,Application Review,Automated job-related knockout criteria not met,3.20,,,,,,,,No,No,
CAND-2026-2339,Synthetic Candidate 2339,Female,Focal Group,REQ-2026-ENG-G1,2026-01-19,Employee Referral,Application Review,Automated job-related knockout criteria not met,2.70,,,,,,,,No,No,
CAND-2026-2340,Synthetic Candidate 2340,Female,Focal Group,REQ-2026-ENG-G1,2026-01-13,LinkedIn Recruiter,Application Review,Automated job-related knockout criteria not met,2.20,,,,,,,,No,No,
CAND-2026-2341,Synthetic Candidate 2341,Male,Reference Group,REQ-2026-ENG-G1,2026-01-20,Skills Academy,Application Review,Automated job-related knockout criteria not met,2.90,,,,,,,,No,No,
CAND-2026-2342,Synthetic Candidate 2342,Male,Reference Group,REQ-2026-ENG-G1,2026-01-14,Direct Career Portal,Application Review,Automated job-related knockout criteria not met,2.40,,,,,,,,No,No,
CAND-2026-2343,Synthetic Candidate 2343,Male,Reference Group,REQ-2026-ENG-G1,2026-01-21,Regional Hiring Drive,Application Review,Automated job-related knockout criteria not met,3.10,,,,,,,,No,No,
CAND-2026-2344,Synthetic Candidate 2344,Female,Focal Group,REQ-2026-ENG-G1,2026-01-15,Employee Referral,Application Review,Automated job-related knockout criteria not met,2.60,,,,,,,,No,No,
CAND-2026-2345,Synthetic Candidate 2345,Female,Focal Group,REQ-2026-ENG-G1,2026-01-22,LinkedIn Recruiter,Application Review,Automated job-related knockout criteria not met,3.30,,,,,,,,No,No,
CAND-2026-2346,Synthetic Candidate 2346,Male,Reference Group,REQ-2026-ENG-G1,2026-01-16,Skills Academy,Application Review,Automated job-related knockout criteria not met,2.80,,,,,,,,No,No,
CAND-2026-2347,Synthetic Candidate 2347,Male,Reference Group,REQ-2026-ENG-G1,2026-01-10,Direct Career Portal,Application Review,Automated job-related knockout criteria not met,2.30,,,,,,,,No,No,
CAND-2026-2348,Synthetic Candidate 2348,Male,Reference Group,REQ-2026-ENG-G1,2026-01-17,Regional Hiring Drive,Application Review,Automated job-related knockout criteria not met,3.00,,,,,,,,No,No,
CAND-2026-2349,Synthetic Candidate 2349,Female,Focal Group,REQ-2026-ENG-G1,2026-01-11,Employee Referral,Application Review,Automated job-related knockout criteria not met,2.50,,,,,,,,No,No,
CAND-2026-2350,Synthetic Candidate 2350,Female,Focal Group,REQ-2026-ENG-G1,2026-01-18,LinkedIn Recruiter,Application Review,Automated job-related knockout criteria not met,3.20,,,,,,,,No,No,
CAND-2026-2351,Synthetic Candidate 2351,Male,Reference Group,REQ-2026-ENG-G1,2026-01-12,Skills Academy,Application Review,Automated job-related knockout criteria not met,2.70,,,,,,,,No,No,
CAND-2026-2352,Synthetic Candidate 2352,Male,Reference Group,REQ-2026-ENG-G1,2026-01-19,Direct Career Portal,Application Review,Automated job-related knockout criteria not met,2.20,,,,,,,,No,No,
CAND-2026-2353,Synthetic Candidate 2353,Male,Reference Group,REQ-2026-ENG-G1,2026-01-13,Regional Hiring Drive,Application Review,Automated job-related knockout criteria not met,2.90,,,,,,,,No,No,
CAND-2026-2354,Synthetic Candidate 2354,Female,Focal Group,REQ-2026-ENG-G1,2026-01-20,Employee Referral,Application Review,Automated job-related knockout criteria not met,2.40,,,,,,,,No,No,
CAND-2026-2355,Synthetic Candidate 2355,Female,Focal Group,REQ-2026-ENG-G1,2026-01-14,LinkedIn Recruiter,Application Review,Automated job-related knockout criteria not met,3.10,,,,,,,,No,No,
CAND-2026-2356,Synthetic Candidate 2356,Male,Reference Group,REQ-2026-ENG-G1,2026-01-21,Skills Academy,Application Review,Automated job-related knockout criteria not met,2.60,,,,,,,,No,No,
CAND-2026-2357,Synthetic Candidate 2357,Male,Reference Group,REQ-2026-ENG-G1,2026-01-15,Direct Career Portal,Application Review,Automated job-related knockout criteria not met,3.30,,,,,,,,No,No,
CAND-2026-2358,Synthetic Candidate 2358,Male,Reference Group,REQ-2026-ENG-G1,2026-01-22,Regional Hiring Drive,Application Review,Automated job-related knockout criteria not met,2.80,,,,,,,,No,No,
CAND-2026-2359,Synthetic Candidate 2359,Female,Focal Group,REQ-2026-ENG-G1,2026-01-16,Employee Referral,Application Review,Automated job-related knockout criteria not met,2.30,,,,,,,,No,No,
CAND-2026-2360,Synthetic Candidate 2360,Female,Focal Group,REQ-2026-ENG-G1,2026-01-10,LinkedIn Recruiter,Application Review,Automated job-related knockout criteria not met,3.00,,,,,,,,No,No,
CAND-2026-2361,Synthetic Candidate 2361,Male,Reference Group,REQ-2026-ENG-G1,2026-01-17,Skills Academy,Application Review,Automated job-related knockout criteria not met,2.50,,,,,,,,No,No,
CAND-2026-2362,Synthetic Candidate 2362,Male,Reference Group,REQ-2026-ENG-G1,2026-01-11,Direct Career Portal,Application Review,Automated job-related knockout criteria not met,3.20,,,,,,,,No,No,
CAND-2026-2363,Synthetic Candidate 2363,Male,Reference Group,REQ-2026-ENG-G1,2026-01-18,Regional Hiring Drive,Application Review,Automated job-related knockout criteria not met,2.70,,,,,,,,No,No,
CAND-2026-2364,Synthetic Candidate 2364,Female,Focal Group,REQ-2026-ENG-G1,2026-01-12,Employee Referral,Application Review,Automated job-related knockout criteria not met,2.20,,,,,,,,No,No,
CAND-2026-2365,Synthetic Candidate 2365,Female,Focal Group,REQ-2026-ENG-G1,2026-01-19,LinkedIn Recruiter,Application Review,Automated job-related knockout criteria not met,2.90,,,,,,,,No,No,
CAND-2026-2366,Synthetic Candidate 2366,Male,Reference Group,REQ-2026-ENG-G1,2026-01-13,Skills Academy,Application Review,Automated job-related knockout criteria not met,2.40,,,,,,,,No,No,
CAND-2026-2367,Synthetic Candidate 2367,Male,Reference Group,REQ-2026-ENG-G1,2026-01-20,Direct Career Portal,Application Review,Automated job-related knockout criteria not met,3.10,,,,,,,,No,No,
CAND-2026-2368,Synthetic Candidate 2368,Male,Reference Group,REQ-2026-ENG-G1,2026-01-14,Regional Hiring Drive,Application Review,Automated job-related knockout criteria not met,2.60,,,,,,,,No,No,
CAND-2026-2369,Synthetic Candidate 2369,Female,Focal Group,REQ-2026-ENG-G1,2026-01-21,Employee Referral,Application Review,Automated job-related knockout criteria not met,3.30,,,,,,,,No,No,
CAND-2026-2370,Synthetic Candidate 2370,Female,Focal Group,REQ-2026-ENG-G1,2026-01-15,LinkedIn Recruiter,Application Review,Automated job-related knockout criteria not met,2.80,,,,,,,,No,No,
CAND-2026-2371,Synthetic Candidate 2371,Male,Reference Group,REQ-2026-ENG-G1,2026-01-22,Skills Academy,Application Review,Automated job-related knockout criteria not met,2.30,,,,,,,,No,No,
CAND-2026-2372,Synthetic Candidate 2372,Male,Reference Group,REQ-2026-ENG-G1,2026-01-16,Direct Career Portal,Application Review,Automated job-related knockout criteria not met,3.00,,,,,,,,No,No,
CAND-2026-2373,Synthetic Candidate 2373,Male,Reference Group,REQ-2026-ENG-G1,2026-01-10,Regional Hiring Drive,Application Review,Automated job-related knockout criteria not met,2.50,,,,,,,,No,No,
CAND-2026-2374,Synthetic Candidate 2374,Female,Focal Group,REQ-2026-ENG-G1,2026-01-17,Employee Referral,Application Review,Automated job-related knockout criteria not met,3.20,,,,,,,,No,No,
CAND-2026-2375,Synthetic Candidate 2375,Female,Focal Group,REQ-2026-ENG-G1,2026-01-11,LinkedIn Recruiter,Application Review,Automated job-related knockout criteria not met,2.70,,,,,,,,No,No,
CAND-2026-2376,Synthetic Candidate 2376,Male,Reference Group,REQ-2026-ENG-G1,2026-01-18,Skills Academy,Application Review,Automated job-related knockout criteria not met,2.20,,,,,,,,No,No,
CAND-2026-2377,Synthetic Candidate 2377,Male,Reference Group,REQ-2026-ENG-G1,2026-01-12,Direct Career Portal,Application Review,Automated job-related knockout criteria not met,2.90,,,,,,,,No,No,
CAND-2026-2378,Synthetic Candidate 2378,Male,Reference Group,REQ-2026-ENG-G1,2026-01-19,Regional Hiring Drive,Application Review,Automated job-related knockout criteria not met,2.40,,,,,,,,No,No,
CAND-2026-2379,Synthetic Candidate 2379,Female,Focal Group,REQ-2026-ENG-G1,2026-01-13,Employee Referral,Application Review,Automated job-related knockout criteria not met,3.10,,,,,,,,No,No,
CAND-2026-2380,Synthetic Candidate 2380,Female,Focal Group,REQ-2026-ENG-G1,2026-01-20,LinkedIn Recruiter,Application Review,Automated job-related knockout criteria not met,2.60,,,,,,,,No,No,
CAND-2026-2381,Synthetic Candidate 2381,Male,Reference Group,REQ-2026-ENG-G1,2026-01-14,Skills Academy,Application Review,Automated job-related knockout criteria not met,3.30,,,,,,,,No,No,
CAND-2026-2382,Synthetic Candidate 2382,Male,Reference Group,REQ-2026-ENG-G1,2026-01-21,Direct Career Portal,Application Review,Automated job-related knockout criteria not met,2.80,,,,,,,,No,No,
CAND-2026-2383,Synthetic Candidate 2383,Male,Reference Group,REQ-2026-ENG-G1,2026-01-15,Regional Hiring Drive,Application Review,Automated job-related knockout criteria not met,2.30,,,,,,,,No,No,
CAND-2026-2384,Synthetic Candidate 2384,Female,Focal Group,REQ-2026-ENG-G1,2026-01-22,Employee Referral,Application Review,Automated job-related knockout criteria not met,3.00,,,,,,,,No,No,
CAND-2026-2385,Synthetic Candidate 2385,Female,Focal Group,REQ-2026-ENG-G1,2026-01-16,LinkedIn Recruiter,Application Review,Automated job-related knockout criteria not met,2.50,,,,,,,,No,No,
CAND-2026-2386,Synthetic Candidate 2386,Male,Reference Group,REQ-2026-ENG-G1,2026-01-10,Skills Academy,Application Review,Automated job-related knockout criteria not met,3.20,,,,,,,,No,No,
CAND-2026-2387,Synthetic Candidate 2387,Male,Reference Group,REQ-2026-ENG-G1,2026-01-17,Direct Career Portal,Application Review,Automated job-related knockout criteria not met,2.70,,,,,,,,No,No,
CAND-2026-2388,Synthetic Candidate 2388,Male,Reference Group,REQ-2026-ENG-G1,2026-01-11,Regional Hiring Drive,Application Review,Automated job-related knockout criteria not met,2.20,,,,,,,,No,No,
CAND-2026-2389,Synthetic Candidate 2389,Female,Focal Group,REQ-2026-ENG-G1,2026-01-18,Employee Referral,Application Review,Automated job-related knockout criteria not met,2.90,,,,,,,,No,No,
CAND-2026-2390,Synthetic Candidate 2390,Female,Focal Group,REQ-2026-ENG-G1,2026-01-12,LinkedIn Recruiter,Application Review,Automated job-related knockout criteria not met,2.40,,,,,,,,No,No,
CAND-2026-2391,Synthetic Candidate 2391,Male,Reference Group,REQ-2026-ENG-G1,2026-01-19,Skills Academy,Application Review,Automated job-related knockout criteria not met,3.10,,,,,,,,No,No,
CAND-2026-2392,Synthetic Candidate 2392,Male,Reference Group,REQ-2026-ENG-G1,2026-01-13,Direct Career Portal,Application Review,Automated job-related knockout criteria not met,2.60,,,,,,,,No,No,
CAND-2026-2393,Synthetic Candidate 2393,Male,Reference Group,REQ-2026-ENG-G1,2026-01-20,Regional Hiring Drive,Application Review,Automated job-related knockout criteria not met,3.30,,,,,,,,No,No,
CAND-2026-2394,Synthetic Candidate 2394,Female,Focal Group,REQ-2026-ENG-G1,2026-01-14,Employee Referral,Application Review,Automated job-related knockout criteria not met,2.80,,,,,,,,No,No,
CAND-2026-2395,Synthetic Candidate 2395,Female,Focal Group,REQ-2026-ENG-G1,2026-01-21,LinkedIn Recruiter,Application Review,Automated job-related knockout criteria not met,2.30,,,,,,,,No,No,
CAND-2026-2396,Synthetic Candidate 2396,Male,Reference Group,REQ-2026-ENG-G1,2026-01-15,Skills Academy,Application Review,Automated job-related knockout criteria not met,3.00,,,,,,,,No,No,
CAND-2026-2397,Synthetic Candidate 2397,Male,Reference Group,REQ-2026-ENG-G1,2026-01-22,Direct Career Portal,Application Review,Automated job-related knockout criteria not met,2.50,,,,,,,,No,No,
CAND-2026-2398,Synthetic Candidate 2398,Male,Reference Group,REQ-2026-ENG-G1,2026-01-16,Regional Hiring Drive,Application Review,Automated job-related knockout criteria not met,3.20,,,,,,,,No,No,
CAND-2026-2399,Synthetic Candidate 2399,Female,Focal Group,REQ-2026-ENG-G1,2026-01-10,Employee Referral,Application Review,Automated job-related knockout criteria not met,2.70,,,,,,,,No,No,
CAND-2026-2400,Synthetic Candidate 2400,Female,Focal Group,REQ-2026-ENG-G1,2026-01-17,LinkedIn Recruiter,Application Review,Automated job-related knockout criteria not met,2.20,,,,,,,,No,No,
CAND-2026-2401,Synthetic Candidate 2401,Male,Reference Group,REQ-2026-QUA-G3,2026-02-08,Skills Academy,Hired,Selected - highest governed composite,4.10,4.30,4.80,4.65,4.60,4.70,4.60,-0.10,Yes,Yes,2026-03-03
CAND-2026-2402,Synthetic Candidate 2402,Male,Reference Group,REQ-2026-QUA-G3,2026-02-02,Direct Career Portal,Hired,Selected - highest governed composite,3.40,3.80,4.60,4.63,4.80,4.65,4.45,-0.20,Yes,Yes,2026-03-03
CAND-2026-2403,Synthetic Candidate 2403,Male,Reference Group,REQ-2026-QUA-G3,2026-02-09,Regional Hiring Drive,Hired,Selected - highest governed composite,4.10,3.30,4.90,4.60,4.50,4.70,4.40,-0.30,Yes,Yes,2026-03-03
CAND-2026-2404,Synthetic Candidate 2404,Female,Focal Group,REQ-2026-QUA-G3,2026-02-03,Employee Referral,Hired,Selected - highest governed composite,3.40,4.40,4.80,4.65,4.60,4.70,5.00,0.30,Yes,Yes,2026-03-03
CAND-2026-2405,Synthetic Candidate 2405,Female,Focal Group,REQ-2026-QUA-G3,2026-02-10,LinkedIn Recruiter,Hired,Selected - highest governed composite,4.10,3.90,4.60,4.63,4.80,4.65,5.00,0.35,Yes,Yes,2026-03-03
CAND-2026-2406,Synthetic Candidate 2406,Male,Reference Group,REQ-2026-QUA-G3,2026-02-04,Skills Academy,Hired,Selected - highest governed composite,3.40,3.40,4.70,4.58,4.70,4.65,4.95,0.30,Yes,Yes,2026-03-03
CAND-2026-2407,Synthetic Candidate 2407,Male,Reference Group,REQ-2026-QUA-G3,2026-02-11,Direct Career Portal,Hired,Selected - highest governed composite,4.10,4.50,4.50,4.55,4.40,4.50,4.70,0.20,Yes,Yes,2026-03-03
CAND-2026-2408,Synthetic Candidate 2408,Male,Reference Group,REQ-2026-QUA-G3,2026-02-05,Regional Hiring Drive,Hired,Selected - highest governed composite,3.40,4.00,4.80,4.65,4.60,4.70,4.80,0.10,Yes,Yes,2026-03-03
CAND-2026-2409,Synthetic Candidate 2409,Female,Focal Group,REQ-2026-QUA-G3,2026-02-12,Employee Referral,Hired,Selected - highest governed composite,4.10,3.50,4.90,4.60,4.50,4.70,4.70,0.00,Yes,Yes,2026-03-03
CAND-2026-2410,Synthetic Candidate 2410,Female,Focal Group,REQ-2026-QUA-G3,2026-02-06,LinkedIn Recruiter,Hired,Selected - highest governed composite,3.40,4.60,4.70,4.58,4.70,4.65,4.55,-0.10,Yes,Yes,2026-03-03
CAND-2026-2411,Synthetic Candidate 2411,Male,Reference Group,REQ-2026-QUA-G3,2026-02-13,Skills Academy,Hired,Selected - highest governed composite,4.10,4.10,4.60,4.63,4.80,4.65,4.45,-0.20,Yes,Yes,2026-03-03
CAND-2026-2412,Synthetic Candidate 2412,Male,Reference Group,REQ-2026-QUA-G3,2026-02-07,Direct Career Portal,Hired,Selected - highest governed composite,3.40,3.60,4.90,4.60,4.50,4.70,4.40,-0.30,Yes,Yes,2026-03-03
CAND-2026-2413,Synthetic Candidate 2413,Male,Reference Group,REQ-2026-QUA-G3,2026-02-01,Regional Hiring Drive,Hired,Selected - highest governed composite,4.10,4.70,4.70,4.58,4.70,4.65,5.00,0.35,Yes,Yes,2026-03-03
CAND-2026-2414,Synthetic Candidate 2414,Female,Focal Group,REQ-2026-QUA-G3,2026-02-08,Employee Referral,Hired,Selected - highest governed composite,3.40,4.20,4.50,4.55,4.40,4.50,4.90,0.40,Yes,Yes,2026-03-03
CAND-2026-2415,Synthetic Candidate 2415,Female,Focal Group,REQ-2026-QUA-G3,2026-02-02,LinkedIn Recruiter,Hired,Selected - highest governed composite,4.10,3.70,4.80,4.65,4.60,4.70,5.00,0.30,Yes,Yes,2026-03-03
CAND-2026-2416,Synthetic Candidate 2416,Male,Reference Group,REQ-2026-QUA-G3,2026-02-09,Skills Academy,Interview Complete,Composite below requisition threshold,3.40,3.20,3.40,3.53,3.50,3.47,3.67,0.20,No,No,
CAND-2026-2417,Synthetic Candidate 2417,Male,Reference Group,REQ-2026-QUA-G3,2026-02-03,Direct Career Portal,Interview Complete,Composite below requisition threshold,4.10,4.30,3.90,3.70,4.20,3.88,3.98,0.10,No,No,
CAND-2026-2418,Synthetic Candidate 2418,Male,Reference Group,REQ-2026-QUA-G3,2026-02-10,Regional Hiring Drive,Interview Complete,Composite below requisition threshold,3.40,3.80,3.30,3.60,3.70,3.50,3.50,0.00,No,No,
CAND-2026-2419,Synthetic Candidate 2419,Female,Focal Group,REQ-2026-QUA-G3,2026-02-04,Employee Referral,Interview Complete,Composite below requisition threshold,4.10,3.30,3.80,3.78,3.20,3.67,3.57,-0.10,No,No,
CAND-2026-2420,Synthetic Candidate 2420,Female,Focal Group,REQ-2026-QUA-G3,2026-02-11,LinkedIn Recruiter,Interview Complete,Composite below requisition threshold,3.40,4.40,3.20,3.15,3.90,3.32,3.12,-0.20,No,No,
CAND-2026-2421,Synthetic Candidate 2421,Male,Reference Group,REQ-2026-QUA-G3,2026-02-05,Skills Academy,Interview Complete,Composite below requisition threshold,4.10,3.90,3.70,3.58,3.40,3.59,3.29,-0.30,No,No,
CAND-2026-2422,Synthetic Candidate 2422,Male,Reference Group,REQ-2026-QUA-G3,2026-02-12,Direct Career Portal,Interview Complete,Composite below requisition threshold,3.40,3.40,4.20,3.75,4.10,4.00,4.50,0.50,No,No,
CAND-2026-2423,Synthetic Candidate 2423,Male,Reference Group,REQ-2026-QUA-G3,2026-02-06,Regional Hiring Drive,Interview Complete,Composite below requisition threshold,4.10,4.50,3.60,3.65,3.60,3.62,4.02,0.40,No,No,
CAND-2026-2424,Synthetic Candidate 2424,Female,Focal Group,REQ-2026-QUA-G3,2026-02-13,Employee Referral,Interview Complete,Composite below requisition threshold,3.40,4.00,4.10,3.83,3.10,3.79,4.09,0.30,No,No,
CAND-2026-2425,Synthetic Candidate 2425,Female,Focal Group,REQ-2026-QUA-G3,2026-02-07,LinkedIn Recruiter,Interview Complete,Composite below requisition threshold,4.10,3.50,3.50,3.73,3.80,3.65,3.85,0.20,No,No,
CAND-2026-2426,Synthetic Candidate 2426,Male,Reference Group,REQ-2026-QUA-G3,2026-02-01,Skills Academy,Interview Complete,Composite below requisition threshold,3.40,4.60,4.00,3.63,3.30,3.71,3.81,0.10,No,No,
CAND-2026-2427,Synthetic Candidate 2427,Male,Reference Group,REQ-2026-QUA-G3,2026-02-08,Direct Career Portal,Interview Complete,Composite below requisition threshold,4.10,4.10,3.40,3.53,4.00,3.57,3.57,0.00,No,No,
CAND-2026-2428,Synthetic Candidate 2428,Male,Reference Group,REQ-2026-QUA-G3,2026-02-02,Regional Hiring Drive,Interview Complete,Composite below requisition threshold,3.40,3.60,3.90,3.70,3.50,3.74,3.64,-0.10,No,No,
CAND-2026-2429,Synthetic Candidate 2429,Female,Focal Group,REQ-2026-QUA-G3,2026-02-09,Employee Referral,Interview Complete,Composite below requisition threshold,4.10,4.70,3.30,3.60,4.20,3.60,3.40,-0.20,No,No,
CAND-2026-2430,Synthetic Candidate 2430,Female,Focal Group,REQ-2026-QUA-G3,2026-02-03,LinkedIn Recruiter,Interview Complete,Composite below requisition threshold,3.40,4.20,3.80,3.53,3.70,3.67,3.37,-0.30,No,No,
CAND-2026-2431,Synthetic Candidate 2431,Male,Reference Group,REQ-2026-QUA-G3,2026-02-10,Skills Academy,Interview Complete,Composite below requisition threshold,4.10,3.70,3.20,3.40,3.20,3.28,3.78,0.50,No,No,
CAND-2026-2432,Synthetic Candidate 2432,Male,Reference Group,REQ-2026-QUA-G3,2026-02-04,Direct Career Portal,Interview Complete,Composite below requisition threshold,3.40,3.20,3.70,3.58,3.90,3.69,4.09,0.40,No,No,
CAND-2026-2433,Synthetic Candidate 2433,Male,Reference Group,REQ-2026-QUA-G3,2026-02-11,Regional Hiring Drive,Interview Complete,Composite below requisition threshold,4.10,4.30,4.20,3.75,3.40,3.86,4.16,0.30,No,No,
CAND-2026-2434,Synthetic Candidate 2434,Female,Focal Group,REQ-2026-QUA-G3,2026-02-05,Employee Referral,Interview Complete,Composite below requisition threshold,3.40,3.80,3.60,3.65,4.10,3.72,3.92,0.20,No,No,
CAND-2026-2435,Synthetic Candidate 2435,Female,Focal Group,REQ-2026-QUA-G3,2026-02-12,LinkedIn Recruiter,Interview Complete,Composite below requisition threshold,4.10,3.30,4.10,3.83,3.60,3.89,3.99,0.10,No,No,
CAND-2026-2436,Synthetic Candidate 2436,Male,Reference Group,REQ-2026-QUA-G3,2026-02-06,Skills Academy,Interview Complete,Composite below requisition threshold,3.40,4.40,3.50,3.73,3.10,3.51,3.51,0.00,No,No,
CAND-2026-2437,Synthetic Candidate 2437,Male,Reference Group,REQ-2026-QUA-G3,2026-02-13,Direct Career Portal,Interview Complete,Composite below requisition threshold,4.10,3.90,4.00,3.63,3.80,3.81,3.71,-0.10,No,No,
CAND-2026-2438,Synthetic Candidate 2438,Male,Reference Group,REQ-2026-QUA-G3,2026-02-07,Regional Hiring Drive,Interview Complete,Composite below requisition threshold,3.40,3.40,3.40,3.53,3.30,3.43,3.23,-0.20,No,No,
CAND-2026-2439,Synthetic Candidate 2439,Female,Focal Group,REQ-2026-QUA-G3,2026-02-01,Employee Referral,Interview Complete,Composite below requisition threshold,4.10,4.50,3.90,3.70,4.00,3.84,3.54,-0.30,No,No,
CAND-2026-2440,Synthetic Candidate 2440,Female,Focal Group,REQ-2026-QUA-G3,2026-02-08,LinkedIn Recruiter,Interview Complete,Composite below requisition threshold,3.40,4.00,3.30,3.35,3.50,3.36,3.86,0.50,No,No,
CAND-2026-2441,Synthetic Candidate 2441,Male,Reference Group,REQ-2026-QUA-G3,2026-02-02,Skills Academy,Interview Complete,Composite below requisition threshold,4.10,3.50,3.80,3.78,4.20,3.87,4.27,0.40,No,No,
CAND-2026-2442,Synthetic Candidate 2442,Male,Reference Group,REQ-2026-QUA-G3,2026-02-09,Direct Career Portal,Interview Complete,Composite below requisition threshold,3.40,4.60,3.20,3.40,3.70,3.38,3.68,0.30,No,No,
CAND-2026-2443,Synthetic Candidate 2443,Male,Reference Group,REQ-2026-QUA-G3,2026-02-03,Regional Hiring Drive,Interview Complete,Composite below requisition threshold,4.10,4.10,3.70,3.58,3.20,3.55,3.75,0.20,No,No,
CAND-2026-2444,Synthetic Candidate 2444,Female,Focal Group,REQ-2026-QUA-G3,2026-02-10,Employee Referral,Interview Complete,Composite below requisition threshold,3.40,3.60,4.20,3.75,3.90,3.96,4.06,0.10,No,No,
CAND-2026-2445,Synthetic Candidate 2445,Female,Focal Group,REQ-2026-QUA-G3,2026-02-04,LinkedIn Recruiter,Interview Complete,Composite below requisition threshold,4.10,4.70,3.60,3.65,3.40,3.58,3.58,0.00,No,No,
CAND-2026-2446,Synthetic Candidate 2446,Male,Reference Group,REQ-2026-QUA-G3,2026-02-11,Skills Academy,Interview Complete,Composite below requisition threshold,3.40,4.20,4.10,3.83,4.10,3.99,3.89,-0.10,No,No,
CAND-2026-2447,Synthetic Candidate 2447,Male,Reference Group,REQ-2026-QUA-G3,2026-02-05,Direct Career Portal,Interview Complete,Composite below requisition threshold,4.10,3.70,3.50,3.73,3.60,3.61,3.41,-0.20,No,No,
CAND-2026-2448,Synthetic Candidate 2448,Male,Reference Group,REQ-2026-QUA-G3,2026-02-12,Regional Hiring Drive,Interview Complete,Composite below requisition threshold,3.40,3.20,4.00,3.63,3.10,3.67,3.37,-0.30,No,No,
CAND-2026-2449,Synthetic Candidate 2449,Female,Focal Group,REQ-2026-QUA-G3,2026-02-06,Employee Referral,Interview Complete,Composite below requisition threshold,4.10,4.30,3.40,3.53,3.80,3.53,4.03,0.50,No,No,
CAND-2026-2450,Synthetic Candidate 2450,Female,Focal Group,REQ-2026-QUA-G3,2026-02-13,LinkedIn Recruiter,Interview Complete,Composite below requisition threshold,3.40,3.80,3.90,3.45,3.30,3.60,4.00,0.40,No,No,
CAND-2026-2451,Synthetic Candidate 2451,Male,Reference Group,REQ-2026-QUA-G3,2026-02-07,Skills Academy,Interview Complete,Composite below requisition threshold,4.10,3.30,3.30,3.60,4.00,3.56,3.86,0.30,No,No,
CAND-2026-2452,Synthetic Candidate 2452,Male,Reference Group,REQ-2026-QUA-G3,2026-02-01,Direct Career Portal,Interview Complete,Composite below requisition threshold,3.40,4.40,3.80,3.78,3.50,3.73,3.93,0.20,No,No,
CAND-2026-2453,Synthetic Candidate 2453,Male,Reference Group,REQ-2026-QUA-G3,2026-02-08,Regional Hiring Drive,Interview Complete,Composite below requisition threshold,4.10,3.90,3.20,3.40,4.20,3.48,3.58,0.10,No,No,
CAND-2026-2454,Synthetic Candidate 2454,Female,Focal Group,REQ-2026-QUA-G3,2026-02-02,Employee Referral,Interview Complete,Composite below requisition threshold,3.40,3.40,3.70,3.58,3.70,3.65,3.65,0.00,No,No,
CAND-2026-2455,Synthetic Candidate 2455,Female,Focal Group,REQ-2026-QUA-G3,2026-02-09,LinkedIn Recruiter,Interview Complete,Composite below requisition threshold,4.10,4.50,4.20,3.75,3.20,3.82,3.72,-0.10,No,No,
CAND-2026-2456,Synthetic Candidate 2456,Male,Reference Group,REQ-2026-QUA-G3,2026-02-03,Skills Academy,Interview Complete,Composite below requisition threshold,3.40,4.00,3.60,3.65,3.90,3.68,3.48,-0.20,No,No,
CAND-2026-2457,Synthetic Candidate 2457,Male,Reference Group,REQ-2026-QUA-G3,2026-02-10,Direct Career Portal,Interview Complete,Composite below requisition threshold,4.10,3.50,4.10,3.83,3.40,3.85,3.55,-0.30,No,No,
CAND-2026-2458,Synthetic Candidate 2458,Male,Reference Group,REQ-2026-QUA-G3,2026-02-04,Regional Hiring Drive,Interview Complete,Composite below requisition threshold,3.40,4.60,3.50,3.73,4.10,3.71,4.21,0.50,No,No,
CAND-2026-2459,Synthetic Candidate 2459,Female,Focal Group,REQ-2026-QUA-G3,2026-02-11,Employee Referral,Interview Complete,Composite below requisition threshold,4.10,4.10,4.00,3.63,3.60,3.77,4.17,0.40,No,No,
CAND-2026-2460,Synthetic Candidate 2460,Female,Focal Group,REQ-2026-QUA-G3,2026-02-05,LinkedIn Recruiter,Interview Complete,Composite below requisition threshold,3.40,3.60,3.40,3.28,3.10,3.29,3.59,0.30,No,No,
CAND-2026-2461,Synthetic Candidate 2461,Male,Reference Group,REQ-2026-QUA-G3,2026-02-12,Skills Academy,Interview Complete,Composite below requisition threshold,4.10,4.70,3.90,3.70,3.80,3.80,4.00,0.20,No,No,
CAND-2026-2462,Synthetic Candidate 2462,Male,Reference Group,REQ-2026-QUA-G3,2026-02-06,Direct Career Portal,Interview Complete,Composite below requisition threshold,3.40,4.20,3.30,3.60,3.30,3.42,3.52,0.10,No,No,
CAND-2026-2463,Synthetic Candidate 2463,Male,Reference Group,REQ-2026-QUA-G3,2026-02-13,Regional Hiring Drive,Interview Complete,Composite below requisition threshold,4.10,3.70,3.80,3.78,4.00,3.83,3.83,0.00,No,No,
CAND-2026-2464,Synthetic Candidate 2464,Female,Focal Group,REQ-2026-QUA-G3,2026-02-07,Employee Referral,Interview Complete,Composite below requisition threshold,3.40,3.20,3.20,3.40,3.50,3.34,3.24,-0.10,No,No,
CAND-2026-2465,Synthetic Candidate 2465,Female,Focal Group,REQ-2026-QUA-G3,2026-02-01,LinkedIn Recruiter,Interview Complete,Composite below requisition threshold,4.10,4.30,3.70,3.58,4.20,3.75,3.55,-0.20,No,No,
CAND-2026-2466,Synthetic Candidate 2466,Male,Reference Group,REQ-2026-QUA-G3,2026-02-08,Skills Academy,Interview Complete,Composite below requisition threshold,3.40,3.80,4.20,3.75,3.70,3.92,3.62,-0.30,No,No,
CAND-2026-2467,Synthetic Candidate 2467,Male,Reference Group,REQ-2026-QUA-G3,2026-02-02,Direct Career Portal,Interview Complete,Composite below requisition threshold,4.10,3.30,3.60,3.65,3.20,3.54,4.04,0.50,No,No,
CAND-2026-2468,Synthetic Candidate 2468,Male,Reference Group,REQ-2026-QUA-G3,2026-02-09,Regional Hiring Drive,Interview Complete,Composite below requisition threshold,3.40,4.40,4.10,3.83,3.90,3.95,4.35,0.40,No,No,
CAND-2026-2469,Synthetic Candidate 2469,Female,Focal Group,REQ-2026-QUA-G3,2026-02-03,Employee Referral,Interview Complete,Composite below requisition threshold,4.10,3.90,3.50,3.73,3.40,3.57,3.87,0.30,No,No,
CAND-2026-2470,Synthetic Candidate 2470,Female,Focal Group,REQ-2026-QUA-G3,2026-02-10,LinkedIn Recruiter,Interview Complete,Composite below requisition threshold,3.40,3.40,4.00,3.38,4.10,3.77,3.97,0.20,No,No,
CAND-2026-2471,Synthetic Candidate 2471,Male,Reference Group,REQ-2026-QUA-G3,2026-02-04,Skills Academy,Interview Complete,Composite below requisition threshold,4.10,4.50,3.40,3.53,3.60,3.49,3.59,0.10,No,No,
CAND-2026-2472,Synthetic Candidate 2472,Male,Reference Group,REQ-2026-QUA-G3,2026-02-11,Direct Career Portal,Interview Complete,Composite below requisition threshold,3.40,4.00,3.90,3.70,3.10,3.66,3.66,0.00,No,No,
CAND-2026-2473,Synthetic Candidate 2473,Male,Reference Group,REQ-2026-QUA-G3,2026-02-05,Regional Hiring Drive,Interview Complete,Composite below requisition threshold,4.10,3.50,3.30,3.60,3.80,3.52,3.42,-0.10,No,No,
CAND-2026-2474,Synthetic Candidate 2474,Female,Focal Group,REQ-2026-QUA-G3,2026-02-12,Employee Referral,Interview Complete,Composite below requisition threshold,3.40,4.60,3.80,3.78,3.30,3.69,3.49,-0.20,No,No,
CAND-2026-2475,Synthetic Candidate 2475,Female,Focal Group,REQ-2026-QUA-G3,2026-02-06,LinkedIn Recruiter,Interview Complete,Composite below requisition threshold,4.10,4.10,3.20,3.40,4.00,3.44,3.14,-0.30,No,No,
CAND-2026-2476,Synthetic Candidate 2476,Male,Reference Group,REQ-2026-QUA-G3,2026-02-13,Skills Academy,Shortlisted,Not advanced to standardized assessment,3.40,3.60,,,,,,,No,No,
CAND-2026-2477,Synthetic Candidate 2477,Male,Reference Group,REQ-2026-QUA-G3,2026-02-07,Direct Career Portal,Shortlisted,Not advanced to standardized assessment,4.10,4.70,,,,,,,No,No,
CAND-2026-2478,Synthetic Candidate 2478,Male,Reference Group,REQ-2026-QUA-G3,2026-02-01,Regional Hiring Drive,Shortlisted,Not advanced to standardized assessment,3.40,4.20,,,,,,,No,No,
CAND-2026-2479,Synthetic Candidate 2479,Female,Focal Group,REQ-2026-QUA-G3,2026-02-08,Employee Referral,Shortlisted,Not advanced to standardized assessment,4.10,3.70,,,,,,,No,No,
CAND-2026-2480,Synthetic Candidate 2480,Female,Focal Group,REQ-2026-QUA-G3,2026-02-02,LinkedIn Recruiter,Shortlisted,Not advanced to standardized assessment,3.40,3.20,,,,,,,No,No,
CAND-2026-2481,Synthetic Candidate 2481,Male,Reference Group,REQ-2026-QUA-G3,2026-02-09,Skills Academy,Shortlisted,Not advanced to standardized assessment,4.10,4.30,,,,,,,No,No,
CAND-2026-2482,Synthetic Candidate 2482,Male,Reference Group,REQ-2026-QUA-G3,2026-02-03,Direct Career Portal,Shortlisted,Not advanced to standardized assessment,3.40,3.80,,,,,,,No,No,
CAND-2026-2483,Synthetic Candidate 2483,Male,Reference Group,REQ-2026-QUA-G3,2026-02-10,Regional Hiring Drive,Shortlisted,Not advanced to standardized assessment,4.10,3.30,,,,,,,No,No,
CAND-2026-2484,Synthetic Candidate 2484,Female,Focal Group,REQ-2026-QUA-G3,2026-02-04,Employee Referral,Shortlisted,Not advanced to standardized assessment,3.40,4.40,,,,,,,No,No,
CAND-2026-2485,Synthetic Candidate 2485,Female,Focal Group,REQ-2026-QUA-G3,2026-02-11,LinkedIn Recruiter,Shortlisted,Not advanced to standardized assessment,4.10,3.90,,,,,,,No,No,
CAND-2026-2486,Synthetic Candidate 2486,Male,Reference Group,REQ-2026-QUA-G3,2026-02-05,Skills Academy,Shortlisted,Not advanced to standardized assessment,3.40,3.40,,,,,,,No,No,
CAND-2026-2487,Synthetic Candidate 2487,Male,Reference Group,REQ-2026-QUA-G3,2026-02-12,Direct Career Portal,Shortlisted,Not advanced to standardized assessment,4.10,4.50,,,,,,,No,No,
CAND-2026-2488,Synthetic Candidate 2488,Male,Reference Group,REQ-2026-QUA-G3,2026-02-06,Regional Hiring Drive,Shortlisted,Not advanced to standardized assessment,3.40,4.00,,,,,,,No,No,
CAND-2026-2489,Synthetic Candidate 2489,Female,Focal Group,REQ-2026-QUA-G3,2026-02-13,Employee Referral,Shortlisted,Not advanced to standardized assessment,4.10,3.50,,,,,,,No,No,
CAND-2026-2490,Synthetic Candidate 2490,Female,Focal Group,REQ-2026-QUA-G3,2026-02-07,LinkedIn Recruiter,Shortlisted,Not advanced to standardized assessment,3.40,4.60,,,,,,,No,No,
CAND-2026-2491,Synthetic Candidate 2491,Male,Reference Group,REQ-2026-QUA-G3,2026-02-01,Skills Academy,Shortlisted,Not advanced to standardized assessment,4.10,4.10,,,,,,,No,No,
CAND-2026-2492,Synthetic Candidate 2492,Male,Reference Group,REQ-2026-QUA-G3,2026-02-08,Direct Career Portal,Shortlisted,Not advanced to standardized assessment,3.40,3.60,,,,,,,No,No,
CAND-2026-2493,Synthetic Candidate 2493,Male,Reference Group,REQ-2026-QUA-G3,2026-02-02,Regional Hiring Drive,Shortlisted,Not advanced to standardized assessment,4.10,4.70,,,,,,,No,No,
CAND-2026-2494,Synthetic Candidate 2494,Female,Focal Group,REQ-2026-QUA-G3,2026-02-09,Employee Referral,Shortlisted,Not advanced to standardized assessment,3.40,4.20,,,,,,,No,No,
CAND-2026-2495,Synthetic Candidate 2495,Female,Focal Group,REQ-2026-QUA-G3,2026-02-03,LinkedIn Recruiter,Shortlisted,Not advanced to standardized assessment,4.10,3.70,,,,,,,No,No,
CAND-2026-2496,Synthetic Candidate 2496,Male,Reference Group,REQ-2026-QUA-G3,2026-02-10,Skills Academy,Shortlisted,Not advanced to standardized assessment,3.40,3.20,,,,,,,No,No,
CAND-2026-2497,Synthetic Candidate 2497,Male,Reference Group,REQ-2026-QUA-G3,2026-02-04,Direct Career Portal,Shortlisted,Not advanced to standardized assessment,4.10,4.30,,,,,,,No,No,
CAND-2026-2498,Synthetic Candidate 2498,Male,Reference Group,REQ-2026-QUA-G3,2026-02-11,Regional Hiring Drive,Shortlisted,Not advanced to standardized assessment,3.40,3.80,,,,,,,No,No,
CAND-2026-2499,Synthetic Candidate 2499,Female,Focal Group,REQ-2026-QUA-G3,2026-02-05,Employee Referral,Shortlisted,Not advanced to standardized assessment,4.10,3.30,,,,,,,No,No,
CAND-2026-2500,Synthetic Candidate 2500,Female,Focal Group,REQ-2026-QUA-G3,2026-02-12,LinkedIn Recruiter,Shortlisted,Not advanced to standardized assessment,3.40,4.40,,,,,,,No,No,
CAND-2026-2501,Synthetic Candidate 2501,Male,Reference Group,REQ-2026-QUA-G3,2026-02-06,Skills Academy,Shortlisted,Not advanced to standardized assessment,4.10,3.90,,,,,,,No,No,
CAND-2026-2502,Synthetic Candidate 2502,Male,Reference Group,REQ-2026-QUA-G3,2026-02-13,Direct Career Portal,Shortlisted,Not advanced to standardized assessment,3.40,3.40,,,,,,,No,No,
CAND-2026-2503,Synthetic Candidate 2503,Male,Reference Group,REQ-2026-QUA-G3,2026-02-07,Regional Hiring Drive,Shortlisted,Not advanced to standardized assessment,4.10,4.50,,,,,,,No,No,
CAND-2026-2504,Synthetic Candidate 2504,Female,Focal Group,REQ-2026-QUA-G3,2026-02-01,Employee Referral,Shortlisted,Not advanced to standardized assessment,3.40,4.00,,,,,,,No,No,
CAND-2026-2505,Synthetic Candidate 2505,Female,Focal Group,REQ-2026-QUA-G3,2026-02-08,LinkedIn Recruiter,Shortlisted,Not advanced to standardized assessment,4.10,3.50,,,,,,,No,No,
CAND-2026-2506,Synthetic Candidate 2506,Male,Reference Group,REQ-2026-QUA-G3,2026-02-02,Skills Academy,Shortlisted,Not advanced to standardized assessment,3.40,4.60,,,,,,,No,No,
CAND-2026-2507,Synthetic Candidate 2507,Male,Reference Group,REQ-2026-QUA-G3,2026-02-09,Direct Career Portal,Shortlisted,Not advanced to standardized assessment,4.10,4.10,,,,,,,No,No,
CAND-2026-2508,Synthetic Candidate 2508,Male,Reference Group,REQ-2026-QUA-G3,2026-02-03,Regional Hiring Drive,Shortlisted,Not advanced to standardized assessment,3.40,3.60,,,,,,,No,No,
CAND-2026-2509,Synthetic Candidate 2509,Female,Focal Group,REQ-2026-QUA-G3,2026-02-10,Employee Referral,Shortlisted,Not advanced to standardized assessment,4.10,4.70,,,,,,,No,No,
CAND-2026-2510,Synthetic Candidate 2510,Female,Focal Group,REQ-2026-QUA-G3,2026-02-04,LinkedIn Recruiter,Shortlisted,Not advanced to standardized assessment,3.40,4.20,,,,,,,No,No,
CAND-2026-2511,Synthetic Candidate 2511,Male,Reference Group,REQ-2026-QUA-G3,2026-02-11,Skills Academy,Shortlisted,Not advanced to standardized assessment,4.10,3.70,,,,,,,No,No,
CAND-2026-2512,Synthetic Candidate 2512,Male,Reference Group,REQ-2026-QUA-G3,2026-02-05,Direct Career Portal,Shortlisted,Not advanced to standardized assessment,3.40,3.20,,,,,,,No,No,
CAND-2026-2513,Synthetic Candidate 2513,Male,Reference Group,REQ-2026-QUA-G3,2026-02-12,Regional Hiring Drive,Shortlisted,Not advanced to standardized assessment,4.10,4.30,,,,,,,No,No,
CAND-2026-2514,Synthetic Candidate 2514,Female,Focal Group,REQ-2026-QUA-G3,2026-02-06,Employee Referral,Shortlisted,Not advanced to standardized assessment,3.40,3.80,,,,,,,No,No,
CAND-2026-2515,Synthetic Candidate 2515,Female,Focal Group,REQ-2026-QUA-G3,2026-02-13,LinkedIn Recruiter,Shortlisted,Not advanced to standardized assessment,4.10,3.30,,,,,,,No,No,
CAND-2026-2516,Synthetic Candidate 2516,Male,Reference Group,REQ-2026-QUA-G3,2026-02-07,Skills Academy,Shortlisted,Not advanced to standardized assessment,3.40,4.40,,,,,,,No,No,
CAND-2026-2517,Synthetic Candidate 2517,Male,Reference Group,REQ-2026-QUA-G3,2026-02-01,Direct Career Portal,Shortlisted,Not advanced to standardized assessment,4.10,3.90,,,,,,,No,No,
CAND-2026-2518,Synthetic Candidate 2518,Male,Reference Group,REQ-2026-QUA-G3,2026-02-08,Regional Hiring Drive,Shortlisted,Not advanced to standardized assessment,3.40,3.40,,,,,,,No,No,
CAND-2026-2519,Synthetic Candidate 2519,Female,Focal Group,REQ-2026-QUA-G3,2026-02-02,Employee Referral,Shortlisted,Not advanced to standardized assessment,4.10,4.50,,,,,,,No,No,
CAND-2026-2520,Synthetic Candidate 2520,Female,Focal Group,REQ-2026-QUA-G3,2026-02-09,LinkedIn Recruiter,Shortlisted,Not advanced to standardized assessment,3.40,4.00,,,,,,,No,No,
CAND-2026-2521,Synthetic Candidate 2521,Male,Reference Group,REQ-2026-QUA-G3,2026-02-03,Skills Academy,Shortlisted,Not advanced to standardized assessment,4.10,3.50,,,,,,,No,No,
CAND-2026-2522,Synthetic Candidate 2522,Male,Reference Group,REQ-2026-QUA-G3,2026-02-10,Direct Career Portal,Shortlisted,Not advanced to standardized assessment,3.40,4.60,,,,,,,No,No,
CAND-2026-2523,Synthetic Candidate 2523,Male,Reference Group,REQ-2026-QUA-G3,2026-02-04,Regional Hiring Drive,Shortlisted,Not advanced to standardized assessment,4.10,4.10,,,,,,,No,No,
CAND-2026-2524,Synthetic Candidate 2524,Female,Focal Group,REQ-2026-QUA-G3,2026-02-11,Employee Referral,Shortlisted,Not advanced to standardized assessment,3.40,3.60,,,,,,,No,No,
CAND-2026-2525,Synthetic Candidate 2525,Female,Focal Group,REQ-2026-QUA-G3,2026-02-05,LinkedIn Recruiter,Shortlisted,Not advanced to standardized assessment,4.10,4.70,,,,,,,No,No,
CAND-2026-2526,Synthetic Candidate 2526,Male,Reference Group,REQ-2026-QUA-G3,2026-02-12,Skills Academy,Shortlisted,Not advanced to standardized assessment,3.40,4.20,,,,,,,No,No,
CAND-2026-2527,Synthetic Candidate 2527,Male,Reference Group,REQ-2026-QUA-G3,2026-02-06,Direct Career Portal,Shortlisted,Not advanced to standardized assessment,4.10,3.70,,,,,,,No,No,
CAND-2026-2528,Synthetic Candidate 2528,Male,Reference Group,REQ-2026-QUA-G3,2026-02-13,Regional Hiring Drive,Shortlisted,Not advanced to standardized assessment,3.40,3.20,,,,,,,No,No,
CAND-2026-2529,Synthetic Candidate 2529,Female,Focal Group,REQ-2026-QUA-G3,2026-02-07,Employee Referral,Shortlisted,Not advanced to standardized assessment,4.10,4.30,,,,,,,No,No,
CAND-2026-2530,Synthetic Candidate 2530,Female,Focal Group,REQ-2026-QUA-G3,2026-02-01,LinkedIn Recruiter,Shortlisted,Not advanced to standardized assessment,3.40,3.80,,,,,,,No,No,
CAND-2026-2531,Synthetic Candidate 2531,Male,Reference Group,REQ-2026-QUA-G3,2026-02-08,Skills Academy,Shortlisted,Not advanced to standardized assessment,4.10,3.30,,,,,,,No,No,
CAND-2026-2532,Synthetic Candidate 2532,Male,Reference Group,REQ-2026-QUA-G3,2026-02-02,Direct Career Portal,Shortlisted,Not advanced to standardized assessment,3.40,4.40,,,,,,,No,No,
CAND-2026-2533,Synthetic Candidate 2533,Male,Reference Group,REQ-2026-QUA-G3,2026-02-09,Regional Hiring Drive,Shortlisted,Not advanced to standardized assessment,4.10,3.90,,,,,,,No,No,
CAND-2026-2534,Synthetic Candidate 2534,Female,Focal Group,REQ-2026-QUA-G3,2026-02-03,Employee Referral,Shortlisted,Not advanced to standardized assessment,3.40,3.40,,,,,,,No,No,
CAND-2026-2535,Synthetic Candidate 2535,Female,Focal Group,REQ-2026-QUA-G3,2026-02-10,LinkedIn Recruiter,Shortlisted,Not advanced to standardized assessment,4.10,4.50,,,,,,,No,No,
CAND-2026-2536,Synthetic Candidate 2536,Male,Reference Group,REQ-2026-QUA-G3,2026-02-04,Skills Academy,Shortlisted,Not advanced to standardized assessment,3.40,4.00,,,,,,,No,No,
CAND-2026-2537,Synthetic Candidate 2537,Male,Reference Group,REQ-2026-QUA-G3,2026-02-11,Direct Career Portal,Shortlisted,Not advanced to standardized assessment,4.10,3.50,,,,,,,No,No,
CAND-2026-2538,Synthetic Candidate 2538,Male,Reference Group,REQ-2026-QUA-G3,2026-02-05,Regional Hiring Drive,Shortlisted,Not advanced to standardized assessment,3.40,4.60,,,,,,,No,No,
CAND-2026-2539,Synthetic Candidate 2539,Female,Focal Group,REQ-2026-QUA-G3,2026-02-12,Employee Referral,Application Review,Automated job-related knockout criteria not met,2.30,,,,,,,,No,No,
CAND-2026-2540,Synthetic Candidate 2540,Female,Focal Group,REQ-2026-QUA-G3,2026-02-06,LinkedIn Recruiter,Application Review,Automated job-related knockout criteria not met,3.00,,,,,,,,No,No,
CAND-2026-2541,Synthetic Candidate 2541,Male,Reference Group,REQ-2026-QUA-G3,2026-02-13,Skills Academy,Shortlisted,Not advanced to standardized assessment,4.10,4.70,,,,,,,No,No,
CAND-2026-2542,Synthetic Candidate 2542,Male,Reference Group,REQ-2026-QUA-G3,2026-02-07,Direct Career Portal,Shortlisted,Not advanced to standardized assessment,3.40,4.20,,,,,,,No,No,
CAND-2026-2543,Synthetic Candidate 2543,Male,Reference Group,REQ-2026-QUA-G3,2026-02-01,Regional Hiring Drive,Shortlisted,Not advanced to standardized assessment,4.10,3.70,,,,,,,No,No,
CAND-2026-2544,Synthetic Candidate 2544,Female,Focal Group,REQ-2026-QUA-G3,2026-02-08,Employee Referral,Application Review,Automated job-related knockout criteria not met,2.20,,,,,,,,No,No,
CAND-2026-2545,Synthetic Candidate 2545,Female,Focal Group,REQ-2026-QUA-G3,2026-02-02,LinkedIn Recruiter,Application Review,Automated job-related knockout criteria not met,2.90,,,,,,,,No,No,
CAND-2026-2546,Synthetic Candidate 2546,Male,Reference Group,REQ-2026-QUA-G3,2026-02-09,Skills Academy,Shortlisted,Not advanced to standardized assessment,3.40,3.80,,,,,,,No,No,
CAND-2026-2547,Synthetic Candidate 2547,Male,Reference Group,REQ-2026-QUA-G3,2026-02-03,Direct Career Portal,Shortlisted,Not advanced to standardized assessment,4.10,3.30,,,,,,,No,No,
CAND-2026-2548,Synthetic Candidate 2548,Male,Reference Group,REQ-2026-QUA-G3,2026-02-10,Regional Hiring Drive,Shortlisted,Not advanced to standardized assessment,3.40,4.40,,,,,,,No,No,
CAND-2026-2549,Synthetic Candidate 2549,Female,Focal Group,REQ-2026-QUA-G3,2026-02-04,Employee Referral,Application Review,Automated job-related knockout criteria not met,3.30,,,,,,,,No,No,
CAND-2026-2550,Synthetic Candidate 2550,Female,Focal Group,REQ-2026-QUA-G3,2026-02-11,LinkedIn Recruiter,Application Review,Automated job-related knockout criteria not met,2.80,,,,,,,,No,No,
CAND-2026-2551,Synthetic Candidate 2551,Male,Reference Group,REQ-2026-QUA-G3,2026-02-05,Skills Academy,Shortlisted,Not advanced to standardized assessment,4.10,4.50,,,,,,,No,No,
CAND-2026-2552,Synthetic Candidate 2552,Male,Reference Group,REQ-2026-QUA-G3,2026-02-12,Direct Career Portal,Shortlisted,Not advanced to standardized assessment,3.40,4.00,,,,,,,No,No,
CAND-2026-2553,Synthetic Candidate 2553,Male,Reference Group,REQ-2026-QUA-G3,2026-02-06,Regional Hiring Drive,Shortlisted,Not advanced to standardized assessment,4.10,3.50,,,,,,,No,No,
CAND-2026-2554,Synthetic Candidate 2554,Female,Focal Group,REQ-2026-QUA-G3,2026-02-13,Employee Referral,Application Review,Automated job-related knockout criteria not met,3.20,,,,,,,,No,No,
CAND-2026-2555,Synthetic Candidate 2555,Female,Focal Group,REQ-2026-QUA-G3,2026-02-07,LinkedIn Recruiter,Application Review,Automated job-related knockout criteria not met,2.70,,,,,,,,No,No,
CAND-2026-2556,Synthetic Candidate 2556,Male,Reference Group,REQ-2026-QUA-G3,2026-02-01,Skills Academy,Shortlisted,Not advanced to standardized assessment,3.40,3.60,,,,,,,No,No,
CAND-2026-2557,Synthetic Candidate 2557,Male,Reference Group,REQ-2026-QUA-G3,2026-02-08,Direct Career Portal,Application Review,Automated job-related knockout criteria not met,2.90,,,,,,,,No,No,
CAND-2026-2558,Synthetic Candidate 2558,Male,Reference Group,REQ-2026-QUA-G3,2026-02-02,Regional Hiring Drive,Application Review,Automated job-related knockout criteria not met,2.40,,,,,,,,No,No,
CAND-2026-2559,Synthetic Candidate 2559,Female,Focal Group,REQ-2026-QUA-G3,2026-02-09,Employee Referral,Application Review,Automated job-related knockout criteria not met,3.10,,,,,,,,No,No,
CAND-2026-2560,Synthetic Candidate 2560,Female,Focal Group,REQ-2026-QUA-G3,2026-02-03,LinkedIn Recruiter,Application Review,Automated job-related knockout criteria not met,2.60,,,,,,,,No,No,
CAND-2026-2561,Synthetic Candidate 2561,Male,Reference Group,REQ-2026-QUA-G3,2026-02-10,Skills Academy,Application Review,Automated job-related knockout criteria not met,3.30,,,,,,,,No,No,
CAND-2026-2562,Synthetic Candidate 2562,Male,Reference Group,REQ-2026-QUA-G3,2026-02-04,Direct Career Portal,Application Review,Automated job-related knockout criteria not met,2.80,,,,,,,,No,No,
CAND-2026-2563,Synthetic Candidate 2563,Male,Reference Group,REQ-2026-QUA-G3,2026-02-11,Regional Hiring Drive,Application Review,Automated job-related knockout criteria not met,2.30,,,,,,,,No,No,
CAND-2026-2564,Synthetic Candidate 2564,Female,Focal Group,REQ-2026-QUA-G3,2026-02-05,Employee Referral,Application Review,Automated job-related knockout criteria not met,3.00,,,,,,,,No,No,
CAND-2026-2565,Synthetic Candidate 2565,Female,Focal Group,REQ-2026-QUA-G3,2026-02-12,LinkedIn Recruiter,Application Review,Automated job-related knockout criteria not met,2.50,,,,,,,,No,No,
CAND-2026-2566,Synthetic Candidate 2566,Male,Reference Group,REQ-2026-QUA-G3,2026-02-06,Skills Academy,Application Review,Automated job-related knockout criteria not met,3.20,,,,,,,,No,No,
CAND-2026-2567,Synthetic Candidate 2567,Male,Reference Group,REQ-2026-QUA-G3,2026-02-13,Direct Career Portal,Application Review,Automated job-related knockout criteria not met,2.70,,,,,,,,No,No,
CAND-2026-2568,Synthetic Candidate 2568,Male,Reference Group,REQ-2026-QUA-G3,2026-02-07,Regional Hiring Drive,Application Review,Automated job-related knockout criteria not met,2.20,,,,,,,,No,No,
CAND-2026-2569,Synthetic Candidate 2569,Female,Focal Group,REQ-2026-QUA-G3,2026-02-01,Employee Referral,Application Review,Automated job-related knockout criteria not met,2.90,,,,,,,,No,No,
CAND-2026-2570,Synthetic Candidate 2570,Female,Focal Group,REQ-2026-QUA-G3,2026-02-08,LinkedIn Recruiter,Application Review,Automated job-related knockout criteria not met,2.40,,,,,,,,No,No,
CAND-2026-2571,Synthetic Candidate 2571,Male,Reference Group,REQ-2026-QUA-G3,2026-02-02,Skills Academy,Application Review,Automated job-related knockout criteria not met,3.10,,,,,,,,No,No,
CAND-2026-2572,Synthetic Candidate 2572,Male,Reference Group,REQ-2026-QUA-G3,2026-02-09,Direct Career Portal,Application Review,Automated job-related knockout criteria not met,2.60,,,,,,,,No,No,
CAND-2026-2573,Synthetic Candidate 2573,Male,Reference Group,REQ-2026-QUA-G3,2026-02-03,Regional Hiring Drive,Application Review,Automated job-related knockout criteria not met,3.30,,,,,,,,No,No,
CAND-2026-2574,Synthetic Candidate 2574,Female,Focal Group,REQ-2026-QUA-G3,2026-02-10,Employee Referral,Application Review,Automated job-related knockout criteria not met,2.80,,,,,,,,No,No,
CAND-2026-2575,Synthetic Candidate 2575,Female,Focal Group,REQ-2026-QUA-G3,2026-02-04,LinkedIn Recruiter,Application Review,Automated job-related knockout criteria not met,2.30,,,,,,,,No,No,
CAND-2026-2576,Synthetic Candidate 2576,Male,Reference Group,REQ-2026-QUA-G3,2026-02-11,Skills Academy,Application Review,Automated job-related knockout criteria not met,3.00,,,,,,,,No,No,
CAND-2026-2577,Synthetic Candidate 2577,Male,Reference Group,REQ-2026-QUA-G3,2026-02-05,Direct Career Portal,Application Review,Automated job-related knockout criteria not met,2.50,,,,,,,,No,No,
CAND-2026-2578,Synthetic Candidate 2578,Male,Reference Group,REQ-2026-QUA-G3,2026-02-12,Regional Hiring Drive,Application Review,Automated job-related knockout criteria not met,3.20,,,,,,,,No,No,
CAND-2026-2579,Synthetic Candidate 2579,Female,Focal Group,REQ-2026-QUA-G3,2026-02-06,Employee Referral,Application Review,Automated job-related knockout criteria not met,2.70,,,,,,,,No,No,
CAND-2026-2580,Synthetic Candidate 2580,Female,Focal Group,REQ-2026-QUA-G3,2026-02-13,LinkedIn Recruiter,Application Review,Automated job-related knockout criteria not met,2.20,,,,,,,,No,No,
CAND-2026-2581,Synthetic Candidate 2581,Male,Reference Group,REQ-2026-QUA-G3,2026-02-07,Skills Academy,Application Review,Automated job-related knockout criteria not met,2.90,,,,,,,,No,No,
CAND-2026-2582,Synthetic Candidate 2582,Male,Reference Group,REQ-2026-QUA-G3,2026-02-01,Direct Career Portal,Application Review,Automated job-related knockout criteria not met,2.40,,,,,,,,No,No,
CAND-2026-2583,Synthetic Candidate 2583,Male,Reference Group,REQ-2026-QUA-G3,2026-02-08,Regional Hiring Drive,Application Review,Automated job-related knockout criteria not met,3.10,,,,,,,,No,No,
CAND-2026-2584,Synthetic Candidate 2584,Female,Focal Group,REQ-2026-QUA-G3,2026-02-02,Employee Referral,Application Review,Automated job-related knockout criteria not met,2.60,,,,,,,,No,No,
CAND-2026-2585,Synthetic Candidate 2585,Female,Focal Group,REQ-2026-QUA-G3,2026-02-09,LinkedIn Recruiter,Application Review,Automated job-related knockout criteria not met,3.30,,,,,,,,No,No,
CAND-2026-2586,Synthetic Candidate 2586,Male,Reference Group,REQ-2026-QUA-G3,2026-02-03,Skills Academy,Application Review,Automated job-related knockout criteria not met,2.80,,,,,,,,No,No,
CAND-2026-2587,Synthetic Candidate 2587,Male,Reference Group,REQ-2026-QUA-G3,2026-02-10,Direct Career Portal,Application Review,Automated job-related knockout criteria not met,2.30,,,,,,,,No,No,
CAND-2026-2588,Synthetic Candidate 2588,Male,Reference Group,REQ-2026-QUA-G3,2026-02-04,Regional Hiring Drive,Application Review,Automated job-related knockout criteria not met,3.00,,,,,,,,No,No,
CAND-2026-2589,Synthetic Candidate 2589,Female,Focal Group,REQ-2026-QUA-G3,2026-02-11,Employee Referral,Application Review,Automated job-related knockout criteria not met,2.50,,,,,,,,No,No,
CAND-2026-2590,Synthetic Candidate 2590,Female,Focal Group,REQ-2026-QUA-G3,2026-02-05,LinkedIn Recruiter,Application Review,Automated job-related knockout criteria not met,3.20,,,,,,,,No,No,
CAND-2026-2591,Synthetic Candidate 2591,Male,Reference Group,REQ-2026-QUA-G3,2026-02-12,Skills Academy,Application Review,Automated job-related knockout criteria not met,2.70,,,,,,,,No,No,
CAND-2026-2592,Synthetic Candidate 2592,Male,Reference Group,REQ-2026-QUA-G3,2026-02-06,Direct Career Portal,Application Review,Automated job-related knockout criteria not met,2.20,,,,,,,,No,No,
CAND-2026-2593,Synthetic Candidate 2593,Male,Reference Group,REQ-2026-QUA-G3,2026-02-13,Regional Hiring Drive,Application Review,Automated job-related knockout criteria not met,2.90,,,,,,,,No,No,
CAND-2026-2594,Synthetic Candidate 2594,Female,Focal Group,REQ-2026-QUA-G3,2026-02-07,Employee Referral,Application Review,Automated job-related knockout criteria not met,2.40,,,,,,,,No,No,
CAND-2026-2595,Synthetic Candidate 2595,Female,Focal Group,REQ-2026-QUA-G3,2026-02-01,LinkedIn Recruiter,Application Review,Automated job-related knockout criteria not met,3.10,,,,,,,,No,No,
CAND-2026-2596,Synthetic Candidate 2596,Male,Reference Group,REQ-2026-QUA-G3,2026-02-08,Skills Academy,Application Review,Automated job-related knockout criteria not met,2.60,,,,,,,,No,No,
CAND-2026-2597,Synthetic Candidate 2597,Male,Reference Group,REQ-2026-QUA-G3,2026-02-02,Direct Career Portal,Application Review,Automated job-related knockout criteria not met,3.30,,,,,,,,No,No,
CAND-2026-2598,Synthetic Candidate 2598,Male,Reference Group,REQ-2026-QUA-G3,2026-02-09,Regional Hiring Drive,Application Review,Automated job-related knockout criteria not met,2.80,,,,,,,,No,No,
CAND-2026-2599,Synthetic Candidate 2599,Female,Focal Group,REQ-2026-QUA-G3,2026-02-03,Employee Referral,Application Review,Automated job-related knockout criteria not met,2.30,,,,,,,,No,No,
CAND-2026-2600,Synthetic Candidate 2600,Female,Focal Group,REQ-2026-QUA-G3,2026-02-10,LinkedIn Recruiter,Application Review,Automated job-related knockout criteria not met,3.00,,,,,,,,No,No,
CAND-2026-2601,Synthetic Candidate 2601,Male,Reference Group,REQ-2026-QUA-G3,2026-02-04,Skills Academy,Application Review,Automated job-related knockout criteria not met,2.50,,,,,,,,No,No,
CAND-2026-2602,Synthetic Candidate 2602,Male,Reference Group,REQ-2026-QUA-G3,2026-02-11,Direct Career Portal,Application Review,Automated job-related knockout criteria not met,3.20,,,,,,,,No,No,
CAND-2026-2603,Synthetic Candidate 2603,Male,Reference Group,REQ-2026-QUA-G3,2026-02-05,Regional Hiring Drive,Application Review,Automated job-related knockout criteria not met,2.70,,,,,,,,No,No,
CAND-2026-2604,Synthetic Candidate 2604,Female,Focal Group,REQ-2026-QUA-G3,2026-02-12,Employee Referral,Application Review,Automated job-related knockout criteria not met,2.20,,,,,,,,No,No,
CAND-2026-2605,Synthetic Candidate 2605,Female,Focal Group,REQ-2026-QUA-G3,2026-02-06,LinkedIn Recruiter,Application Review,Automated job-related knockout criteria not met,2.90,,,,,,,,No,No,
CAND-2026-2606,Synthetic Candidate 2606,Male,Reference Group,REQ-2026-QUA-G3,2026-02-13,Skills Academy,Application Review,Automated job-related knockout criteria not met,2.40,,,,,,,,No,No,
CAND-2026-2607,Synthetic Candidate 2607,Male,Reference Group,REQ-2026-QUA-G3,2026-02-07,Direct Career Portal,Application Review,Automated job-related knockout criteria not met,3.10,,,,,,,,No,No,
CAND-2026-2608,Synthetic Candidate 2608,Male,Reference Group,REQ-2026-QUA-G3,2026-02-01,Regional Hiring Drive,Application Review,Automated job-related knockout criteria not met,2.60,,,,,,,,No,No,
CAND-2026-2609,Synthetic Candidate 2609,Female,Focal Group,REQ-2026-QUA-G3,2026-02-08,Employee Referral,Application Review,Automated job-related knockout criteria not met,3.30,,,,,,,,No,No,
CAND-2026-2610,Synthetic Candidate 2610,Female,Focal Group,REQ-2026-QUA-G3,2026-02-02,LinkedIn Recruiter,Application Review,Automated job-related knockout criteria not met,2.80,,,,,,,,No,No,
CAND-2026-2611,Synthetic Candidate 2611,Male,Reference Group,REQ-2026-QUA-G3,2026-02-09,Skills Academy,Application Review,Automated job-related knockout criteria not met,2.30,,,,,,,,No,No,
CAND-2026-2612,Synthetic Candidate 2612,Male,Reference Group,REQ-2026-QUA-G3,2026-02-03,Direct Career Portal,Application Review,Automated job-related knockout criteria not met,3.00,,,,,,,,No,No,
CAND-2026-2613,Synthetic Candidate 2613,Male,Reference Group,REQ-2026-QUA-G3,2026-02-10,Regional Hiring Drive,Application Review,Automated job-related knockout criteria not met,2.50,,,,,,,,No,No,
CAND-2026-2614,Synthetic Candidate 2614,Female,Focal Group,REQ-2026-QUA-G3,2026-02-04,Employee Referral,Application Review,Automated job-related knockout criteria not met,3.20,,,,,,,,No,No,
CAND-2026-2615,Synthetic Candidate 2615,Female,Focal Group,REQ-2026-QUA-G3,2026-02-11,LinkedIn Recruiter,Application Review,Automated job-related knockout criteria not met,2.70,,,,,,,,No,No,
CAND-2026-2616,Synthetic Candidate 2616,Male,Reference Group,REQ-2026-QUA-G3,2026-02-05,Skills Academy,Application Review,Automated job-related knockout criteria not met,2.20,,,,,,,,No,No,
CAND-2026-2617,Synthetic Candidate 2617,Male,Reference Group,REQ-2026-QUA-G3,2026-02-12,Direct Career Portal,Application Review,Automated job-related knockout criteria not met,2.90,,,,,,,,No,No,
CAND-2026-2618,Synthetic Candidate 2618,Male,Reference Group,REQ-2026-QUA-G3,2026-02-06,Regional Hiring Drive,Application Review,Automated job-related knockout criteria not met,2.40,,,,,,,,No,No,
CAND-2026-2619,Synthetic Candidate 2619,Female,Focal Group,REQ-2026-QUA-G3,2026-02-13,Employee Referral,Application Review,Automated job-related knockout criteria not met,3.10,,,,,,,,No,No,
CAND-2026-2620,Synthetic Candidate 2620,Female,Focal Group,REQ-2026-QUA-G3,2026-02-07,LinkedIn Recruiter,Application Review,Automated job-related knockout criteria not met,2.60,,,,,,,,No,No,
CAND-2026-2621,Synthetic Candidate 2621,Male,Reference Group,REQ-2026-QUA-G3,2026-02-01,Skills Academy,Application Review,Automated job-related knockout criteria not met,3.30,,,,,,,,No,No,
CAND-2026-2622,Synthetic Candidate 2622,Male,Reference Group,REQ-2026-QUA-G3,2026-02-08,Direct Career Portal,Application Review,Automated job-related knockout criteria not met,2.80,,,,,,,,No,No,
CAND-2026-2623,Synthetic Candidate 2623,Male,Reference Group,REQ-2026-QUA-G3,2026-02-02,Regional Hiring Drive,Application Review,Automated job-related knockout criteria not met,2.30,,,,,,,,No,No,
CAND-2026-2624,Synthetic Candidate 2624,Female,Focal Group,REQ-2026-QUA-G3,2026-02-09,Employee Referral,Application Review,Automated job-related knockout criteria not met,3.00,,,,,,,,No,No,
CAND-2026-2625,Synthetic Candidate 2625,Female,Focal Group,REQ-2026-QUA-G3,2026-02-03,LinkedIn Recruiter,Application Review,Automated job-related knockout criteria not met,2.50,,,,,,,,No,No,
CAND-2026-2626,Synthetic Candidate 2626,Male,Reference Group,REQ-2026-QUA-G3,2026-02-10,Skills Academy,Application Review,Automated job-related knockout criteria not met,3.20,,,,,,,,No,No,
CAND-2026-2627,Synthetic Candidate 2627,Male,Reference Group,REQ-2026-QUA-G3,2026-02-04,Direct Career Portal,Application Review,Automated job-related knockout criteria not met,2.70,,,,,,,,No,No,
CAND-2026-2628,Synthetic Candidate 2628,Male,Reference Group,REQ-2026-QUA-G3,2026-02-11,Regional Hiring Drive,Application Review,Automated job-related knockout criteria not met,2.20,,,,,,,,No,No,
CAND-2026-2629,Synthetic Candidate 2629,Female,Focal Group,REQ-2026-QUA-G3,2026-02-05,Employee Referral,Application Review,Automated job-related knockout criteria not met,2.90,,,,,,,,No,No,
CAND-2026-2630,Synthetic Candidate 2630,Female,Focal Group,REQ-2026-QUA-G3,2026-02-12,LinkedIn Recruiter,Application Review,Automated job-related knockout criteria not met,2.40,,,,,,,,No,No,
CAND-2026-2631,Synthetic Candidate 2631,Male,Reference Group,REQ-2026-QUA-G3,2026-02-06,Skills Academy,Application Review,Automated job-related knockout criteria not met,3.10,,,,,,,,No,No,
CAND-2026-2632,Synthetic Candidate 2632,Male,Reference Group,REQ-2026-QUA-G3,2026-02-13,Direct Career Portal,Application Review,Automated job-related knockout criteria not met,2.60,,,,,,,,No,No,
CAND-2026-2633,Synthetic Candidate 2633,Male,Reference Group,REQ-2026-QUA-G3,2026-02-07,Regional Hiring Drive,Application Review,Automated job-related knockout criteria not met,3.30,,,,,,,,No,No,
CAND-2026-2634,Synthetic Candidate 2634,Female,Focal Group,REQ-2026-QUA-G3,2026-02-01,Employee Referral,Application Review,Automated job-related knockout criteria not met,2.80,,,,,,,,No,No,
CAND-2026-2635,Synthetic Candidate 2635,Female,Focal Group,REQ-2026-QUA-G3,2026-02-08,LinkedIn Recruiter,Application Review,Automated job-related knockout criteria not met,2.30,,,,,,,,No,No,
CAND-2026-2636,Synthetic Candidate 2636,Male,Reference Group,REQ-2026-QUA-G3,2026-02-02,Skills Academy,Application Review,Automated job-related knockout criteria not met,3.00,,,,,,,,No,No,
CAND-2026-2637,Synthetic Candidate 2637,Male,Reference Group,REQ-2026-QUA-G3,2026-02-09,Direct Career Portal,Application Review,Automated job-related knockout criteria not met,2.50,,,,,,,,No,No,
CAND-2026-2638,Synthetic Candidate 2638,Male,Reference Group,REQ-2026-QUA-G3,2026-02-03,Regional Hiring Drive,Application Review,Automated job-related knockout criteria not met,3.20,,,,,,,,No,No,
CAND-2026-2639,Synthetic Candidate 2639,Female,Focal Group,REQ-2026-QUA-G3,2026-02-10,Employee Referral,Application Review,Automated job-related knockout criteria not met,2.70,,,,,,,,No,No,
CAND-2026-2640,Synthetic Candidate 2640,Female,Focal Group,REQ-2026-QUA-G3,2026-02-04,LinkedIn Recruiter,Application Review,Automated job-related knockout criteria not met,2.20,,,,,,,,No,No,
CAND-2026-2641,Synthetic Candidate 2641,Male,Reference Group,REQ-2026-QUA-G3,2026-02-11,Skills Academy,Application Review,Automated job-related knockout criteria not met,2.90,,,,,,,,No,No,
CAND-2026-2642,Synthetic Candidate 2642,Male,Reference Group,REQ-2026-QUA-G3,2026-02-05,Direct Career Portal,Application Review,Automated job-related knockout criteria not met,2.40,,,,,,,,No,No,
CAND-2026-2643,Synthetic Candidate 2643,Male,Reference Group,REQ-2026-QUA-G3,2026-02-12,Regional Hiring Drive,Application Review,Automated job-related knockout criteria not met,3.10,,,,,,,,No,No,
CAND-2026-2644,Synthetic Candidate 2644,Female,Focal Group,REQ-2026-QUA-G3,2026-02-06,Employee Referral,Application Review,Automated job-related knockout criteria not met,2.60,,,,,,,,No,No,
CAND-2026-2645,Synthetic Candidate 2645,Female,Focal Group,REQ-2026-QUA-G3,2026-02-13,LinkedIn Recruiter,Application Review,Automated job-related knockout criteria not met,3.30,,,,,,,,No,No,
CAND-2026-2646,Synthetic Candidate 2646,Male,Reference Group,REQ-2026-QUA-G3,2026-02-07,Skills Academy,Application Review,Automated job-related knockout criteria not met,2.80,,,,,,,,No,No,
CAND-2026-2647,Synthetic Candidate 2647,Male,Reference Group,REQ-2026-QUA-G3,2026-02-01,Direct Career Portal,Application Review,Automated job-related knockout criteria not met,2.30,,,,,,,,No,No,
CAND-2026-2648,Synthetic Candidate 2648,Male,Reference Group,REQ-2026-QUA-G3,2026-02-08,Regional Hiring Drive,Application Review,Automated job-related knockout criteria not met,3.00,,,,,,,,No,No,
CAND-2026-2649,Synthetic Candidate 2649,Female,Focal Group,REQ-2026-QUA-G3,2026-02-02,Employee Referral,Application Review,Automated job-related knockout criteria not met,2.50,,,,,,,,No,No,
CAND-2026-2650,Synthetic Candidate 2650,Female,Focal Group,REQ-2026-QUA-G3,2026-02-09,LinkedIn Recruiter,Application Review,Automated job-related knockout criteria not met,3.20,,,,,,,,No,No,
CAND-2026-2651,Synthetic Candidate 2651,Male,Reference Group,REQ-2026-QUA-G3,2026-02-03,Skills Academy,Application Review,Automated job-related knockout criteria not met,2.70,,,,,,,,No,No,
CAND-2026-2652,Synthetic Candidate 2652,Male,Reference Group,REQ-2026-QUA-G3,2026-02-10,Direct Career Portal,Application Review,Automated job-related knockout criteria not met,2.20,,,,,,,,No,No,
CAND-2026-2653,Synthetic Candidate 2653,Male,Reference Group,REQ-2026-QUA-G3,2026-02-04,Regional Hiring Drive,Application Review,Automated job-related knockout criteria not met,2.90,,,,,,,,No,No,
CAND-2026-2654,Synthetic Candidate 2654,Female,Focal Group,REQ-2026-QUA-G3,2026-02-11,Employee Referral,Application Review,Automated job-related knockout criteria not met,2.40,,,,,,,,No,No,
CAND-2026-2655,Synthetic Candidate 2655,Female,Focal Group,REQ-2026-QUA-G3,2026-02-05,LinkedIn Recruiter,Application Review,Automated job-related knockout criteria not met,3.10,,,,,,,,No,No,
CAND-2026-2656,Synthetic Candidate 2656,Male,Reference Group,REQ-2026-QUA-G3,2026-02-12,Skills Academy,Application Review,Automated job-related knockout criteria not met,2.60,,,,,,,,No,No,
CAND-2026-2657,Synthetic Candidate 2657,Male,Reference Group,REQ-2026-QUA-G3,2026-02-06,Direct Career Portal,Application Review,Automated job-related knockout criteria not met,3.30,,,,,,,,No,No,
CAND-2026-2658,Synthetic Candidate 2658,Male,Reference Group,REQ-2026-QUA-G3,2026-02-13,Regional Hiring Drive,Application Review,Automated job-related knockout criteria not met,2.80,,,,,,,,No,No,
CAND-2026-2659,Synthetic Candidate 2659,Female,Focal Group,REQ-2026-QUA-G3,2026-02-07,Employee Referral,Application Review,Automated job-related knockout criteria not met,2.30,,,,,,,,No,No,
CAND-2026-2660,Synthetic Candidate 2660,Female,Focal Group,REQ-2026-QUA-G3,2026-02-01,LinkedIn Recruiter,Application Review,Automated job-related knockout criteria not met,3.00,,,,,,,,No,No,
CAND-2026-2661,Synthetic Candidate 2661,Male,Reference Group,REQ-2026-QUA-G3,2026-02-08,Skills Academy,Application Review,Automated job-related knockout criteria not met,2.50,,,,,,,,No,No,
CAND-2026-2662,Synthetic Candidate 2662,Male,Reference Group,REQ-2026-QUA-G3,2026-02-02,Direct Career Portal,Application Review,Automated job-related knockout criteria not met,3.20,,,,,,,,No,No,
CAND-2026-2663,Synthetic Candidate 2663,Male,Reference Group,REQ-2026-QUA-G3,2026-02-09,Regional Hiring Drive,Application Review,Automated job-related knockout criteria not met,2.70,,,,,,,,No,No,
CAND-2026-2664,Synthetic Candidate 2664,Female,Focal Group,REQ-2026-QUA-G3,2026-02-03,Employee Referral,Application Review,Automated job-related knockout criteria not met,2.20,,,,,,,,No,No,
CAND-2026-2665,Synthetic Candidate 2665,Female,Focal Group,REQ-2026-QUA-G3,2026-02-10,LinkedIn Recruiter,Application Review,Automated job-related knockout criteria not met,2.90,,,,,,,,No,No,
CAND-2026-2666,Synthetic Candidate 2666,Male,Reference Group,REQ-2026-QUA-G3,2026-02-04,Skills Academy,Application Review,Automated job-related knockout criteria not met,2.40,,,,,,,,No,No,
CAND-2026-2667,Synthetic Candidate 2667,Male,Reference Group,REQ-2026-QUA-G3,2026-02-11,Direct Career Portal,Application Review,Automated job-related knockout criteria not met,3.10,,,,,,,,No,No,
CAND-2026-2668,Synthetic Candidate 2668,Male,Reference Group,REQ-2026-QUA-G3,2026-02-05,Regional Hiring Drive,Application Review,Automated job-related knockout criteria not met,2.60,,,,,,,,No,No,
CAND-2026-2669,Synthetic Candidate 2669,Female,Focal Group,REQ-2026-QUA-G3,2026-02-12,Employee Referral,Application Review,Automated job-related knockout criteria not met,3.30,,,,,,,,No,No,
CAND-2026-2670,Synthetic Candidate 2670,Female,Focal Group,REQ-2026-QUA-G3,2026-02-06,LinkedIn Recruiter,Application Review,Automated job-related knockout criteria not met,2.80,,,,,,,,No,No,
CAND-2026-2671,Synthetic Candidate 2671,Male,Reference Group,REQ-2026-QUA-G3,2026-02-13,Skills Academy,Application Review,Automated job-related knockout criteria not met,2.30,,,,,,,,No,No,
CAND-2026-2672,Synthetic Candidate 2672,Male,Reference Group,REQ-2026-QUA-G3,2026-02-07,Direct Career Portal,Application Review,Automated job-related knockout criteria not met,3.00,,,,,,,,No,No,
CAND-2026-2673,Synthetic Candidate 2673,Male,Reference Group,REQ-2026-QUA-G3,2026-02-01,Regional Hiring Drive,Application Review,Automated job-related knockout criteria not met,2.50,,,,,,,,No,No,
CAND-2026-2674,Synthetic Candidate 2674,Female,Focal Group,REQ-2026-QUA-G3,2026-02-08,Employee Referral,Application Review,Automated job-related knockout criteria not met,3.20,,,,,,,,No,No,
CAND-2026-2675,Synthetic Candidate 2675,Female,Focal Group,REQ-2026-QUA-G3,2026-02-02,LinkedIn Recruiter,Application Review,Automated job-related knockout criteria not met,2.70,,,,,,,,No,No,
CAND-2026-2676,Synthetic Candidate 2676,Male,Reference Group,REQ-2026-QUA-G3,2026-02-09,Skills Academy,Application Review,Automated job-related knockout criteria not met,2.20,,,,,,,,No,No,
CAND-2026-2677,Synthetic Candidate 2677,Male,Reference Group,REQ-2026-QUA-G3,2026-02-03,Direct Career Portal,Application Review,Automated job-related knockout criteria not met,2.90,,,,,,,,No,No,
CAND-2026-2678,Synthetic Candidate 2678,Male,Reference Group,REQ-2026-QUA-G3,2026-02-10,Regional Hiring Drive,Application Review,Automated job-related knockout criteria not met,2.40,,,,,,,,No,No,
CAND-2026-2679,Synthetic Candidate 2679,Female,Focal Group,REQ-2026-QUA-G3,2026-02-04,Employee Referral,Application Review,Automated job-related knockout criteria not met,3.10,,,,,,,,No,No,
CAND-2026-2680,Synthetic Candidate 2680,Female,Focal Group,REQ-2026-QUA-G3,2026-02-11,LinkedIn Recruiter,Application Review,Automated job-related knockout criteria not met,2.60,,,,,,,,No,No,
CAND-2026-2681,Synthetic Candidate 2681,Male,Reference Group,REQ-2026-QUA-G3,2026-02-05,Skills Academy,Application Review,Automated job-related knockout criteria not met,3.30,,,,,,,,No,No,
CAND-2026-2682,Synthetic Candidate 2682,Male,Reference Group,REQ-2026-QUA-G3,2026-02-12,Direct Career Portal,Application Review,Automated job-related knockout criteria not met,2.80,,,,,,,,No,No,
CAND-2026-2683,Synthetic Candidate 2683,Male,Reference Group,REQ-2026-QUA-G3,2026-02-06,Regional Hiring Drive,Application Review,Automated job-related knockout criteria not met,2.30,,,,,,,,No,No,
CAND-2026-2684,Synthetic Candidate 2684,Female,Focal Group,REQ-2026-QUA-G3,2026-02-13,Employee Referral,Application Review,Automated job-related knockout criteria not met,3.00,,,,,,,,No,No,
CAND-2026-2685,Synthetic Candidate 2685,Female,Focal Group,REQ-2026-QUA-G3,2026-02-07,LinkedIn Recruiter,Application Review,Automated job-related knockout criteria not met,2.50,,,,,,,,No,No,
CAND-2026-2686,Synthetic Candidate 2686,Male,Reference Group,REQ-2026-QUA-G3,2026-02-01,Skills Academy,Application Review,Automated job-related knockout criteria not met,3.20,,,,,,,,No,No,
CAND-2026-2687,Synthetic Candidate 2687,Male,Reference Group,REQ-2026-QUA-G3,2026-02-08,Direct Career Portal,Application Review,Automated job-related knockout criteria not met,2.70,,,,,,,,No,No,
CAND-2026-2688,Synthetic Candidate 2688,Male,Reference Group,REQ-2026-QUA-G3,2026-02-02,Regional Hiring Drive,Application Review,Automated job-related knockout criteria not met,2.20,,,,,,,,No,No,
CAND-2026-2689,Synthetic Candidate 2689,Female,Focal Group,REQ-2026-QUA-G3,2026-02-09,Employee Referral,Application Review,Automated job-related knockout criteria not met,2.90,,,,,,,,No,No,
CAND-2026-2690,Synthetic Candidate 2690,Female,Focal Group,REQ-2026-QUA-G3,2026-02-03,LinkedIn Recruiter,Application Review,Automated job-related knockout criteria not met,2.40,,,,,,,,No,No,
CAND-2026-2691,Synthetic Candidate 2691,Male,Reference Group,REQ-2026-QUA-G3,2026-02-10,Skills Academy,Application Review,Automated job-related knockout criteria not met,3.10,,,,,,,,No,No,
CAND-2026-2692,Synthetic Candidate 2692,Male,Reference Group,REQ-2026-QUA-G3,2026-02-04,Direct Career Portal,Application Review,Automated job-related knockout criteria not met,2.60,,,,,,,,No,No,
CAND-2026-2693,Synthetic Candidate 2693,Male,Reference Group,REQ-2026-QUA-G3,2026-02-11,Regional Hiring Drive,Application Review,Automated job-related knockout criteria not met,3.30,,,,,,,,No,No,
CAND-2026-2694,Synthetic Candidate 2694,Female,Focal Group,REQ-2026-QUA-G3,2026-02-05,Employee Referral,Application Review,Automated job-related knockout criteria not met,2.80,,,,,,,,No,No,
CAND-2026-2695,Synthetic Candidate 2695,Female,Focal Group,REQ-2026-QUA-G3,2026-02-12,LinkedIn Recruiter,Application Review,Automated job-related knockout criteria not met,2.30,,,,,,,,No,No,
CAND-2026-2696,Synthetic Candidate 2696,Male,Reference Group,REQ-2026-QUA-G3,2026-02-06,Skills Academy,Application Review,Automated job-related knockout criteria not met,3.00,,,,,,,,No,No,
CAND-2026-2697,Synthetic Candidate 2697,Male,Reference Group,REQ-2026-QUA-G3,2026-02-13,Direct Career Portal,Application Review,Automated job-related knockout criteria not met,2.50,,,,,,,,No,No,
CAND-2026-2698,Synthetic Candidate 2698,Male,Reference Group,REQ-2026-QUA-G3,2026-02-07,Regional Hiring Drive,Application Review,Automated job-related knockout criteria not met,3.20,,,,,,,,No,No,
CAND-2026-2699,Synthetic Candidate 2699,Female,Focal Group,REQ-2026-QUA-G3,2026-02-01,Employee Referral,Application Review,Automated job-related knockout criteria not met,2.70,,,,,,,,No,No,
CAND-2026-2700,Synthetic Candidate 2700,Female,Focal Group,REQ-2026-QUA-G3,2026-02-08,LinkedIn Recruiter,Application Review,Automated job-related knockout criteria not met,2.20,,,,,,,,No,No,
CAND-2026-2701,Synthetic Candidate 2701,Male,Reference Group,REQ-2026-QUA-G3,2026-02-02,Skills Academy,Application Review,Automated job-related knockout criteria not met,2.90,,,,,,,,No,No,
CAND-2026-2702,Synthetic Candidate 2702,Male,Reference Group,REQ-2026-QUA-G3,2026-02-09,Direct Career Portal,Application Review,Automated job-related knockout criteria not met,2.40,,,,,,,,No,No,
CAND-2026-2703,Synthetic Candidate 2703,Male,Reference Group,REQ-2026-QUA-G3,2026-02-03,Regional Hiring Drive,Application Review,Automated job-related knockout criteria not met,3.10,,,,,,,,No,No,
CAND-2026-2704,Synthetic Candidate 2704,Female,Focal Group,REQ-2026-QUA-G3,2026-02-10,Employee Referral,Application Review,Automated job-related knockout criteria not met,2.60,,,,,,,,No,No,
CAND-2026-2705,Synthetic Candidate 2705,Female,Focal Group,REQ-2026-QUA-G3,2026-02-04,LinkedIn Recruiter,Application Review,Automated job-related knockout criteria not met,3.30,,,,,,,,No,No,
CAND-2026-2706,Synthetic Candidate 2706,Male,Reference Group,REQ-2026-QUA-G3,2026-02-11,Skills Academy,Application Review,Automated job-related knockout criteria not met,2.80,,,,,,,,No,No,
CAND-2026-2707,Synthetic Candidate 2707,Male,Reference Group,REQ-2026-QUA-G3,2026-02-05,Direct Career Portal,Application Review,Automated job-related knockout criteria not met,2.30,,,,,,,,No,No,
CAND-2026-2708,Synthetic Candidate 2708,Male,Reference Group,REQ-2026-QUA-G3,2026-02-12,Regional Hiring Drive,Application Review,Automated job-related knockout criteria not met,3.00,,,,,,,,No,No,
CAND-2026-2709,Synthetic Candidate 2709,Female,Focal Group,REQ-2026-QUA-G3,2026-02-06,Employee Referral,Application Review,Automated job-related knockout criteria not met,2.50,,,,,,,,No,No,
CAND-2026-2710,Synthetic Candidate 2710,Female,Focal Group,REQ-2026-QUA-G3,2026-02-13,LinkedIn Recruiter,Application Review,Automated job-related knockout criteria not met,3.20,,,,,,,,No,No,
CAND-2026-2711,Synthetic Candidate 2711,Male,Reference Group,REQ-2026-QUA-G3,2026-02-07,Skills Academy,Application Review,Automated job-related knockout criteria not met,2.70,,,,,,,,No,No,
CAND-2026-2712,Synthetic Candidate 2712,Male,Reference Group,REQ-2026-QUA-G3,2026-02-01,Direct Career Portal,Application Review,Automated job-related knockout criteria not met,2.20,,,,,,,,No,No,
CAND-2026-2713,Synthetic Candidate 2713,Male,Reference Group,REQ-2026-QUA-G3,2026-02-08,Regional Hiring Drive,Application Review,Automated job-related knockout criteria not met,2.90,,,,,,,,No,No,
CAND-2026-2714,Synthetic Candidate 2714,Female,Focal Group,REQ-2026-QUA-G3,2026-02-02,Employee Referral,Application Review,Automated job-related knockout criteria not met,2.40,,,,,,,,No,No,
CAND-2026-2715,Synthetic Candidate 2715,Female,Focal Group,REQ-2026-QUA-G3,2026-02-09,LinkedIn Recruiter,Application Review,Automated job-related knockout criteria not met,3.10,,,,,,,,No,No,
CAND-2026-2716,Synthetic Candidate 2716,Male,Reference Group,REQ-2026-QUA-G3,2026-02-03,Skills Academy,Application Review,Automated job-related knockout criteria not met,2.60,,,,,,,,No,No,
CAND-2026-2717,Synthetic Candidate 2717,Male,Reference Group,REQ-2026-QUA-G3,2026-02-10,Direct Career Portal,Application Review,Automated job-related knockout criteria not met,3.30,,,,,,,,No,No,
CAND-2026-2718,Synthetic Candidate 2718,Male,Reference Group,REQ-2026-QUA-G3,2026-02-04,Regional Hiring Drive,Application Review,Automated job-related knockout criteria not met,2.80,,,,,,,,No,No,
CAND-2026-2719,Synthetic Candidate 2719,Female,Focal Group,REQ-2026-QUA-G3,2026-02-11,Employee Referral,Application Review,Automated job-related knockout criteria not met,2.30,,,,,,,,No,No,
CAND-2026-2720,Synthetic Candidate 2720,Female,Focal Group,REQ-2026-QUA-G3,2026-02-05,LinkedIn Recruiter,Application Review,Automated job-related knockout criteria not met,3.00,,,,,,,,No,No,
CAND-2026-2721,Synthetic Candidate 2721,Male,Reference Group,REQ-2026-QUA-G3,2026-02-12,Skills Academy,Application Review,Automated job-related knockout criteria not met,2.50,,,,,,,,No,No,
CAND-2026-2722,Synthetic Candidate 2722,Male,Reference Group,REQ-2026-QUA-G3,2026-02-06,Direct Career Portal,Application Review,Automated job-related knockout criteria not met,3.20,,,,,,,,No,No,
CAND-2026-2723,Synthetic Candidate 2723,Male,Reference Group,REQ-2026-QUA-G3,2026-02-13,Regional Hiring Drive,Application Review,Automated job-related knockout criteria not met,2.70,,,,,,,,No,No,
CAND-2026-2724,Synthetic Candidate 2724,Female,Focal Group,REQ-2026-QUA-G3,2026-02-07,Employee Referral,Application Review,Automated job-related knockout criteria not met,2.20,,,,,,,,No,No,
CAND-2026-2725,Synthetic Candidate 2725,Female,Focal Group,REQ-2026-QUA-G3,2026-02-01,LinkedIn Recruiter,Application Review,Automated job-related knockout criteria not met,2.90,,,,,,,,No,No,
CAND-2026-2726,Synthetic Candidate 2726,Male,Reference Group,REQ-2026-QUA-G3,2026-02-08,Skills Academy,Application Review,Automated job-related knockout criteria not met,2.40,,,,,,,,No,No,
CAND-2026-2727,Synthetic Candidate 2727,Male,Reference Group,REQ-2026-QUA-G3,2026-02-02,Direct Career Portal,Application Review,Automated job-related knockout criteria not met,3.10,,,,,,,,No,No,
CAND-2026-2728,Synthetic Candidate 2728,Male,Reference Group,REQ-2026-QUA-G3,2026-02-09,Regional Hiring Drive,Application Review,Automated job-related knockout criteria not met,2.60,,,,,,,,No,No,
CAND-2026-2729,Synthetic Candidate 2729,Female,Focal Group,REQ-2026-QUA-G3,2026-02-03,Employee Referral,Application Review,Automated job-related knockout criteria not met,3.30,,,,,,,,No,No,
CAND-2026-2730,Synthetic Candidate 2730,Female,Focal Group,REQ-2026-QUA-G3,2026-02-10,LinkedIn Recruiter,Application Review,Automated job-related knockout criteria not met,2.80,,,,,,,,No,No,
CAND-2026-2731,Synthetic Candidate 2731,Male,Reference Group,REQ-2026-QUA-G3,2026-02-04,Skills Academy,Application Review,Automated job-related knockout criteria not met,2.30,,,,,,,,No,No,
CAND-2026-2732,Synthetic Candidate 2732,Male,Reference Group,REQ-2026-QUA-G3,2026-02-11,Direct Career Portal,Application Review,Automated job-related knockout criteria not met,3.00,,,,,,,,No,No,
CAND-2026-2733,Synthetic Candidate 2733,Male,Reference Group,REQ-2026-QUA-G3,2026-02-05,Regional Hiring Drive,Application Review,Automated job-related knockout criteria not met,2.50,,,,,,,,No,No,
CAND-2026-2734,Synthetic Candidate 2734,Female,Focal Group,REQ-2026-QUA-G3,2026-02-12,Employee Referral,Application Review,Automated job-related knockout criteria not met,3.20,,,,,,,,No,No,
CAND-2026-2735,Synthetic Candidate 2735,Female,Focal Group,REQ-2026-QUA-G3,2026-02-06,LinkedIn Recruiter,Application Review,Automated job-related knockout criteria not met,2.70,,,,,,,,No,No,
CAND-2026-2736,Synthetic Candidate 2736,Male,Reference Group,REQ-2026-QUA-G3,2026-02-13,Skills Academy,Application Review,Automated job-related knockout criteria not met,2.20,,,,,,,,No,No,
CAND-2026-2737,Synthetic Candidate 2737,Male,Reference Group,REQ-2026-QUA-G3,2026-02-07,Direct Career Portal,Application Review,Automated job-related knockout criteria not met,2.90,,,,,,,,No,No,
CAND-2026-2738,Synthetic Candidate 2738,Male,Reference Group,REQ-2026-QUA-G3,2026-02-01,Regional Hiring Drive,Application Review,Automated job-related knockout criteria not met,2.40,,,,,,,,No,No,
CAND-2026-2739,Synthetic Candidate 2739,Female,Focal Group,REQ-2026-QUA-G3,2026-02-08,Employee Referral,Application Review,Automated job-related knockout criteria not met,3.10,,,,,,,,No,No,
CAND-2026-2740,Synthetic Candidate 2740,Female,Focal Group,REQ-2026-QUA-G3,2026-02-02,LinkedIn Recruiter,Application Review,Automated job-related knockout criteria not met,2.60,,,,,,,,No,No,
CAND-2026-2741,Synthetic Candidate 2741,Male,Reference Group,REQ-2026-QUA-G3,2026-02-09,Skills Academy,Application Review,Automated job-related knockout criteria not met,3.30,,,,,,,,No,No,
CAND-2026-2742,Synthetic Candidate 2742,Male,Reference Group,REQ-2026-QUA-G3,2026-02-03,Direct Career Portal,Application Review,Automated job-related knockout criteria not met,2.80,,,,,,,,No,No,
CAND-2026-2743,Synthetic Candidate 2743,Male,Reference Group,REQ-2026-QUA-G3,2026-02-10,Regional Hiring Drive,Application Review,Automated job-related knockout criteria not met,2.30,,,,,,,,No,No,
CAND-2026-2744,Synthetic Candidate 2744,Female,Focal Group,REQ-2026-QUA-G3,2026-02-04,Employee Referral,Application Review,Automated job-related knockout criteria not met,3.00,,,,,,,,No,No,
CAND-2026-2745,Synthetic Candidate 2745,Female,Focal Group,REQ-2026-QUA-G3,2026-02-11,LinkedIn Recruiter,Application Review,Automated job-related knockout criteria not met,2.50,,,,,,,,No,No,
CAND-2026-2746,Synthetic Candidate 2746,Male,Reference Group,REQ-2026-QUA-G3,2026-02-05,Skills Academy,Application Review,Automated job-related knockout criteria not met,3.20,,,,,,,,No,No,
CAND-2026-2747,Synthetic Candidate 2747,Male,Reference Group,REQ-2026-QUA-G3,2026-02-12,Direct Career Portal,Application Review,Automated job-related knockout criteria not met,2.70,,,,,,,,No,No,
CAND-2026-2748,Synthetic Candidate 2748,Male,Reference Group,REQ-2026-QUA-G3,2026-02-06,Regional Hiring Drive,Application Review,Automated job-related knockout criteria not met,2.20,,,,,,,,No,No,
CAND-2026-2749,Synthetic Candidate 2749,Female,Focal Group,REQ-2026-QUA-G3,2026-02-13,Employee Referral,Application Review,Automated job-related knockout criteria not met,2.90,,,,,,,,No,No,
CAND-2026-2750,Synthetic Candidate 2750,Female,Focal Group,REQ-2026-QUA-G3,2026-02-07,LinkedIn Recruiter,Application Review,Automated job-related knockout criteria not met,2.40,,,,,,,,No,No,
CAND-2026-2751,Synthetic Candidate 2751,Male,Reference Group,REQ-2026-QUA-G3,2026-02-01,Skills Academy,Application Review,Automated job-related knockout criteria not met,3.10,,,,,,,,No,No,
CAND-2026-2752,Synthetic Candidate 2752,Male,Reference Group,REQ-2026-QUA-G3,2026-02-08,Direct Career Portal,Application Review,Automated job-related knockout criteria not met,2.60,,,,,,,,No,No,
CAND-2026-2753,Synthetic Candidate 2753,Male,Reference Group,REQ-2026-QUA-G3,2026-02-02,Regional Hiring Drive,Application Review,Automated job-related knockout criteria not met,3.30,,,,,,,,No,No,
CAND-2026-2754,Synthetic Candidate 2754,Female,Focal Group,REQ-2026-QUA-G3,2026-02-09,Employee Referral,Application Review,Automated job-related knockout criteria not met,2.80,,,,,,,,No,No,
CAND-2026-2755,Synthetic Candidate 2755,Female,Focal Group,REQ-2026-QUA-G3,2026-02-03,LinkedIn Recruiter,Application Review,Automated job-related knockout criteria not met,2.30,,,,,,,,No,No,
CAND-2026-2756,Synthetic Candidate 2756,Male,Reference Group,REQ-2026-QUA-G3,2026-02-10,Skills Academy,Application Review,Automated job-related knockout criteria not met,3.00,,,,,,,,No,No,
CAND-2026-2757,Synthetic Candidate 2757,Male,Reference Group,REQ-2026-QUA-G3,2026-02-04,Direct Career Portal,Application Review,Automated job-related knockout criteria not met,2.50,,,,,,,,No,No,
CAND-2026-2758,Synthetic Candidate 2758,Male,Reference Group,REQ-2026-QUA-G3,2026-02-11,Regional Hiring Drive,Application Review,Automated job-related knockout criteria not met,3.20,,,,,,,,No,No,
CAND-2026-2759,Synthetic Candidate 2759,Female,Focal Group,REQ-2026-QUA-G3,2026-02-05,Employee Referral,Application Review,Automated job-related knockout criteria not met,2.70,,,,,,,,No,No,
CAND-2026-2760,Synthetic Candidate 2760,Female,Focal Group,REQ-2026-QUA-G3,2026-02-12,LinkedIn Recruiter,Application Review,Automated job-related knockout criteria not met,2.20,,,,,,,,No,No,
CAND-2026-2761,Synthetic Candidate 2761,Male,Reference Group,REQ-2026-QUA-G3,2026-02-06,Skills Academy,Application Review,Automated job-related knockout criteria not met,2.90,,,,,,,,No,No,
CAND-2026-2762,Synthetic Candidate 2762,Male,Reference Group,REQ-2026-QUA-G3,2026-02-13,Direct Career Portal,Application Review,Automated job-related knockout criteria not met,2.40,,,,,,,,No,No,
CAND-2026-2763,Synthetic Candidate 2763,Male,Reference Group,REQ-2026-QUA-G3,2026-02-07,Regional Hiring Drive,Application Review,Automated job-related knockout criteria not met,3.10,,,,,,,,No,No,
CAND-2026-2764,Synthetic Candidate 2764,Female,Focal Group,REQ-2026-QUA-G3,2026-02-01,Employee Referral,Application Review,Automated job-related knockout criteria not met,2.60,,,,,,,,No,No,
CAND-2026-2765,Synthetic Candidate 2765,Female,Focal Group,REQ-2026-QUA-G3,2026-02-08,LinkedIn Recruiter,Application Review,Automated job-related knockout criteria not met,3.30,,,,,,,,No,No,
CAND-2026-2766,Synthetic Candidate 2766,Male,Reference Group,REQ-2026-QUA-G3,2026-02-02,Skills Academy,Application Review,Automated job-related knockout criteria not met,2.80,,,,,,,,No,No,
CAND-2026-2767,Synthetic Candidate 2767,Male,Reference Group,REQ-2026-QUA-G3,2026-02-09,Direct Career Portal,Application Review,Automated job-related knockout criteria not met,2.30,,,,,,,,No,No,
CAND-2026-2768,Synthetic Candidate 2768,Male,Reference Group,REQ-2026-QUA-G3,2026-02-03,Regional Hiring Drive,Application Review,Automated job-related knockout criteria not met,3.00,,,,,,,,No,No,
CAND-2026-2769,Synthetic Candidate 2769,Female,Focal Group,REQ-2026-QUA-G3,2026-02-10,Employee Referral,Application Review,Automated job-related knockout criteria not met,2.50,,,,,,,,No,No,
CAND-2026-2770,Synthetic Candidate 2770,Female,Focal Group,REQ-2026-QUA-G3,2026-02-04,LinkedIn Recruiter,Application Review,Automated job-related knockout criteria not met,3.20,,,,,,,,No,No,
CAND-2026-2771,Synthetic Candidate 2771,Male,Reference Group,REQ-2026-QUA-G3,2026-02-11,Skills Academy,Application Review,Automated job-related knockout criteria not met,2.70,,,,,,,,No,No,
CAND-2026-2772,Synthetic Candidate 2772,Male,Reference Group,REQ-2026-QUA-G3,2026-02-05,Direct Career Portal,Application Review,Automated job-related knockout criteria not met,2.20,,,,,,,,No,No,
CAND-2026-2773,Synthetic Candidate 2773,Male,Reference Group,REQ-2026-QUA-G3,2026-02-12,Regional Hiring Drive,Application Review,Automated job-related knockout criteria not met,2.90,,,,,,,,No,No,
CAND-2026-2774,Synthetic Candidate 2774,Female,Focal Group,REQ-2026-QUA-G3,2026-02-06,Employee Referral,Application Review,Automated job-related knockout criteria not met,2.40,,,,,,,,No,No,
CAND-2026-2775,Synthetic Candidate 2775,Female,Focal Group,REQ-2026-QUA-G3,2026-02-13,LinkedIn Recruiter,Application Review,Automated job-related knockout criteria not met,3.10,,,,,,,,No,No,
CAND-2026-2776,Synthetic Candidate 2776,Male,Reference Group,REQ-2026-QUA-G3,2026-02-07,Skills Academy,Application Review,Automated job-related knockout criteria not met,2.60,,,,,,,,No,No,
CAND-2026-2777,Synthetic Candidate 2777,Male,Reference Group,REQ-2026-QUA-G3,2026-02-01,Direct Career Portal,Application Review,Automated job-related knockout criteria not met,3.30,,,,,,,,No,No,
CAND-2026-2778,Synthetic Candidate 2778,Male,Reference Group,REQ-2026-QUA-G3,2026-02-08,Regional Hiring Drive,Application Review,Automated job-related knockout criteria not met,2.80,,,,,,,,No,No,
CAND-2026-2779,Synthetic Candidate 2779,Female,Focal Group,REQ-2026-QUA-G3,2026-02-02,Employee Referral,Application Review,Automated job-related knockout criteria not met,2.30,,,,,,,,No,No,
CAND-2026-2780,Synthetic Candidate 2780,Female,Focal Group,REQ-2026-QUA-G3,2026-02-09,LinkedIn Recruiter,Application Review,Automated job-related knockout criteria not met,3.00,,,,,,,,No,No,
CAND-2026-2781,Synthetic Candidate 2781,Male,Reference Group,REQ-2026-QUA-G3,2026-02-03,Skills Academy,Application Review,Automated job-related knockout criteria not met,2.50,,,,,,,,No,No,
CAND-2026-2782,Synthetic Candidate 2782,Male,Reference Group,REQ-2026-QUA-G3,2026-02-10,Direct Career Portal,Application Review,Automated job-related knockout criteria not met,3.20,,,,,,,,No,No,
CAND-2026-2783,Synthetic Candidate 2783,Male,Reference Group,REQ-2026-QUA-G3,2026-02-04,Regional Hiring Drive,Application Review,Automated job-related knockout criteria not met,2.70,,,,,,,,No,No,
CAND-2026-2784,Synthetic Candidate 2784,Female,Focal Group,REQ-2026-QUA-G3,2026-02-11,Employee Referral,Application Review,Automated job-related knockout criteria not met,2.20,,,,,,,,No,No,
CAND-2026-2785,Synthetic Candidate 2785,Female,Focal Group,REQ-2026-QUA-G3,2026-02-05,LinkedIn Recruiter,Application Review,Automated job-related knockout criteria not met,2.90,,,,,,,,No,No,
CAND-2026-2786,Synthetic Candidate 2786,Male,Reference Group,REQ-2026-QUA-G3,2026-02-12,Skills Academy,Application Review,Automated job-related knockout criteria not met,2.40,,,,,,,,No,No,
CAND-2026-2787,Synthetic Candidate 2787,Male,Reference Group,REQ-2026-QUA-G3,2026-02-06,Direct Career Portal,Application Review,Automated job-related knockout criteria not met,3.10,,,,,,,,No,No,
CAND-2026-2788,Synthetic Candidate 2788,Male,Reference Group,REQ-2026-QUA-G3,2026-02-13,Regional Hiring Drive,Application Review,Automated job-related knockout criteria not met,2.60,,,,,,,,No,No,
CAND-2026-2789,Synthetic Candidate 2789,Female,Focal Group,REQ-2026-QUA-G3,2026-02-07,Employee Referral,Application Review,Automated job-related knockout criteria not met,3.30,,,,,,,,No,No,
CAND-2026-2790,Synthetic Candidate 2790,Female,Focal Group,REQ-2026-QUA-G3,2026-02-01,LinkedIn Recruiter,Application Review,Automated job-related knockout criteria not met,2.80,,,,,,,,No,No,
CAND-2026-2791,Synthetic Candidate 2791,Male,Reference Group,REQ-2026-QUA-G3,2026-02-08,Skills Academy,Application Review,Automated job-related knockout criteria not met,2.30,,,,,,,,No,No,
CAND-2026-2792,Synthetic Candidate 2792,Male,Reference Group,REQ-2026-QUA-G3,2026-02-02,Direct Career Portal,Application Review,Automated job-related knockout criteria not met,3.00,,,,,,,,No,No,
CAND-2026-2793,Synthetic Candidate 2793,Male,Reference Group,REQ-2026-QUA-G3,2026-02-09,Regional Hiring Drive,Application Review,Automated job-related knockout criteria not met,2.50,,,,,,,,No,No,
CAND-2026-2794,Synthetic Candidate 2794,Female,Focal Group,REQ-2026-QUA-G3,2026-02-03,Employee Referral,Application Review,Automated job-related knockout criteria not met,3.20,,,,,,,,No,No,
CAND-2026-2795,Synthetic Candidate 2795,Female,Focal Group,REQ-2026-QUA-G3,2026-02-10,LinkedIn Recruiter,Application Review,Automated job-related knockout criteria not met,2.70,,,,,,,,No,No,
CAND-2026-2796,Synthetic Candidate 2796,Male,Reference Group,REQ-2026-QUA-G3,2026-02-04,Skills Academy,Application Review,Automated job-related knockout criteria not met,2.20,,,,,,,,No,No,
CAND-2026-2797,Synthetic Candidate 2797,Male,Reference Group,REQ-2026-QUA-G3,2026-02-11,Direct Career Portal,Application Review,Automated job-related knockout criteria not met,2.90,,,,,,,,No,No,
CAND-2026-2798,Synthetic Candidate 2798,Male,Reference Group,REQ-2026-QUA-G3,2026-02-05,Regional Hiring Drive,Application Review,Automated job-related knockout criteria not met,2.40,,,,,,,,No,No,
CAND-2026-2799,Synthetic Candidate 2799,Female,Focal Group,REQ-2026-QUA-G3,2026-02-12,Employee Referral,Application Review,Automated job-related knockout criteria not met,3.10,,,,,,,,No,No,
CAND-2026-2800,Synthetic Candidate 2800,Female,Focal Group,REQ-2026-QUA-G3,2026-02-06,LinkedIn Recruiter,Application Review,Automated job-related knockout criteria not met,2.60,,,,,,,,No,No,
CAND-2026-2801,Synthetic Candidate 2801,Male,Reference Group,REQ-2026-QUA-G3,2026-02-13,Skills Academy,Application Review,Automated job-related knockout criteria not met,3.30,,,,,,,,No,No,
CAND-2026-2802,Synthetic Candidate 2802,Male,Reference Group,REQ-2026-QUA-G3,2026-02-07,Direct Career Portal,Application Review,Automated job-related knockout criteria not met,2.80,,,,,,,,No,No,
CAND-2026-2803,Synthetic Candidate 2803,Male,Reference Group,REQ-2026-QUA-G3,2026-02-01,Regional Hiring Drive,Application Review,Automated job-related knockout criteria not met,2.30,,,,,,,,No,No,
CAND-2026-2804,Synthetic Candidate 2804,Female,Focal Group,REQ-2026-QUA-G3,2026-02-08,Employee Referral,Application Review,Automated job-related knockout criteria not met,3.00,,,,,,,,No,No,
CAND-2026-2805,Synthetic Candidate 2805,Female,Focal Group,REQ-2026-QUA-G3,2026-02-02,LinkedIn Recruiter,Application Review,Automated job-related knockout criteria not met,2.50,,,,,,,,No,No,
CAND-2026-2806,Synthetic Candidate 2806,Male,Reference Group,REQ-2026-QUA-G3,2026-02-09,Skills Academy,Application Review,Automated job-related knockout criteria not met,3.20,,,,,,,,No,No,
CAND-2026-2807,Synthetic Candidate 2807,Male,Reference Group,REQ-2026-QUA-G3,2026-02-03,Direct Career Portal,Application Review,Automated job-related knockout criteria not met,2.70,,,,,,,,No,No,
CAND-2026-2808,Synthetic Candidate 2808,Male,Reference Group,REQ-2026-QUA-G3,2026-02-10,Regional Hiring Drive,Application Review,Automated job-related knockout criteria not met,2.20,,,,,,,,No,No,
CAND-2026-2809,Synthetic Candidate 2809,Female,Focal Group,REQ-2026-QUA-G3,2026-02-04,Employee Referral,Application Review,Automated job-related knockout criteria not met,2.90,,,,,,,,No,No,
CAND-2026-2810,Synthetic Candidate 2810,Female,Focal Group,REQ-2026-QUA-G3,2026-02-11,LinkedIn Recruiter,Application Review,Automated job-related knockout criteria not met,2.40,,,,,,,,No,No,
CAND-2026-2811,Synthetic Candidate 2811,Male,Reference Group,REQ-2026-QUA-G3,2026-02-05,Skills Academy,Application Review,Automated job-related knockout criteria not met,3.10,,,,,,,,No,No,
CAND-2026-2812,Synthetic Candidate 2812,Male,Reference Group,REQ-2026-QUA-G3,2026-02-12,Direct Career Portal,Application Review,Automated job-related knockout criteria not met,2.60,,,,,,,,No,No,
CAND-2026-2813,Synthetic Candidate 2813,Male,Reference Group,REQ-2026-QUA-G3,2026-02-06,Regional Hiring Drive,Application Review,Automated job-related knockout criteria not met,3.30,,,,,,,,No,No,
CAND-2026-2814,Synthetic Candidate 2814,Female,Focal Group,REQ-2026-QUA-G3,2026-02-13,Employee Referral,Application Review,Automated job-related knockout criteria not met,2.80,,,,,,,,No,No,
CAND-2026-2815,Synthetic Candidate 2815,Female,Focal Group,REQ-2026-QUA-G3,2026-02-07,LinkedIn Recruiter,Application Review,Automated job-related knockout criteria not met,2.30,,,,,,,,No,No,
CAND-2026-2816,Synthetic Candidate 2816,Male,Reference Group,REQ-2026-QUA-G3,2026-02-01,Skills Academy,Application Review,Automated job-related knockout criteria not met,3.00,,,,,,,,No,No,
CAND-2026-2817,Synthetic Candidate 2817,Male,Reference Group,REQ-2026-QUA-G3,2026-02-08,Direct Career Portal,Application Review,Automated job-related knockout criteria not met,2.50,,,,,,,,No,No,
CAND-2026-2818,Synthetic Candidate 2818,Male,Reference Group,REQ-2026-QUA-G3,2026-02-02,Regional Hiring Drive,Application Review,Automated job-related knockout criteria not met,3.20,,,,,,,,No,No,
CAND-2026-2819,Synthetic Candidate 2819,Female,Focal Group,REQ-2026-QUA-G3,2026-02-09,Employee Referral,Application Review,Automated job-related knockout criteria not met,2.70,,,,,,,,No,No,
CAND-2026-2820,Synthetic Candidate 2820,Female,Focal Group,REQ-2026-QUA-G3,2026-02-03,LinkedIn Recruiter,Application Review,Automated job-related knockout criteria not met,2.20,,,,,,,,No,No,
CAND-2026-2821,Synthetic Candidate 2821,Male,Reference Group,REQ-2026-QUA-G3,2026-02-10,Skills Academy,Application Review,Automated job-related knockout criteria not met,2.90,,,,,,,,No,No,
CAND-2026-2822,Synthetic Candidate 2822,Male,Reference Group,REQ-2026-QUA-G3,2026-02-04,Direct Career Portal,Application Review,Automated job-related knockout criteria not met,2.40,,,,,,,,No,No,
CAND-2026-2823,Synthetic Candidate 2823,Male,Reference Group,REQ-2026-QUA-G3,2026-02-11,Regional Hiring Drive,Application Review,Automated job-related knockout criteria not met,3.10,,,,,,,,No,No,
CAND-2026-2824,Synthetic Candidate 2824,Female,Focal Group,REQ-2026-QUA-G3,2026-02-05,Employee Referral,Application Review,Automated job-related knockout criteria not met,2.60,,,,,,,,No,No,
CAND-2026-2825,Synthetic Candidate 2825,Female,Focal Group,REQ-2026-QUA-G3,2026-02-12,LinkedIn Recruiter,Application Review,Automated job-related knockout criteria not met,3.30,,,,,,,,No,No,
CAND-2026-2826,Synthetic Candidate 2826,Male,Reference Group,REQ-2026-QUA-G3,2026-02-06,Skills Academy,Application Review,Automated job-related knockout criteria not met,2.80,,,,,,,,No,No,
CAND-2026-2827,Synthetic Candidate 2827,Male,Reference Group,REQ-2026-QUA-G3,2026-02-13,Direct Career Portal,Application Review,Automated job-related knockout criteria not met,2.30,,,,,,,,No,No,
CAND-2026-2828,Synthetic Candidate 2828,Male,Reference Group,REQ-2026-QUA-G3,2026-02-07,Regional Hiring Drive,Application Review,Automated job-related knockout criteria not met,3.00,,,,,,,,No,No,
CAND-2026-2829,Synthetic Candidate 2829,Female,Focal Group,REQ-2026-QUA-G3,2026-02-01,Employee Referral,Application Review,Automated job-related knockout criteria not met,2.50,,,,,,,,No,No,
CAND-2026-2830,Synthetic Candidate 2830,Female,Focal Group,REQ-2026-QUA-G3,2026-02-08,LinkedIn Recruiter,Application Review,Automated job-related knockout criteria not met,3.20,,,,,,,,No,No,
CAND-2026-2831,Synthetic Candidate 2831,Male,Reference Group,REQ-2026-QUA-G3,2026-02-02,Skills Academy,Application Review,Automated job-related knockout criteria not met,2.70,,,,,,,,No,No,
CAND-2026-2832,Synthetic Candidate 2832,Male,Reference Group,REQ-2026-QUA-G3,2026-02-09,Direct Career Portal,Application Review,Automated job-related knockout criteria not met,2.20,,,,,,,,No,No,
CAND-2026-2833,Synthetic Candidate 2833,Male,Reference Group,REQ-2026-QUA-G3,2026-02-03,Regional Hiring Drive,Application Review,Automated job-related knockout criteria not met,2.90,,,,,,,,No,No,
CAND-2026-2834,Synthetic Candidate 2834,Female,Focal Group,REQ-2026-QUA-G3,2026-02-10,Employee Referral,Application Review,Automated job-related knockout criteria not met,2.40,,,,,,,,No,No,
CAND-2026-2835,Synthetic Candidate 2835,Female,Focal Group,REQ-2026-QUA-G3,2026-02-04,LinkedIn Recruiter,Application Review,Automated job-related knockout criteria not met,3.10,,,,,,,,No,No,
CAND-2026-2836,Synthetic Candidate 2836,Male,Reference Group,REQ-2026-QUA-G3,2026-02-11,Skills Academy,Application Review,Automated job-related knockout criteria not met,2.60,,,,,,,,No,No,
CAND-2026-2837,Synthetic Candidate 2837,Male,Reference Group,REQ-2026-QUA-G3,2026-02-05,Direct Career Portal,Application Review,Automated job-related knockout criteria not met,3.30,,,,,,,,No,No,
CAND-2026-2838,Synthetic Candidate 2838,Male,Reference Group,REQ-2026-QUA-G3,2026-02-12,Regional Hiring Drive,Application Review,Automated job-related knockout criteria not met,2.80,,,,,,,,No,No,
CAND-2026-2839,Synthetic Candidate 2839,Female,Focal Group,REQ-2026-QUA-G3,2026-02-06,Employee Referral,Application Review,Automated job-related knockout criteria not met,2.30,,,,,,,,No,No,
CAND-2026-2840,Synthetic Candidate 2840,Female,Focal Group,REQ-2026-QUA-G3,2026-02-13,LinkedIn Recruiter,Application Review,Automated job-related knockout criteria not met,3.00,,,,,,,,No,No,
CAND-2026-2841,Synthetic Candidate 2841,Male,Reference Group,REQ-2026-QUA-G3,2026-02-07,Skills Academy,Application Review,Automated job-related knockout criteria not met,2.50,,,,,,,,No,No,
CAND-2026-2842,Synthetic Candidate 2842,Male,Reference Group,REQ-2026-QUA-G3,2026-02-01,Direct Career Portal,Application Review,Automated job-related knockout criteria not met,3.20,,,,,,,,No,No,
CAND-2026-2843,Synthetic Candidate 2843,Male,Reference Group,REQ-2026-QUA-G3,2026-02-08,Regional Hiring Drive,Application Review,Automated job-related knockout criteria not met,2.70,,,,,,,,No,No,
CAND-2026-2844,Synthetic Candidate 2844,Female,Focal Group,REQ-2026-QUA-G3,2026-02-02,Employee Referral,Application Review,Automated job-related knockout criteria not met,2.20,,,,,,,,No,No,
CAND-2026-2845,Synthetic Candidate 2845,Female,Focal Group,REQ-2026-QUA-G3,2026-02-09,LinkedIn Recruiter,Application Review,Automated job-related knockout criteria not met,2.90,,,,,,,,No,No,
CAND-2026-2846,Synthetic Candidate 2846,Male,Reference Group,REQ-2026-QUA-G3,2026-02-03,Skills Academy,Application Review,Automated job-related knockout criteria not met,2.40,,,,,,,,No,No,
CAND-2026-2847,Synthetic Candidate 2847,Male,Reference Group,REQ-2026-QUA-G3,2026-02-10,Direct Career Portal,Application Review,Automated job-related knockout criteria not met,3.10,,,,,,,,No,No,
CAND-2026-2848,Synthetic Candidate 2848,Male,Reference Group,REQ-2026-QUA-G3,2026-02-04,Regional Hiring Drive,Application Review,Automated job-related knockout criteria not met,2.60,,,,,,,,No,No,
CAND-2026-2849,Synthetic Candidate 2849,Female,Focal Group,REQ-2026-QUA-G3,2026-02-11,Employee Referral,Application Review,Automated job-related knockout criteria not met,3.30,,,,,,,,No,No,
CAND-2026-2850,Synthetic Candidate 2850,Female,Focal Group,REQ-2026-QUA-G3,2026-02-05,LinkedIn Recruiter,Application Review,Automated job-related knockout criteria not met,2.80,,,,,,,,No,No,
CAND-2026-2851,Synthetic Candidate 2851,Male,Reference Group,REQ-2026-QUA-G3,2026-02-12,Skills Academy,Application Review,Automated job-related knockout criteria not met,2.30,,,,,,,,No,No,
CAND-2026-2852,Synthetic Candidate 2852,Male,Reference Group,REQ-2026-QUA-G3,2026-02-06,Direct Career Portal,Application Review,Automated job-related knockout criteria not met,3.00,,,,,,,,No,No,
CAND-2026-2853,Synthetic Candidate 2853,Male,Reference Group,REQ-2026-QUA-G3,2026-02-13,Regional Hiring Drive,Application Review,Automated job-related knockout criteria not met,2.50,,,,,,,,No,No,
CAND-2026-2854,Synthetic Candidate 2854,Female,Focal Group,REQ-2026-QUA-G3,2026-02-07,Employee Referral,Application Review,Automated job-related knockout criteria not met,3.20,,,,,,,,No,No,
CAND-2026-2855,Synthetic Candidate 2855,Female,Focal Group,REQ-2026-QUA-G3,2026-02-01,LinkedIn Recruiter,Application Review,Automated job-related knockout criteria not met,2.70,,,,,,,,No,No,
CAND-2026-2856,Synthetic Candidate 2856,Male,Reference Group,REQ-2026-QUA-G3,2026-02-08,Skills Academy,Application Review,Automated job-related knockout criteria not met,2.20,,,,,,,,No,No,
CAND-2026-2857,Synthetic Candidate 2857,Male,Reference Group,REQ-2026-QUA-G3,2026-02-02,Direct Career Portal,Application Review,Automated job-related knockout criteria not met,2.90,,,,,,,,No,No,
CAND-2026-2858,Synthetic Candidate 2858,Male,Reference Group,REQ-2026-QUA-G3,2026-02-09,Regional Hiring Drive,Application Review,Automated job-related knockout criteria not met,2.40,,,,,,,,No,No,
CAND-2026-2859,Synthetic Candidate 2859,Female,Focal Group,REQ-2026-QUA-G3,2026-02-03,Employee Referral,Application Review,Automated job-related knockout criteria not met,3.10,,,,,,,,No,No,
CAND-2026-2860,Synthetic Candidate 2860,Female,Focal Group,REQ-2026-QUA-G3,2026-02-10,LinkedIn Recruiter,Application Review,Automated job-related knockout criteria not met,2.60,,,,,,,,No,No,
CAND-2026-2861,Synthetic Candidate 2861,Male,Reference Group,REQ-2026-QUA-G3,2026-02-04,Skills Academy,Application Review,Automated job-related knockout criteria not met,3.30,,,,,,,,No,No,
CAND-2026-2862,Synthetic Candidate 2862,Male,Reference Group,REQ-2026-QUA-G3,2026-02-11,Direct Career Portal,Application Review,Automated job-related knockout criteria not met,2.80,,,,,,,,No,No,
CAND-2026-2863,Synthetic Candidate 2863,Male,Reference Group,REQ-2026-QUA-G3,2026-02-05,Regional Hiring Drive,Application Review,Automated job-related knockout criteria not met,2.30,,,,,,,,No,No,
CAND-2026-2864,Synthetic Candidate 2864,Female,Focal Group,REQ-2026-QUA-G3,2026-02-12,Employee Referral,Application Review,Automated job-related knockout criteria not met,3.00,,,,,,,,No,No,
CAND-2026-2865,Synthetic Candidate 2865,Female,Focal Group,REQ-2026-QUA-G3,2026-02-06,LinkedIn Recruiter,Application Review,Automated job-related knockout criteria not met,2.50,,,,,,,,No,No,
CAND-2026-2866,Synthetic Candidate 2866,Male,Reference Group,REQ-2026-QUA-G3,2026-02-13,Skills Academy,Application Review,Automated job-related knockout criteria not met,3.20,,,,,,,,No,No,
CAND-2026-2867,Synthetic Candidate 2867,Male,Reference Group,REQ-2026-QUA-G3,2026-02-07,Direct Career Portal,Application Review,Automated job-related knockout criteria not met,2.70,,,,,,,,No,No,
CAND-2026-2868,Synthetic Candidate 2868,Male,Reference Group,REQ-2026-QUA-G3,2026-02-01,Regional Hiring Drive,Application Review,Automated job-related knockout criteria not met,2.20,,,,,,,,No,No,
CAND-2026-2869,Synthetic Candidate 2869,Female,Focal Group,REQ-2026-QUA-G3,2026-02-08,Employee Referral,Application Review,Automated job-related knockout criteria not met,2.90,,,,,,,,No,No,
CAND-2026-2870,Synthetic Candidate 2870,Female,Focal Group,REQ-2026-QUA-G3,2026-02-02,LinkedIn Recruiter,Application Review,Automated job-related knockout criteria not met,2.40,,,,,,,,No,No,
CAND-2026-2871,Synthetic Candidate 2871,Male,Reference Group,REQ-2026-QUA-G3,2026-02-09,Skills Academy,Application Review,Automated job-related knockout criteria not met,3.10,,,,,,,,No,No,
CAND-2026-2872,Synthetic Candidate 2872,Male,Reference Group,REQ-2026-QUA-G3,2026-02-03,Direct Career Portal,Application Review,Automated job-related knockout criteria not met,2.60,,,,,,,,No,No,
CAND-2026-2873,Synthetic Candidate 2873,Male,Reference Group,REQ-2026-QUA-G3,2026-02-10,Regional Hiring Drive,Application Review,Automated job-related knockout criteria not met,3.30,,,,,,,,No,No,
CAND-2026-2874,Synthetic Candidate 2874,Female,Focal Group,REQ-2026-QUA-G3,2026-02-04,Employee Referral,Application Review,Automated job-related knockout criteria not met,2.80,,,,,,,,No,No,
CAND-2026-2875,Synthetic Candidate 2875,Female,Focal Group,REQ-2026-QUA-G3,2026-02-11,LinkedIn Recruiter,Application Review,Automated job-related knockout criteria not met,2.30,,,,,,,,No,No,
CAND-2026-2876,Synthetic Candidate 2876,Male,Reference Group,REQ-2026-QUA-G3,2026-02-05,Skills Academy,Application Review,Automated job-related knockout criteria not met,3.00,,,,,,,,No,No,
CAND-2026-2877,Synthetic Candidate 2877,Male,Reference Group,REQ-2026-QUA-G3,2026-02-12,Direct Career Portal,Application Review,Automated job-related knockout criteria not met,2.50,,,,,,,,No,No,
CAND-2026-2878,Synthetic Candidate 2878,Male,Reference Group,REQ-2026-QUA-G3,2026-02-06,Regional Hiring Drive,Application Review,Automated job-related knockout criteria not met,3.20,,,,,,,,No,No,
CAND-2026-2879,Synthetic Candidate 2879,Female,Focal Group,REQ-2026-QUA-G3,2026-02-13,Employee Referral,Application Review,Automated job-related knockout criteria not met,2.70,,,,,,,,No,No,
CAND-2026-2880,Synthetic Candidate 2880,Female,Focal Group,REQ-2026-QUA-G3,2026-02-07,LinkedIn Recruiter,Application Review,Automated job-related knockout criteria not met,2.20,,,,,,,,No,No,
CAND-2026-2881,Synthetic Candidate 2881,Male,Reference Group,REQ-2026-QUA-G3,2026-02-01,Skills Academy,Application Review,Automated job-related knockout criteria not met,2.90,,,,,,,,No,No,
CAND-2026-2882,Synthetic Candidate 2882,Male,Reference Group,REQ-2026-QUA-G3,2026-02-08,Direct Career Portal,Application Review,Automated job-related knockout criteria not met,2.40,,,,,,,,No,No,
CAND-2026-2883,Synthetic Candidate 2883,Male,Reference Group,REQ-2026-QUA-G3,2026-02-02,Regional Hiring Drive,Application Review,Automated job-related knockout criteria not met,3.10,,,,,,,,No,No,
CAND-2026-2884,Synthetic Candidate 2884,Female,Focal Group,REQ-2026-QUA-G3,2026-02-09,Employee Referral,Application Review,Automated job-related knockout criteria not met,2.60,,,,,,,,No,No,
CAND-2026-2885,Synthetic Candidate 2885,Female,Focal Group,REQ-2026-QUA-G3,2026-02-03,LinkedIn Recruiter,Application Review,Automated job-related knockout criteria not met,3.30,,,,,,,,No,No,
CAND-2026-2886,Synthetic Candidate 2886,Male,Reference Group,REQ-2026-QUA-G3,2026-02-10,Skills Academy,Application Review,Automated job-related knockout criteria not met,2.80,,,,,,,,No,No,
CAND-2026-2887,Synthetic Candidate 2887,Male,Reference Group,REQ-2026-QUA-G3,2026-02-04,Direct Career Portal,Application Review,Automated job-related knockout criteria not met,2.30,,,,,,,,No,No,
CAND-2026-2888,Synthetic Candidate 2888,Male,Reference Group,REQ-2026-QUA-G3,2026-02-11,Regional Hiring Drive,Application Review,Automated job-related knockout criteria not met,3.00,,,,,,,,No,No,
CAND-2026-2889,Synthetic Candidate 2889,Female,Focal Group,REQ-2026-QUA-G3,2026-02-05,Employee Referral,Application Review,Automated job-related knockout criteria not met,2.50,,,,,,,,No,No,
CAND-2026-2890,Synthetic Candidate 2890,Female,Focal Group,REQ-2026-QUA-G3,2026-02-12,LinkedIn Recruiter,Application Review,Automated job-related knockout criteria not met,3.20,,,,,,,,No,No,
CAND-2026-2891,Synthetic Candidate 2891,Male,Reference Group,REQ-2026-QUA-G3,2026-02-06,Skills Academy,Application Review,Automated job-related knockout criteria not met,2.70,,,,,,,,No,No,
CAND-2026-2892,Synthetic Candidate 2892,Male,Reference Group,REQ-2026-QUA-G3,2026-02-13,Direct Career Portal,Application Review,Automated job-related knockout criteria not met,2.20,,,,,,,,No,No,
CAND-2026-2893,Synthetic Candidate 2893,Male,Reference Group,REQ-2026-QUA-G3,2026-02-07,Regional Hiring Drive,Application Review,Automated job-related knockout criteria not met,2.90,,,,,,,,No,No,
CAND-2026-2894,Synthetic Candidate 2894,Female,Focal Group,REQ-2026-QUA-G3,2026-02-01,Employee Referral,Application Review,Automated job-related knockout criteria not met,2.40,,,,,,,,No,No,
CAND-2026-2895,Synthetic Candidate 2895,Female,Focal Group,REQ-2026-QUA-G3,2026-02-08,LinkedIn Recruiter,Application Review,Automated job-related knockout criteria not met,3.10,,,,,,,,No,No,
CAND-2026-2896,Synthetic Candidate 2896,Male,Reference Group,REQ-2026-QUA-G3,2026-02-02,Skills Academy,Application Review,Automated job-related knockout criteria not met,2.60,,,,,,,,No,No,
CAND-2026-2897,Synthetic Candidate 2897,Male,Reference Group,REQ-2026-QUA-G3,2026-02-09,Direct Career Portal,Application Review,Automated job-related knockout criteria not met,3.30,,,,,,,,No,No,
CAND-2026-2898,Synthetic Candidate 2898,Male,Reference Group,REQ-2026-QUA-G3,2026-02-03,Regional Hiring Drive,Application Review,Automated job-related knockout criteria not met,2.80,,,,,,,,No,No,
CAND-2026-2899,Synthetic Candidate 2899,Female,Focal Group,REQ-2026-QUA-G3,2026-02-10,Employee Referral,Application Review,Automated job-related knockout criteria not met,2.30,,,,,,,,No,No,
CAND-2026-2900,Synthetic Candidate 2900,Female,Focal Group,REQ-2026-QUA-G3,2026-02-04,LinkedIn Recruiter,Application Review,Automated job-related knockout criteria not met,3.00,,,,,,,,No,No,
CAND-2026-2901,Synthetic Candidate 2901,Male,Reference Group,REQ-2026-QUA-G3,2026-02-11,Skills Academy,Application Review,Automated job-related knockout criteria not met,2.50,,,,,,,,No,No,
CAND-2026-2902,Synthetic Candidate 2902,Male,Reference Group,REQ-2026-QUA-G3,2026-02-05,Direct Career Portal,Application Review,Automated job-related knockout criteria not met,3.20,,,,,,,,No,No,
CAND-2026-2903,Synthetic Candidate 2903,Male,Reference Group,REQ-2026-QUA-G3,2026-02-12,Regional Hiring Drive,Application Review,Automated job-related knockout criteria not met,2.70,,,,,,,,No,No,
CAND-2026-2904,Synthetic Candidate 2904,Female,Focal Group,REQ-2026-QUA-G3,2026-02-06,Employee Referral,Application Review,Automated job-related knockout criteria not met,2.20,,,,,,,,No,No,
CAND-2026-2905,Synthetic Candidate 2905,Female,Focal Group,REQ-2026-QUA-G3,2026-02-13,LinkedIn Recruiter,Application Review,Automated job-related knockout criteria not met,2.90,,,,,,,,No,No,
CAND-2026-2906,Synthetic Candidate 2906,Male,Reference Group,REQ-2026-QUA-G3,2026-02-07,Skills Academy,Application Review,Automated job-related knockout criteria not met,2.40,,,,,,,,No,No,
CAND-2026-2907,Synthetic Candidate 2907,Male,Reference Group,REQ-2026-QUA-G3,2026-02-01,Direct Career Portal,Application Review,Automated job-related knockout criteria not met,3.10,,,,,,,,No,No,
CAND-2026-2908,Synthetic Candidate 2908,Male,Reference Group,REQ-2026-QUA-G3,2026-02-08,Regional Hiring Drive,Application Review,Automated job-related knockout criteria not met,2.60,,,,,,,,No,No,
CAND-2026-2909,Synthetic Candidate 2909,Female,Focal Group,REQ-2026-QUA-G3,2026-02-02,Employee Referral,Application Review,Automated job-related knockout criteria not met,3.30,,,,,,,,No,No,
CAND-2026-2910,Synthetic Candidate 2910,Female,Focal Group,REQ-2026-QUA-G3,2026-02-09,LinkedIn Recruiter,Application Review,Automated job-related knockout criteria not met,2.80,,,,,,,,No,No,
CAND-2026-2911,Synthetic Candidate 2911,Male,Reference Group,REQ-2026-QUA-G3,2026-02-03,Skills Academy,Application Review,Automated job-related knockout criteria not met,2.30,,,,,,,,No,No,
CAND-2026-2912,Synthetic Candidate 2912,Male,Reference Group,REQ-2026-QUA-G3,2026-02-10,Direct Career Portal,Application Review,Automated job-related knockout criteria not met,3.00,,,,,,,,No,No,
CAND-2026-2913,Synthetic Candidate 2913,Male,Reference Group,REQ-2026-QUA-G3,2026-02-04,Regional Hiring Drive,Application Review,Automated job-related knockout criteria not met,2.50,,,,,,,,No,No,
CAND-2026-2914,Synthetic Candidate 2914,Female,Focal Group,REQ-2026-QUA-G3,2026-02-11,Employee Referral,Application Review,Automated job-related knockout criteria not met,3.20,,,,,,,,No,No,
CAND-2026-2915,Synthetic Candidate 2915,Female,Focal Group,REQ-2026-QUA-G3,2026-02-05,LinkedIn Recruiter,Application Review,Automated job-related knockout criteria not met,2.70,,,,,,,,No,No,
CAND-2026-2916,Synthetic Candidate 2916,Male,Reference Group,REQ-2026-QUA-G3,2026-02-12,Skills Academy,Application Review,Automated job-related knockout criteria not met,2.20,,,,,,,,No,No,
CAND-2026-2917,Synthetic Candidate 2917,Male,Reference Group,REQ-2026-QUA-G3,2026-02-06,Direct Career Portal,Application Review,Automated job-related knockout criteria not met,2.90,,,,,,,,No,No,
CAND-2026-2918,Synthetic Candidate 2918,Male,Reference Group,REQ-2026-QUA-G3,2026-02-13,Regional Hiring Drive,Application Review,Automated job-related knockout criteria not met,2.40,,,,,,,,No,No,
CAND-2026-2919,Synthetic Candidate 2919,Female,Focal Group,REQ-2026-QUA-G3,2026-02-07,Employee Referral,Application Review,Automated job-related knockout criteria not met,3.10,,,,,,,,No,No,
CAND-2026-2920,Synthetic Candidate 2920,Female,Focal Group,REQ-2026-QUA-G3,2026-02-01,LinkedIn Recruiter,Application Review,Automated job-related knockout criteria not met,2.60,,,,,,,,No,No,
CAND-2026-2921,Synthetic Candidate 2921,Male,Reference Group,REQ-2026-QUA-G3,2026-02-08,Skills Academy,Application Review,Automated job-related knockout criteria not met,3.30,,,,,,,,No,No,
CAND-2026-2922,Synthetic Candidate 2922,Male,Reference Group,REQ-2026-QUA-G3,2026-02-02,Direct Career Portal,Application Review,Automated job-related knockout criteria not met,2.80,,,,,,,,No,No,
CAND-2026-2923,Synthetic Candidate 2923,Male,Reference Group,REQ-2026-QUA-G3,2026-02-09,Regional Hiring Drive,Application Review,Automated job-related knockout criteria not met,2.30,,,,,,,,No,No,
CAND-2026-2924,Synthetic Candidate 2924,Female,Focal Group,REQ-2026-QUA-G3,2026-02-03,Employee Referral,Application Review,Automated job-related knockout criteria not met,3.00,,,,,,,,No,No,
CAND-2026-2925,Synthetic Candidate 2925,Female,Focal Group,REQ-2026-QUA-G3,2026-02-10,LinkedIn Recruiter,Application Review,Automated job-related knockout criteria not met,2.50,,,,,,,,No,No,
CAND-2026-2926,Synthetic Candidate 2926,Male,Reference Group,REQ-2026-QUA-G3,2026-02-04,Skills Academy,Application Review,Automated job-related knockout criteria not met,3.20,,,,,,,,No,No,
CAND-2026-2927,Synthetic Candidate 2927,Male,Reference Group,REQ-2026-QUA-G3,2026-02-11,Direct Career Portal,Application Review,Automated job-related knockout criteria not met,2.70,,,,,,,,No,No,
CAND-2026-2928,Synthetic Candidate 2928,Male,Reference Group,REQ-2026-QUA-G3,2026-02-05,Regional Hiring Drive,Application Review,Automated job-related knockout criteria not met,2.20,,,,,,,,No,No,
CAND-2026-2929,Synthetic Candidate 2929,Female,Focal Group,REQ-2026-QUA-G3,2026-02-12,Employee Referral,Application Review,Automated job-related knockout criteria not met,2.90,,,,,,,,No,No,
CAND-2026-2930,Synthetic Candidate 2930,Female,Focal Group,REQ-2026-QUA-G3,2026-02-06,LinkedIn Recruiter,Application Review,Automated job-related knockout criteria not met,2.40,,,,,,,,No,No,
CAND-2026-2931,Synthetic Candidate 2931,Male,Reference Group,REQ-2026-QUA-G3,2026-02-13,Skills Academy,Application Review,Automated job-related knockout criteria not met,3.10,,,,,,,,No,No,
CAND-2026-2932,Synthetic Candidate 2932,Male,Reference Group,REQ-2026-QUA-G3,2026-02-07,Direct Career Portal,Application Review,Automated job-related knockout criteria not met,2.60,,,,,,,,No,No,
CAND-2026-2933,Synthetic Candidate 2933,Male,Reference Group,REQ-2026-QUA-G3,2026-02-01,Regional Hiring Drive,Application Review,Automated job-related knockout criteria not met,3.30,,,,,,,,No,No,
CAND-2026-2934,Synthetic Candidate 2934,Female,Focal Group,REQ-2026-QUA-G3,2026-02-08,Employee Referral,Application Review,Automated job-related knockout criteria not met,2.80,,,,,,,,No,No,
CAND-2026-2935,Synthetic Candidate 2935,Female,Focal Group,REQ-2026-QUA-G3,2026-02-02,LinkedIn Recruiter,Application Review,Automated job-related knockout criteria not met,2.30,,,,,,,,No,No,
CAND-2026-2936,Synthetic Candidate 2936,Male,Reference Group,REQ-2026-QUA-G3,2026-02-09,Skills Academy,Application Review,Automated job-related knockout criteria not met,3.00,,,,,,,,No,No,
CAND-2026-2937,Synthetic Candidate 2937,Male,Reference Group,REQ-2026-QUA-G3,2026-02-03,Direct Career Portal,Application Review,Automated job-related knockout criteria not met,2.50,,,,,,,,No,No,
CAND-2026-2938,Synthetic Candidate 2938,Male,Reference Group,REQ-2026-QUA-G3,2026-02-10,Regional Hiring Drive,Application Review,Automated job-related knockout criteria not met,3.20,,,,,,,,No,No,
CAND-2026-2939,Synthetic Candidate 2939,Female,Focal Group,REQ-2026-QUA-G3,2026-02-04,Employee Referral,Application Review,Automated job-related knockout criteria not met,2.70,,,,,,,,No,No,
CAND-2026-2940,Synthetic Candidate 2940,Female,Focal Group,REQ-2026-QUA-G3,2026-02-11,LinkedIn Recruiter,Application Review,Automated job-related knockout criteria not met,2.20,,,,,,,,No,No,
CAND-2026-2941,Synthetic Candidate 2941,Male,Reference Group,REQ-2026-QUA-G3,2026-02-05,Skills Academy,Application Review,Automated job-related knockout criteria not met,2.90,,,,,,,,No,No,
CAND-2026-2942,Synthetic Candidate 2942,Male,Reference Group,REQ-2026-QUA-G3,2026-02-12,Direct Career Portal,Application Review,Automated job-related knockout criteria not met,2.40,,,,,,,,No,No,
CAND-2026-2943,Synthetic Candidate 2943,Male,Reference Group,REQ-2026-QUA-G3,2026-02-06,Regional Hiring Drive,Application Review,Automated job-related knockout criteria not met,3.10,,,,,,,,No,No,
CAND-2026-2944,Synthetic Candidate 2944,Female,Focal Group,REQ-2026-QUA-G3,2026-02-13,Employee Referral,Application Review,Automated job-related knockout criteria not met,2.60,,,,,,,,No,No,
CAND-2026-2945,Synthetic Candidate 2945,Female,Focal Group,REQ-2026-QUA-G3,2026-02-07,LinkedIn Recruiter,Application Review,Automated job-related knockout criteria not met,3.30,,,,,,,,No,No,
CAND-2026-2946,Synthetic Candidate 2946,Male,Reference Group,REQ-2026-QUA-G3,2026-02-01,Skills Academy,Application Review,Automated job-related knockout criteria not met,2.80,,,,,,,,No,No,
CAND-2026-2947,Synthetic Candidate 2947,Male,Reference Group,REQ-2026-QUA-G3,2026-02-08,Direct Career Portal,Application Review,Automated job-related knockout criteria not met,2.30,,,,,,,,No,No,
CAND-2026-2948,Synthetic Candidate 2948,Male,Reference Group,REQ-2026-QUA-G3,2026-02-02,Regional Hiring Drive,Application Review,Automated job-related knockout criteria not met,3.00,,,,,,,,No,No,
CAND-2026-2949,Synthetic Candidate 2949,Female,Focal Group,REQ-2026-QUA-G3,2026-02-09,Employee Referral,Application Review,Automated job-related knockout criteria not met,2.50,,,,,,,,No,No,
CAND-2026-2950,Synthetic Candidate 2950,Female,Focal Group,REQ-2026-QUA-G3,2026-02-03,LinkedIn Recruiter,Application Review,Automated job-related knockout criteria not met,3.20,,,,,,,,No,No,
CAND-2026-2951,Synthetic Candidate 2951,Male,Reference Group,REQ-2026-QUA-G3,2026-02-10,Skills Academy,Application Review,Automated job-related knockout criteria not met,2.70,,,,,,,,No,No,
CAND-2026-2952,Synthetic Candidate 2952,Male,Reference Group,REQ-2026-QUA-G3,2026-02-04,Direct Career Portal,Application Review,Automated job-related knockout criteria not met,2.20,,,,,,,,No,No,
CAND-2026-2953,Synthetic Candidate 2953,Male,Reference Group,REQ-2026-QUA-G3,2026-02-11,Regional Hiring Drive,Application Review,Automated job-related knockout criteria not met,2.90,,,,,,,,No,No,
CAND-2026-2954,Synthetic Candidate 2954,Female,Focal Group,REQ-2026-QUA-G3,2026-02-05,Employee Referral,Application Review,Automated job-related knockout criteria not met,2.40,,,,,,,,No,No,
CAND-2026-2955,Synthetic Candidate 2955,Female,Focal Group,REQ-2026-QUA-G3,2026-02-12,LinkedIn Recruiter,Application Review,Automated job-related knockout criteria not met,3.10,,,,,,,,No,No,
CAND-2026-2956,Synthetic Candidate 2956,Male,Reference Group,REQ-2026-QUA-G3,2026-02-06,Skills Academy,Application Review,Automated job-related knockout criteria not met,2.60,,,,,,,,No,No,
CAND-2026-2957,Synthetic Candidate 2957,Male,Reference Group,REQ-2026-QUA-G3,2026-02-13,Direct Career Portal,Application Review,Automated job-related knockout criteria not met,3.30,,,,,,,,No,No,
CAND-2026-2958,Synthetic Candidate 2958,Male,Reference Group,REQ-2026-QUA-G3,2026-02-07,Regional Hiring Drive,Application Review,Automated job-related knockout criteria not met,2.80,,,,,,,,No,No,
CAND-2026-2959,Synthetic Candidate 2959,Female,Focal Group,REQ-2026-QUA-G3,2026-02-01,Employee Referral,Application Review,Automated job-related knockout criteria not met,2.30,,,,,,,,No,No,
CAND-2026-2960,Synthetic Candidate 2960,Female,Focal Group,REQ-2026-QUA-G3,2026-02-08,LinkedIn Recruiter,Application Review,Automated job-related knockout criteria not met,3.00,,,,,,,,No,No,
CAND-2026-2961,Synthetic Candidate 2961,Male,Reference Group,REQ-2026-QUA-G3,2026-02-02,Skills Academy,Application Review,Automated job-related knockout criteria not met,2.50,,,,,,,,No,No,
CAND-2026-2962,Synthetic Candidate 2962,Male,Reference Group,REQ-2026-QUA-G3,2026-02-09,Direct Career Portal,Application Review,Automated job-related knockout criteria not met,3.20,,,,,,,,No,No,
CAND-2026-2963,Synthetic Candidate 2963,Male,Reference Group,REQ-2026-QUA-G3,2026-02-03,Regional Hiring Drive,Application Review,Automated job-related knockout criteria not met,2.70,,,,,,,,No,No,
CAND-2026-2964,Synthetic Candidate 2964,Female,Focal Group,REQ-2026-QUA-G3,2026-02-10,Employee Referral,Application Review,Automated job-related knockout criteria not met,2.20,,,,,,,,No,No,
CAND-2026-2965,Synthetic Candidate 2965,Female,Focal Group,REQ-2026-QUA-G3,2026-02-04,LinkedIn Recruiter,Application Review,Automated job-related knockout criteria not met,2.90,,,,,,,,No,No,
CAND-2026-2966,Synthetic Candidate 2966,Male,Reference Group,REQ-2026-QUA-G3,2026-02-11,Skills Academy,Application Review,Automated job-related knockout criteria not met,2.40,,,,,,,,No,No,
CAND-2026-2967,Synthetic Candidate 2967,Male,Reference Group,REQ-2026-QUA-G3,2026-02-05,Direct Career Portal,Application Review,Automated job-related knockout criteria not met,3.10,,,,,,,,No,No,
CAND-2026-2968,Synthetic Candidate 2968,Male,Reference Group,REQ-2026-QUA-G3,2026-02-12,Regional Hiring Drive,Application Review,Automated job-related knockout criteria not met,2.60,,,,,,,,No,No,
CAND-2026-2969,Synthetic Candidate 2969,Female,Focal Group,REQ-2026-QUA-G3,2026-02-06,Employee Referral,Application Review,Automated job-related knockout criteria not met,3.30,,,,,,,,No,No,
CAND-2026-2970,Synthetic Candidate 2970,Female,Focal Group,REQ-2026-QUA-G3,2026-02-13,LinkedIn Recruiter,Application Review,Automated job-related knockout criteria not met,2.80,,,,,,,,No,No,
CAND-2026-2971,Synthetic Candidate 2971,Male,Reference Group,REQ-2026-QUA-G3,2026-02-07,Skills Academy,Application Review,Automated job-related knockout criteria not met,2.30,,,,,,,,No,No,
CAND-2026-2972,Synthetic Candidate 2972,Male,Reference Group,REQ-2026-QUA-G3,2026-02-01,Direct Career Portal,Application Review,Automated job-related knockout criteria not met,3.00,,,,,,,,No,No,
CAND-2026-2973,Synthetic Candidate 2973,Male,Reference Group,REQ-2026-QUA-G3,2026-02-08,Regional Hiring Drive,Application Review,Automated job-related knockout criteria not met,2.50,,,,,,,,No,No,
CAND-2026-2974,Synthetic Candidate 2974,Female,Focal Group,REQ-2026-QUA-G3,2026-02-02,Employee Referral,Application Review,Automated job-related knockout criteria not met,3.20,,,,,,,,No,No,
CAND-2026-2975,Synthetic Candidate 2975,Female,Focal Group,REQ-2026-QUA-G3,2026-02-09,LinkedIn Recruiter,Application Review,Automated job-related knockout criteria not met,2.70,,,,,,,,No,No,
CAND-2026-2976,Synthetic Candidate 2976,Male,Reference Group,REQ-2026-QUA-G3,2026-02-03,Skills Academy,Application Review,Automated job-related knockout criteria not met,2.20,,,,,,,,No,No,
CAND-2026-2977,Synthetic Candidate 2977,Male,Reference Group,REQ-2026-QUA-G3,2026-02-10,Direct Career Portal,Application Review,Automated job-related knockout criteria not met,2.90,,,,,,,,No,No,
CAND-2026-2978,Synthetic Candidate 2978,Male,Reference Group,REQ-2026-QUA-G3,2026-02-04,Regional Hiring Drive,Application Review,Automated job-related knockout criteria not met,2.40,,,,,,,,No,No,
CAND-2026-2979,Synthetic Candidate 2979,Female,Focal Group,REQ-2026-QUA-G3,2026-02-11,Employee Referral,Application Review,Automated job-related knockout criteria not met,3.10,,,,,,,,No,No,
CAND-2026-2980,Synthetic Candidate 2980,Female,Focal Group,REQ-2026-QUA-G3,2026-02-05,LinkedIn Recruiter,Application Review,Automated job-related knockout criteria not met,2.60,,,,,,,,No,No,
CAND-2026-2981,Synthetic Candidate 2981,Male,Reference Group,REQ-2026-QUA-G3,2026-02-12,Skills Academy,Application Review,Automated job-related knockout criteria not met,3.30,,,,,,,,No,No,
CAND-2026-2982,Synthetic Candidate 2982,Male,Reference Group,REQ-2026-QUA-G3,2026-02-06,Direct Career Portal,Application Review,Automated job-related knockout criteria not met,2.80,,,,,,,,No,No,
CAND-2026-2983,Synthetic Candidate 2983,Male,Reference Group,REQ-2026-QUA-G3,2026-02-13,Regional Hiring Drive,Application Review,Automated job-related knockout criteria not met,2.30,,,,,,,,No,No,
CAND-2026-2984,Synthetic Candidate 2984,Female,Focal Group,REQ-2026-QUA-G3,2026-02-07,Employee Referral,Application Review,Automated job-related knockout criteria not met,3.00,,,,,,,,No,No,
CAND-2026-2985,Synthetic Candidate 2985,Female,Focal Group,REQ-2026-QUA-G3,2026-02-01,LinkedIn Recruiter,Application Review,Automated job-related knockout criteria not met,2.50,,,,,,,,No,No,
CAND-2026-2986,Synthetic Candidate 2986,Male,Reference Group,REQ-2026-QUA-G3,2026-02-08,Skills Academy,Application Review,Automated job-related knockout criteria not met,3.20,,,,,,,,No,No,
CAND-2026-2987,Synthetic Candidate 2987,Male,Reference Group,REQ-2026-QUA-G3,2026-02-02,Direct Career Portal,Application Review,Automated job-related knockout criteria not met,2.70,,,,,,,,No,No,
CAND-2026-2988,Synthetic Candidate 2988,Male,Reference Group,REQ-2026-QUA-G3,2026-02-09,Regional Hiring Drive,Application Review,Automated job-related knockout criteria not met,2.20,,,,,,,,No,No,
CAND-2026-2989,Synthetic Candidate 2989,Female,Focal Group,REQ-2026-QUA-G3,2026-02-03,Employee Referral,Application Review,Automated job-related knockout criteria not met,2.90,,,,,,,,No,No,
CAND-2026-2990,Synthetic Candidate 2990,Female,Focal Group,REQ-2026-QUA-G3,2026-02-10,LinkedIn Recruiter,Application Review,Automated job-related knockout criteria not met,2.40,,,,,,,,No,No,
CAND-2026-2991,Synthetic Candidate 2991,Male,Reference Group,REQ-2026-QUA-G3,2026-02-04,Skills Academy,Application Review,Automated job-related knockout criteria not met,3.10,,,,,,,,No,No,
CAND-2026-2992,Synthetic Candidate 2992,Male,Reference Group,REQ-2026-QUA-G3,2026-02-11,Direct Career Portal,Application Review,Automated job-related knockout criteria not met,2.60,,,,,,,,No,No,
CAND-2026-2993,Synthetic Candidate 2993,Male,Reference Group,REQ-2026-QUA-G3,2026-02-05,Regional Hiring Drive,Application Review,Automated job-related knockout criteria not met,3.30,,,,,,,,No,No,
CAND-2026-2994,Synthetic Candidate 2994,Female,Focal Group,REQ-2026-QUA-G3,2026-02-12,Employee Referral,Application Review,Automated job-related knockout criteria not met,2.80,,,,,,,,No,No,
CAND-2026-2995,Synthetic Candidate 2995,Female,Focal Group,REQ-2026-QUA-G3,2026-02-06,LinkedIn Recruiter,Application Review,Automated job-related knockout criteria not met,2.30,,,,,,,,No,No,
CAND-2026-2996,Synthetic Candidate 2996,Male,Reference Group,REQ-2026-QUA-G3,2026-02-13,Skills Academy,Application Review,Automated job-related knockout criteria not met,3.00,,,,,,,,No,No,
CAND-2026-2997,Synthetic Candidate 2997,Male,Reference Group,REQ-2026-QUA-G3,2026-02-07,Direct Career Portal,Application Review,Automated job-related knockout criteria not met,2.50,,,,,,,,No,No,
CAND-2026-2998,Synthetic Candidate 2998,Male,Reference Group,REQ-2026-QUA-G3,2026-02-01,Regional Hiring Drive,Application Review,Automated job-related knockout criteria not met,3.20,,,,,,,,No,No,
CAND-2026-2999,Synthetic Candidate 2999,Female,Focal Group,REQ-2026-QUA-G3,2026-02-08,Employee Referral,Application Review,Automated job-related knockout criteria not met,2.70,,,,,,,,No,No,
CAND-2026-3000,Synthetic Candidate 3000,Female,Focal Group,REQ-2026-QUA-G3,2026-02-02,LinkedIn Recruiter,Application Review,Automated job-related knockout criteria not met,2.20,,,,,,,,No,No,
CAND-2026-3001,Synthetic Candidate 3001,Male,Reference Group,REQ-2026-PNC-G2,2026-01-22,Skills Academy,Hired,Selected - highest governed composite,4.10,3.50,4.80,4.65,4.60,4.70,4.90,0.20,Yes,Yes,2026-02-10
CAND-2026-3002,Synthetic Candidate 3002,Male,Reference Group,REQ-2026-PNC-G2,2026-01-16,Direct Career Portal,Hired,Selected - highest governed composite,3.40,4.60,4.60,4.63,4.80,4.65,4.75,0.10,Yes,Yes,2026-02-10
CAND-2026-3003,Synthetic Candidate 3003,Male,Reference Group,REQ-2026-PNC-G2,2026-01-23,Regional Hiring Drive,Hired,Selected - highest governed composite,4.10,4.10,4.90,4.60,4.50,4.70,4.70,0.00,Yes,Yes,2026-02-10
CAND-2026-3004,Synthetic Candidate 3004,Female,Focal Group,REQ-2026-PNC-G2,2026-01-17,Employee Referral,Hired,Selected - highest governed composite,3.40,3.60,4.80,4.65,4.60,4.70,4.60,-0.10,Yes,Yes,2026-02-10
CAND-2026-3005,Synthetic Candidate 3005,Female,Focal Group,REQ-2026-PNC-G2,2026-01-24,LinkedIn Recruiter,Hired,Selected - highest governed composite,4.10,4.70,4.60,4.63,4.80,4.65,4.45,-0.20,Yes,Yes,2026-02-10
CAND-2026-3006,Synthetic Candidate 3006,Male,Reference Group,REQ-2026-PNC-G2,2026-01-18,Skills Academy,Hired,Selected - highest governed composite,3.40,4.20,4.70,4.58,4.70,4.65,4.35,-0.30,Yes,Yes,2026-02-10
CAND-2026-3007,Synthetic Candidate 3007,Male,Reference Group,REQ-2026-PNC-G2,2026-01-25,Direct Career Portal,Hired,Selected - highest governed composite,4.10,3.70,4.50,4.55,4.40,4.50,5.00,0.50,Yes,Yes,2026-02-10
CAND-2026-3008,Synthetic Candidate 3008,Male,Reference Group,REQ-2026-PNC-G2,2026-01-19,Regional Hiring Drive,Hired,Selected - highest governed composite,3.40,3.20,4.80,4.65,4.60,4.70,5.00,0.30,Yes,Yes,2026-02-10
CAND-2026-3009,Synthetic Candidate 3009,Female,Focal Group,REQ-2026-PNC-G2,2026-01-26,Employee Referral,Hired,Selected - highest governed composite,4.10,4.30,4.90,4.60,4.50,4.70,5.00,0.30,Yes,Yes,2026-02-10
CAND-2026-3010,Synthetic Candidate 3010,Female,Focal Group,REQ-2026-PNC-G2,2026-01-20,LinkedIn Recruiter,Hired,Selected - highest governed composite,3.40,3.80,4.70,4.58,4.70,4.65,4.85,0.20,Yes,Yes,2026-02-10
CAND-2026-3011,Synthetic Candidate 3011,Male,Reference Group,REQ-2026-PNC-G2,2026-01-27,Skills Academy,Interview Complete,Composite below requisition threshold,4.10,3.30,3.90,3.70,3.60,3.76,3.86,0.10,No,No,
CAND-2026-3012,Synthetic Candidate 3012,Male,Reference Group,REQ-2026-PNC-G2,2026-01-21,Direct Career Portal,Interview Complete,Composite below requisition threshold,3.40,4.40,3.30,3.60,3.10,3.38,3.38,0.00,No,No,
CAND-2026-3013,Synthetic Candidate 3013,Male,Reference Group,REQ-2026-PNC-G2,2026-01-15,Regional Hiring Drive,Interview Complete,Composite below requisition threshold,4.10,3.90,3.80,3.78,3.80,3.79,3.69,-0.10,No,No,
CAND-2026-3014,Synthetic Candidate 3014,Female,Focal Group,REQ-2026-PNC-G2,2026-01-22,Employee Referral,Interview Complete,Composite below requisition threshold,3.40,3.40,3.20,3.40,3.30,3.30,3.10,-0.20,No,No,
CAND-2026-3015,Synthetic Candidate 3015,Female,Focal Group,REQ-2026-PNC-G2,2026-01-16,LinkedIn Recruiter,Interview Complete,Composite below requisition threshold,4.10,4.50,3.70,3.58,4.00,3.71,3.41,-0.30,No,No,
CAND-2026-3016,Synthetic Candidate 3016,Male,Reference Group,REQ-2026-PNC-G2,2026-01-23,Skills Academy,Interview Complete,Composite below requisition threshold,3.40,4.00,4.20,3.75,3.50,3.88,4.38,0.50,No,No,
CAND-2026-3017,Synthetic Candidate 3017,Male,Reference Group,REQ-2026-PNC-G2,2026-01-17,Direct Career Portal,Interview Complete,Composite below requisition threshold,4.10,3.50,3.60,3.65,4.20,3.74,4.14,0.40,No,No,
CAND-2026-3018,Synthetic Candidate 3018,Male,Reference Group,REQ-2026-PNC-G2,2026-01-24,Regional Hiring Drive,Interview Complete,Composite below requisition threshold,3.40,4.60,4.10,3.83,3.70,3.91,4.21,0.30,No,No,
CAND-2026-3019,Synthetic Candidate 3019,Female,Focal Group,REQ-2026-PNC-G2,2026-01-18,Employee Referral,Interview Complete,Composite below requisition threshold,4.10,4.10,3.50,3.73,3.20,3.53,3.73,0.20,No,No,
CAND-2026-3020,Synthetic Candidate 3020,Female,Focal Group,REQ-2026-PNC-G2,2026-01-25,LinkedIn Recruiter,Interview Complete,Composite below requisition threshold,3.40,3.60,4.00,3.38,3.90,3.73,3.83,0.10,No,No,
CAND-2026-3021,Synthetic Candidate 3021,Male,Reference Group,REQ-2026-PNC-G2,2026-01-19,Skills Academy,Interview Complete,Composite below requisition threshold,4.10,4.70,3.40,3.53,3.40,3.45,3.45,0.00,No,No,
CAND-2026-3022,Synthetic Candidate 3022,Male,Reference Group,REQ-2026-PNC-G2,2026-01-26,Direct Career Portal,Interview Complete,Composite below requisition threshold,3.40,4.20,3.90,3.70,4.10,3.86,3.76,-0.10,No,No,
CAND-2026-3023,Synthetic Candidate 3023,Male,Reference Group,REQ-2026-PNC-G2,2026-01-20,Regional Hiring Drive,Interview Complete,Composite below requisition threshold,4.10,3.70,3.30,3.60,3.60,3.48,3.28,-0.20,No,No,
CAND-2026-3024,Synthetic Candidate 3024,Female,Focal Group,REQ-2026-PNC-G2,2026-01-27,Employee Referral,Interview Complete,Composite below requisition threshold,3.40,3.20,3.80,3.78,3.10,3.65,3.35,-0.30,No,No,
CAND-2026-3025,Synthetic Candidate 3025,Female,Focal Group,REQ-2026-PNC-G2,2026-01-21,LinkedIn Recruiter,Interview Complete,Composite below requisition threshold,4.10,4.30,3.20,3.40,3.80,3.40,3.90,0.50,No,No,
CAND-2026-3026,Synthetic Candidate 3026,Male,Reference Group,REQ-2026-PNC-G2,2026-01-15,Skills Academy,Interview Complete,Composite below requisition threshold,3.40,3.80,3.70,3.58,3.30,3.57,3.97,0.40,No,No,
CAND-2026-3027,Synthetic Candidate 3027,Male,Reference Group,REQ-2026-PNC-G2,2026-01-22,Direct Career Portal,Interview Complete,Composite below requisition threshold,4.10,3.30,4.20,3.75,4.00,3.98,4.28,0.30,No,No,
CAND-2026-3028,Synthetic Candidate 3028,Male,Reference Group,REQ-2026-PNC-G2,2026-01-16,Regional Hiring Drive,Interview Complete,Composite below requisition threshold,3.40,4.40,3.60,3.65,3.50,3.60,3.80,0.20,No,No,
CAND-2026-3029,Synthetic Candidate 3029,Female,Focal Group,REQ-2026-PNC-G2,2026-01-23,Employee Referral,Interview Complete,Composite below requisition threshold,4.10,3.90,4.10,3.83,4.20,4.01,4.11,0.10,No,No,
CAND-2026-3030,Synthetic Candidate 3030,Female,Focal Group,REQ-2026-PNC-G2,2026-01-17,LinkedIn Recruiter,Interview Complete,Composite below requisition threshold,3.40,3.40,3.50,3.48,3.70,3.53,3.53,0.00,No,No,
CAND-2026-3031,Synthetic Candidate 3031,Male,Reference Group,REQ-2026-PNC-G2,2026-01-24,Skills Academy,Interview Complete,Composite below requisition threshold,4.10,4.50,4.00,3.63,3.20,3.69,3.59,-0.10,No,No,
CAND-2026-3032,Synthetic Candidate 3032,Male,Reference Group,REQ-2026-PNC-G2,2026-01-18,Direct Career Portal,Interview Complete,Composite below requisition threshold,3.40,4.00,3.40,3.53,3.90,3.55,3.35,-0.20,No,No,
CAND-2026-3033,Synthetic Candidate 3033,Male,Reference Group,REQ-2026-PNC-G2,2026-01-25,Regional Hiring Drive,Interview Complete,Composite below requisition threshold,4.10,3.50,3.90,3.70,3.40,3.72,3.42,-0.30,No,No,
CAND-2026-3034,Synthetic Candidate 3034,Female,Focal Group,REQ-2026-PNC-G2,2026-01-19,Employee Referral,Interview Complete,Composite below requisition threshold,3.40,4.60,3.30,3.60,4.10,3.58,4.08,0.50,No,No,
CAND-2026-3035,Synthetic Candidate 3035,Female,Focal Group,REQ-2026-PNC-G2,2026-01-26,LinkedIn Recruiter,Interview Complete,Composite below requisition threshold,4.10,4.10,3.80,3.78,3.60,3.75,4.15,0.40,No,No,
CAND-2026-3036,Synthetic Candidate 3036,Male,Reference Group,REQ-2026-PNC-G2,2026-01-20,Skills Academy,Interview Complete,Composite below requisition threshold,3.40,3.60,3.20,3.40,3.10,3.26,3.56,0.30,No,No,
CAND-2026-3037,Synthetic Candidate 3037,Male,Reference Group,REQ-2026-PNC-G2,2026-01-27,Direct Career Portal,Interview Complete,Composite below requisition threshold,4.10,4.70,3.70,3.58,3.80,3.67,3.87,0.20,No,No,
CAND-2026-3038,Synthetic Candidate 3038,Male,Reference Group,REQ-2026-PNC-G2,2026-01-21,Regional Hiring Drive,Interview Complete,Composite below requisition threshold,3.40,4.20,4.20,3.75,3.30,3.84,3.94,0.10,No,No,
CAND-2026-3039,Synthetic Candidate 3039,Female,Focal Group,REQ-2026-PNC-G2,2026-01-15,Employee Referral,Interview Complete,Composite below requisition threshold,4.10,3.70,3.60,3.65,4.00,3.70,3.70,0.00,No,No,
CAND-2026-3040,Synthetic Candidate 3040,Female,Focal Group,REQ-2026-PNC-G2,2026-01-22,LinkedIn Recruiter,Interview Complete,Composite below requisition threshold,3.40,3.20,4.10,3.58,3.50,3.77,3.67,-0.10,No,No,
CAND-2026-3041,Synthetic Candidate 3041,Male,Reference Group,REQ-2026-PNC-G2,2026-01-16,Skills Academy,Interview Complete,Composite below requisition threshold,4.10,4.30,3.50,3.73,4.20,3.73,3.53,-0.20,No,No,
CAND-2026-3042,Synthetic Candidate 3042,Male,Reference Group,REQ-2026-PNC-G2,2026-01-23,Direct Career Portal,Interview Complete,Composite below requisition threshold,3.40,3.80,4.00,3.63,3.70,3.79,3.49,-0.30,No,No,
CAND-2026-3043,Synthetic Candidate 3043,Male,Reference Group,REQ-2026-PNC-G2,2026-01-17,Regional Hiring Drive,Interview Complete,Composite below requisition threshold,4.10,3.30,3.40,3.53,3.20,3.41,3.91,0.50,No,No,
CAND-2026-3044,Synthetic Candidate 3044,Female,Focal Group,REQ-2026-PNC-G2,2026-01-24,Employee Referral,Interview Complete,Composite below requisition threshold,3.40,4.40,3.90,3.70,3.90,3.82,4.22,0.40,No,No,
CAND-2026-3045,Synthetic Candidate 3045,Female,Focal Group,REQ-2026-PNC-G2,2026-01-18,LinkedIn Recruiter,Interview Complete,Composite below requisition threshold,4.10,3.90,3.30,3.60,3.40,3.44,3.74,0.30,No,No,
CAND-2026-3046,Synthetic Candidate 3046,Male,Reference Group,REQ-2026-PNC-G2,2026-01-25,Skills Academy,Interview Complete,Composite below requisition threshold,3.40,3.40,3.80,3.78,4.10,3.85,4.05,0.20,No,No,
CAND-2026-3047,Synthetic Candidate 3047,Male,Reference Group,REQ-2026-PNC-G2,2026-01-19,Direct Career Portal,Interview Complete,Composite below requisition threshold,4.10,4.50,3.20,3.40,3.60,3.36,3.46,0.10,No,No,
CAND-2026-3048,Synthetic Candidate 3048,Male,Reference Group,REQ-2026-PNC-G2,2026-01-26,Regional Hiring Drive,Interview Complete,Composite below requisition threshold,3.40,4.00,3.70,3.58,3.10,3.53,3.53,0.00,No,No,
CAND-2026-3049,Synthetic Candidate 3049,Female,Focal Group,REQ-2026-PNC-G2,2026-01-20,Employee Referral,Interview Complete,Composite below requisition threshold,4.10,3.50,4.20,3.75,3.80,3.94,3.84,-0.10,No,No,
CAND-2026-3050,Synthetic Candidate 3050,Female,Focal Group,REQ-2026-PNC-G2,2026-01-27,LinkedIn Recruiter,Interview Complete,Composite below requisition threshold,3.40,4.60,3.60,3.40,3.30,3.46,3.26,-0.20,No,No,
CAND-2026-3051,Synthetic Candidate 3051,Male,Reference Group,REQ-2026-PNC-G2,2026-01-21,Skills Academy,Shortlisted,Not advanced to standardized assessment,4.10,4.10,,,,,,,No,No,
CAND-2026-3052,Synthetic Candidate 3052,Male,Reference Group,REQ-2026-PNC-G2,2026-01-15,Direct Career Portal,Shortlisted,Not advanced to standardized assessment,3.40,3.60,,,,,,,No,No,
CAND-2026-3053,Synthetic Candidate 3053,Male,Reference Group,REQ-2026-PNC-G2,2026-01-22,Regional Hiring Drive,Shortlisted,Not advanced to standardized assessment,4.10,4.70,,,,,,,No,No,
CAND-2026-3054,Synthetic Candidate 3054,Female,Focal Group,REQ-2026-PNC-G2,2026-01-16,Employee Referral,Shortlisted,Not advanced to standardized assessment,3.40,4.20,,,,,,,No,No,
CAND-2026-3055,Synthetic Candidate 3055,Female,Focal Group,REQ-2026-PNC-G2,2026-01-23,LinkedIn Recruiter,Shortlisted,Not advanced to standardized assessment,4.10,3.70,,,,,,,No,No,
CAND-2026-3056,Synthetic Candidate 3056,Male,Reference Group,REQ-2026-PNC-G2,2026-01-17,Skills Academy,Shortlisted,Not advanced to standardized assessment,3.40,3.20,,,,,,,No,No,
CAND-2026-3057,Synthetic Candidate 3057,Male,Reference Group,REQ-2026-PNC-G2,2026-01-24,Direct Career Portal,Shortlisted,Not advanced to standardized assessment,4.10,4.30,,,,,,,No,No,
CAND-2026-3058,Synthetic Candidate 3058,Male,Reference Group,REQ-2026-PNC-G2,2026-01-18,Regional Hiring Drive,Shortlisted,Not advanced to standardized assessment,3.40,3.80,,,,,,,No,No,
CAND-2026-3059,Synthetic Candidate 3059,Female,Focal Group,REQ-2026-PNC-G2,2026-01-25,Employee Referral,Shortlisted,Not advanced to standardized assessment,4.10,3.30,,,,,,,No,No,
CAND-2026-3060,Synthetic Candidate 3060,Female,Focal Group,REQ-2026-PNC-G2,2026-01-19,LinkedIn Recruiter,Shortlisted,Not advanced to standardized assessment,3.40,4.40,,,,,,,No,No,
CAND-2026-3061,Synthetic Candidate 3061,Male,Reference Group,REQ-2026-PNC-G2,2026-01-26,Skills Academy,Shortlisted,Not advanced to standardized assessment,4.10,3.90,,,,,,,No,No,
CAND-2026-3062,Synthetic Candidate 3062,Male,Reference Group,REQ-2026-PNC-G2,2026-01-20,Direct Career Portal,Shortlisted,Not advanced to standardized assessment,3.40,3.40,,,,,,,No,No,
CAND-2026-3063,Synthetic Candidate 3063,Male,Reference Group,REQ-2026-PNC-G2,2026-01-27,Regional Hiring Drive,Shortlisted,Not advanced to standardized assessment,4.10,4.50,,,,,,,No,No,
CAND-2026-3064,Synthetic Candidate 3064,Female,Focal Group,REQ-2026-PNC-G2,2026-01-21,Employee Referral,Shortlisted,Not advanced to standardized assessment,3.40,4.00,,,,,,,No,No,
CAND-2026-3065,Synthetic Candidate 3065,Female,Focal Group,REQ-2026-PNC-G2,2026-01-15,LinkedIn Recruiter,Shortlisted,Not advanced to standardized assessment,4.10,3.50,,,,,,,No,No,
CAND-2026-3066,Synthetic Candidate 3066,Male,Reference Group,REQ-2026-PNC-G2,2026-01-22,Skills Academy,Shortlisted,Not advanced to standardized assessment,3.40,4.60,,,,,,,No,No,
CAND-2026-3067,Synthetic Candidate 3067,Male,Reference Group,REQ-2026-PNC-G2,2026-01-16,Direct Career Portal,Shortlisted,Not advanced to standardized assessment,4.10,4.10,,,,,,,No,No,
CAND-2026-3068,Synthetic Candidate 3068,Male,Reference Group,REQ-2026-PNC-G2,2026-01-23,Regional Hiring Drive,Shortlisted,Not advanced to standardized assessment,3.40,3.60,,,,,,,No,No,
CAND-2026-3069,Synthetic Candidate 3069,Female,Focal Group,REQ-2026-PNC-G2,2026-01-17,Employee Referral,Shortlisted,Not advanced to standardized assessment,4.10,4.70,,,,,,,No,No,
CAND-2026-3070,Synthetic Candidate 3070,Female,Focal Group,REQ-2026-PNC-G2,2026-01-24,LinkedIn Recruiter,Shortlisted,Not advanced to standardized assessment,3.40,4.20,,,,,,,No,No,
CAND-2026-3071,Synthetic Candidate 3071,Male,Reference Group,REQ-2026-PNC-G2,2026-01-18,Skills Academy,Shortlisted,Not advanced to standardized assessment,4.10,3.70,,,,,,,No,No,
CAND-2026-3072,Synthetic Candidate 3072,Male,Reference Group,REQ-2026-PNC-G2,2026-01-25,Direct Career Portal,Shortlisted,Not advanced to standardized assessment,3.40,3.20,,,,,,,No,No,
CAND-2026-3073,Synthetic Candidate 3073,Male,Reference Group,REQ-2026-PNC-G2,2026-01-19,Regional Hiring Drive,Shortlisted,Not advanced to standardized assessment,4.10,4.30,,,,,,,No,No,
CAND-2026-3074,Synthetic Candidate 3074,Female,Focal Group,REQ-2026-PNC-G2,2026-01-26,Employee Referral,Shortlisted,Not advanced to standardized assessment,3.40,3.80,,,,,,,No,No,
CAND-2026-3075,Synthetic Candidate 3075,Female,Focal Group,REQ-2026-PNC-G2,2026-01-20,LinkedIn Recruiter,Shortlisted,Not advanced to standardized assessment,4.10,3.30,,,,,,,No,No,
CAND-2026-3076,Synthetic Candidate 3076,Male,Reference Group,REQ-2026-PNC-G2,2026-01-27,Skills Academy,Shortlisted,Not advanced to standardized assessment,3.40,4.40,,,,,,,No,No,
CAND-2026-3077,Synthetic Candidate 3077,Male,Reference Group,REQ-2026-PNC-G2,2026-01-21,Direct Career Portal,Shortlisted,Not advanced to standardized assessment,4.10,3.90,,,,,,,No,No,
CAND-2026-3078,Synthetic Candidate 3078,Male,Reference Group,REQ-2026-PNC-G2,2026-01-15,Regional Hiring Drive,Shortlisted,Not advanced to standardized assessment,3.40,3.40,,,,,,,No,No,
CAND-2026-3079,Synthetic Candidate 3079,Female,Focal Group,REQ-2026-PNC-G2,2026-01-22,Employee Referral,Shortlisted,Not advanced to standardized assessment,4.10,4.50,,,,,,,No,No,
CAND-2026-3080,Synthetic Candidate 3080,Female,Focal Group,REQ-2026-PNC-G2,2026-01-16,LinkedIn Recruiter,Shortlisted,Not advanced to standardized assessment,3.40,4.00,,,,,,,No,No,
CAND-2026-3081,Synthetic Candidate 3081,Male,Reference Group,REQ-2026-PNC-G2,2026-01-23,Skills Academy,Shortlisted,Not advanced to standardized assessment,4.10,3.50,,,,,,,No,No,
CAND-2026-3082,Synthetic Candidate 3082,Male,Reference Group,REQ-2026-PNC-G2,2026-01-17,Direct Career Portal,Shortlisted,Not advanced to standardized assessment,3.40,4.60,,,,,,,No,No,
CAND-2026-3083,Synthetic Candidate 3083,Male,Reference Group,REQ-2026-PNC-G2,2026-01-24,Regional Hiring Drive,Shortlisted,Not advanced to standardized assessment,4.10,4.10,,,,,,,No,No,
CAND-2026-3084,Synthetic Candidate 3084,Female,Focal Group,REQ-2026-PNC-G2,2026-01-18,Employee Referral,Shortlisted,Not advanced to standardized assessment,3.40,3.60,,,,,,,No,No,
CAND-2026-3085,Synthetic Candidate 3085,Female,Focal Group,REQ-2026-PNC-G2,2026-01-25,LinkedIn Recruiter,Shortlisted,Not advanced to standardized assessment,4.10,4.70,,,,,,,No,No,
CAND-2026-3086,Synthetic Candidate 3086,Male,Reference Group,REQ-2026-PNC-G2,2026-01-19,Skills Academy,Shortlisted,Not advanced to standardized assessment,3.40,4.20,,,,,,,No,No,
CAND-2026-3087,Synthetic Candidate 3087,Male,Reference Group,REQ-2026-PNC-G2,2026-01-26,Direct Career Portal,Shortlisted,Not advanced to standardized assessment,4.10,3.70,,,,,,,No,No,
CAND-2026-3088,Synthetic Candidate 3088,Male,Reference Group,REQ-2026-PNC-G2,2026-01-20,Regional Hiring Drive,Shortlisted,Not advanced to standardized assessment,3.40,3.20,,,,,,,No,No,
CAND-2026-3089,Synthetic Candidate 3089,Female,Focal Group,REQ-2026-PNC-G2,2026-01-27,Employee Referral,Shortlisted,Not advanced to standardized assessment,4.10,4.30,,,,,,,No,No,
CAND-2026-3090,Synthetic Candidate 3090,Female,Focal Group,REQ-2026-PNC-G2,2026-01-21,LinkedIn Recruiter,Shortlisted,Not advanced to standardized assessment,3.40,3.80,,,,,,,No,No,
CAND-2026-3091,Synthetic Candidate 3091,Male,Reference Group,REQ-2026-PNC-G2,2026-01-15,Skills Academy,Shortlisted,Not advanced to standardized assessment,4.10,3.30,,,,,,,No,No,
CAND-2026-3092,Synthetic Candidate 3092,Male,Reference Group,REQ-2026-PNC-G2,2026-01-22,Direct Career Portal,Shortlisted,Not advanced to standardized assessment,3.40,4.40,,,,,,,No,No,
CAND-2026-3093,Synthetic Candidate 3093,Male,Reference Group,REQ-2026-PNC-G2,2026-01-16,Regional Hiring Drive,Shortlisted,Not advanced to standardized assessment,4.10,3.90,,,,,,,No,No,
CAND-2026-3094,Synthetic Candidate 3094,Female,Focal Group,REQ-2026-PNC-G2,2026-01-23,Employee Referral,Application Review,Automated job-related knockout criteria not met,3.20,,,,,,,,No,No,
CAND-2026-3095,Synthetic Candidate 3095,Female,Focal Group,REQ-2026-PNC-G2,2026-01-17,LinkedIn Recruiter,Application Review,Automated job-related knockout criteria not met,2.70,,,,,,,,No,No,
CAND-2026-3096,Synthetic Candidate 3096,Male,Reference Group,REQ-2026-PNC-G2,2026-01-24,Skills Academy,Shortlisted,Not advanced to standardized assessment,3.40,4.00,,,,,,,No,No,
CAND-2026-3097,Synthetic Candidate 3097,Male,Reference Group,REQ-2026-PNC-G2,2026-01-18,Direct Career Portal,Shortlisted,Not advanced to standardized assessment,4.10,3.50,,,,,,,No,No,
CAND-2026-3098,Synthetic Candidate 3098,Male,Reference Group,REQ-2026-PNC-G2,2026-01-25,Regional Hiring Drive,Shortlisted,Not advanced to standardized assessment,3.40,4.60,,,,,,,No,No,
CAND-2026-3099,Synthetic Candidate 3099,Female,Focal Group,REQ-2026-PNC-G2,2026-01-19,Employee Referral,Application Review,Automated job-related knockout criteria not met,3.10,,,,,,,,No,No,
CAND-2026-3100,Synthetic Candidate 3100,Female,Focal Group,REQ-2026-PNC-G2,2026-01-26,LinkedIn Recruiter,Application Review,Automated job-related knockout criteria not met,2.60,,,,,,,,No,No,
CAND-2026-3101,Synthetic Candidate 3101,Male,Reference Group,REQ-2026-PNC-G2,2026-01-20,Skills Academy,Shortlisted,Not advanced to standardized assessment,4.10,4.70,,,,,,,No,No,
CAND-2026-3102,Synthetic Candidate 3102,Male,Reference Group,REQ-2026-PNC-G2,2026-01-27,Direct Career Portal,Shortlisted,Not advanced to standardized assessment,3.40,4.20,,,,,,,No,No,
CAND-2026-3103,Synthetic Candidate 3103,Male,Reference Group,REQ-2026-PNC-G2,2026-01-21,Regional Hiring Drive,Application Review,Automated job-related knockout criteria not met,2.30,,,,,,,,No,No,
CAND-2026-3104,Synthetic Candidate 3104,Female,Focal Group,REQ-2026-PNC-G2,2026-01-15,Employee Referral,Application Review,Automated job-related knockout criteria not met,3.00,,,,,,,,No,No,
CAND-2026-3105,Synthetic Candidate 3105,Female,Focal Group,REQ-2026-PNC-G2,2026-01-22,LinkedIn Recruiter,Application Review,Automated job-related knockout criteria not met,2.50,,,,,,,,No,No,
CAND-2026-3106,Synthetic Candidate 3106,Male,Reference Group,REQ-2026-PNC-G2,2026-01-16,Skills Academy,Application Review,Automated job-related knockout criteria not met,3.20,,,,,,,,No,No,
CAND-2026-3107,Synthetic Candidate 3107,Male,Reference Group,REQ-2026-PNC-G2,2026-01-23,Direct Career Portal,Application Review,Automated job-related knockout criteria not met,2.70,,,,,,,,No,No,
CAND-2026-3108,Synthetic Candidate 3108,Male,Reference Group,REQ-2026-PNC-G2,2026-01-17,Regional Hiring Drive,Application Review,Automated job-related knockout criteria not met,2.20,,,,,,,,No,No,
CAND-2026-3109,Synthetic Candidate 3109,Female,Focal Group,REQ-2026-PNC-G2,2026-01-24,Employee Referral,Application Review,Automated job-related knockout criteria not met,2.90,,,,,,,,No,No,
CAND-2026-3110,Synthetic Candidate 3110,Female,Focal Group,REQ-2026-PNC-G2,2026-01-18,LinkedIn Recruiter,Application Review,Automated job-related knockout criteria not met,2.40,,,,,,,,No,No,
CAND-2026-3111,Synthetic Candidate 3111,Male,Reference Group,REQ-2026-PNC-G2,2026-01-25,Skills Academy,Application Review,Automated job-related knockout criteria not met,3.10,,,,,,,,No,No,
CAND-2026-3112,Synthetic Candidate 3112,Male,Reference Group,REQ-2026-PNC-G2,2026-01-19,Direct Career Portal,Application Review,Automated job-related knockout criteria not met,2.60,,,,,,,,No,No,
CAND-2026-3113,Synthetic Candidate 3113,Male,Reference Group,REQ-2026-PNC-G2,2026-01-26,Regional Hiring Drive,Application Review,Automated job-related knockout criteria not met,3.30,,,,,,,,No,No,
CAND-2026-3114,Synthetic Candidate 3114,Female,Focal Group,REQ-2026-PNC-G2,2026-01-20,Employee Referral,Application Review,Automated job-related knockout criteria not met,2.80,,,,,,,,No,No,
CAND-2026-3115,Synthetic Candidate 3115,Female,Focal Group,REQ-2026-PNC-G2,2026-01-27,LinkedIn Recruiter,Application Review,Automated job-related knockout criteria not met,2.30,,,,,,,,No,No,
CAND-2026-3116,Synthetic Candidate 3116,Male,Reference Group,REQ-2026-PNC-G2,2026-01-21,Skills Academy,Application Review,Automated job-related knockout criteria not met,3.00,,,,,,,,No,No,
CAND-2026-3117,Synthetic Candidate 3117,Male,Reference Group,REQ-2026-PNC-G2,2026-01-15,Direct Career Portal,Application Review,Automated job-related knockout criteria not met,2.50,,,,,,,,No,No,
CAND-2026-3118,Synthetic Candidate 3118,Male,Reference Group,REQ-2026-PNC-G2,2026-01-22,Regional Hiring Drive,Application Review,Automated job-related knockout criteria not met,3.20,,,,,,,,No,No,
CAND-2026-3119,Synthetic Candidate 3119,Female,Focal Group,REQ-2026-PNC-G2,2026-01-16,Employee Referral,Application Review,Automated job-related knockout criteria not met,2.70,,,,,,,,No,No,
CAND-2026-3120,Synthetic Candidate 3120,Female,Focal Group,REQ-2026-PNC-G2,2026-01-23,LinkedIn Recruiter,Application Review,Automated job-related knockout criteria not met,2.20,,,,,,,,No,No,
CAND-2026-3121,Synthetic Candidate 3121,Male,Reference Group,REQ-2026-PNC-G2,2026-01-17,Skills Academy,Application Review,Automated job-related knockout criteria not met,2.90,,,,,,,,No,No,
CAND-2026-3122,Synthetic Candidate 3122,Male,Reference Group,REQ-2026-PNC-G2,2026-01-24,Direct Career Portal,Application Review,Automated job-related knockout criteria not met,2.40,,,,,,,,No,No,
CAND-2026-3123,Synthetic Candidate 3123,Male,Reference Group,REQ-2026-PNC-G2,2026-01-18,Regional Hiring Drive,Application Review,Automated job-related knockout criteria not met,3.10,,,,,,,,No,No,
CAND-2026-3124,Synthetic Candidate 3124,Female,Focal Group,REQ-2026-PNC-G2,2026-01-25,Employee Referral,Application Review,Automated job-related knockout criteria not met,2.60,,,,,,,,No,No,
CAND-2026-3125,Synthetic Candidate 3125,Female,Focal Group,REQ-2026-PNC-G2,2026-01-19,LinkedIn Recruiter,Application Review,Automated job-related knockout criteria not met,3.30,,,,,,,,No,No,
CAND-2026-3126,Synthetic Candidate 3126,Male,Reference Group,REQ-2026-PNC-G2,2026-01-26,Skills Academy,Application Review,Automated job-related knockout criteria not met,2.80,,,,,,,,No,No,
CAND-2026-3127,Synthetic Candidate 3127,Male,Reference Group,REQ-2026-PNC-G2,2026-01-20,Direct Career Portal,Application Review,Automated job-related knockout criteria not met,2.30,,,,,,,,No,No,
CAND-2026-3128,Synthetic Candidate 3128,Male,Reference Group,REQ-2026-PNC-G2,2026-01-27,Regional Hiring Drive,Application Review,Automated job-related knockout criteria not met,3.00,,,,,,,,No,No,
CAND-2026-3129,Synthetic Candidate 3129,Female,Focal Group,REQ-2026-PNC-G2,2026-01-21,Employee Referral,Application Review,Automated job-related knockout criteria not met,2.50,,,,,,,,No,No,
CAND-2026-3130,Synthetic Candidate 3130,Female,Focal Group,REQ-2026-PNC-G2,2026-01-15,LinkedIn Recruiter,Application Review,Automated job-related knockout criteria not met,3.20,,,,,,,,No,No,
CAND-2026-3131,Synthetic Candidate 3131,Male,Reference Group,REQ-2026-PNC-G2,2026-01-22,Skills Academy,Application Review,Automated job-related knockout criteria not met,2.70,,,,,,,,No,No,
CAND-2026-3132,Synthetic Candidate 3132,Male,Reference Group,REQ-2026-PNC-G2,2026-01-16,Direct Career Portal,Application Review,Automated job-related knockout criteria not met,2.20,,,,,,,,No,No,
CAND-2026-3133,Synthetic Candidate 3133,Male,Reference Group,REQ-2026-PNC-G2,2026-01-23,Regional Hiring Drive,Application Review,Automated job-related knockout criteria not met,2.90,,,,,,,,No,No,
CAND-2026-3134,Synthetic Candidate 3134,Female,Focal Group,REQ-2026-PNC-G2,2026-01-17,Employee Referral,Application Review,Automated job-related knockout criteria not met,2.40,,,,,,,,No,No,
CAND-2026-3135,Synthetic Candidate 3135,Female,Focal Group,REQ-2026-PNC-G2,2026-01-24,LinkedIn Recruiter,Application Review,Automated job-related knockout criteria not met,3.10,,,,,,,,No,No,
CAND-2026-3136,Synthetic Candidate 3136,Male,Reference Group,REQ-2026-PNC-G2,2026-01-18,Skills Academy,Application Review,Automated job-related knockout criteria not met,2.60,,,,,,,,No,No,
CAND-2026-3137,Synthetic Candidate 3137,Male,Reference Group,REQ-2026-PNC-G2,2026-01-25,Direct Career Portal,Application Review,Automated job-related knockout criteria not met,3.30,,,,,,,,No,No,
CAND-2026-3138,Synthetic Candidate 3138,Male,Reference Group,REQ-2026-PNC-G2,2026-01-19,Regional Hiring Drive,Application Review,Automated job-related knockout criteria not met,2.80,,,,,,,,No,No,
CAND-2026-3139,Synthetic Candidate 3139,Female,Focal Group,REQ-2026-PNC-G2,2026-01-26,Employee Referral,Application Review,Automated job-related knockout criteria not met,2.30,,,,,,,,No,No,
CAND-2026-3140,Synthetic Candidate 3140,Female,Focal Group,REQ-2026-PNC-G2,2026-01-20,LinkedIn Recruiter,Application Review,Automated job-related knockout criteria not met,3.00,,,,,,,,No,No,
CAND-2026-3141,Synthetic Candidate 3141,Male,Reference Group,REQ-2026-PNC-G2,2026-01-27,Skills Academy,Application Review,Automated job-related knockout criteria not met,2.50,,,,,,,,No,No,
CAND-2026-3142,Synthetic Candidate 3142,Male,Reference Group,REQ-2026-PNC-G2,2026-01-21,Direct Career Portal,Application Review,Automated job-related knockout criteria not met,3.20,,,,,,,,No,No,
CAND-2026-3143,Synthetic Candidate 3143,Male,Reference Group,REQ-2026-PNC-G2,2026-01-15,Regional Hiring Drive,Application Review,Automated job-related knockout criteria not met,2.70,,,,,,,,No,No,
CAND-2026-3144,Synthetic Candidate 3144,Female,Focal Group,REQ-2026-PNC-G2,2026-01-22,Employee Referral,Application Review,Automated job-related knockout criteria not met,2.20,,,,,,,,No,No,
CAND-2026-3145,Synthetic Candidate 3145,Female,Focal Group,REQ-2026-PNC-G2,2026-01-16,LinkedIn Recruiter,Application Review,Automated job-related knockout criteria not met,2.90,,,,,,,,No,No,
CAND-2026-3146,Synthetic Candidate 3146,Male,Reference Group,REQ-2026-PNC-G2,2026-01-23,Skills Academy,Application Review,Automated job-related knockout criteria not met,2.40,,,,,,,,No,No,
CAND-2026-3147,Synthetic Candidate 3147,Male,Reference Group,REQ-2026-PNC-G2,2026-01-17,Direct Career Portal,Application Review,Automated job-related knockout criteria not met,3.10,,,,,,,,No,No,
CAND-2026-3148,Synthetic Candidate 3148,Male,Reference Group,REQ-2026-PNC-G2,2026-01-24,Regional Hiring Drive,Application Review,Automated job-related knockout criteria not met,2.60,,,,,,,,No,No,
CAND-2026-3149,Synthetic Candidate 3149,Female,Focal Group,REQ-2026-PNC-G2,2026-01-18,Employee Referral,Application Review,Automated job-related knockout criteria not met,3.30,,,,,,,,No,No,
CAND-2026-3150,Synthetic Candidate 3150,Female,Focal Group,REQ-2026-PNC-G2,2026-01-25,LinkedIn Recruiter,Application Review,Automated job-related knockout criteria not met,2.80,,,,,,,,No,No,
CAND-2026-3151,Synthetic Candidate 3151,Male,Reference Group,REQ-2026-PNC-G2,2026-01-19,Skills Academy,Application Review,Automated job-related knockout criteria not met,2.30,,,,,,,,No,No,
CAND-2026-3152,Synthetic Candidate 3152,Male,Reference Group,REQ-2026-PNC-G2,2026-01-26,Direct Career Portal,Application Review,Automated job-related knockout criteria not met,3.00,,,,,,,,No,No,
CAND-2026-3153,Synthetic Candidate 3153,Male,Reference Group,REQ-2026-PNC-G2,2026-01-20,Regional Hiring Drive,Application Review,Automated job-related knockout criteria not met,2.50,,,,,,,,No,No,
CAND-2026-3154,Synthetic Candidate 3154,Female,Focal Group,REQ-2026-PNC-G2,2026-01-27,Employee Referral,Application Review,Automated job-related knockout criteria not met,3.20,,,,,,,,No,No,
CAND-2026-3155,Synthetic Candidate 3155,Female,Focal Group,REQ-2026-PNC-G2,2026-01-21,LinkedIn Recruiter,Application Review,Automated job-related knockout criteria not met,2.70,,,,,,,,No,No,
CAND-2026-3156,Synthetic Candidate 3156,Male,Reference Group,REQ-2026-PNC-G2,2026-01-15,Skills Academy,Application Review,Automated job-related knockout criteria not met,2.20,,,,,,,,No,No,
CAND-2026-3157,Synthetic Candidate 3157,Male,Reference Group,REQ-2026-PNC-G2,2026-01-22,Direct Career Portal,Application Review,Automated job-related knockout criteria not met,2.90,,,,,,,,No,No,
CAND-2026-3158,Synthetic Candidate 3158,Male,Reference Group,REQ-2026-PNC-G2,2026-01-16,Regional Hiring Drive,Application Review,Automated job-related knockout criteria not met,2.40,,,,,,,,No,No,
CAND-2026-3159,Synthetic Candidate 3159,Female,Focal Group,REQ-2026-PNC-G2,2026-01-23,Employee Referral,Application Review,Automated job-related knockout criteria not met,3.10,,,,,,,,No,No,
CAND-2026-3160,Synthetic Candidate 3160,Female,Focal Group,REQ-2026-PNC-G2,2026-01-17,LinkedIn Recruiter,Application Review,Automated job-related knockout criteria not met,2.60,,,,,,,,No,No,
CAND-2026-3161,Synthetic Candidate 3161,Male,Reference Group,REQ-2026-PNC-G2,2026-01-24,Skills Academy,Application Review,Automated job-related knockout criteria not met,3.30,,,,,,,,No,No,
CAND-2026-3162,Synthetic Candidate 3162,Male,Reference Group,REQ-2026-PNC-G2,2026-01-18,Direct Career Portal,Application Review,Automated job-related knockout criteria not met,2.80,,,,,,,,No,No,
CAND-2026-3163,Synthetic Candidate 3163,Male,Reference Group,REQ-2026-PNC-G2,2026-01-25,Regional Hiring Drive,Application Review,Automated job-related knockout criteria not met,2.30,,,,,,,,No,No,
CAND-2026-3164,Synthetic Candidate 3164,Female,Focal Group,REQ-2026-PNC-G2,2026-01-19,Employee Referral,Application Review,Automated job-related knockout criteria not met,3.00,,,,,,,,No,No,
CAND-2026-3165,Synthetic Candidate 3165,Female,Focal Group,REQ-2026-PNC-G2,2026-01-26,LinkedIn Recruiter,Application Review,Automated job-related knockout criteria not met,2.50,,,,,,,,No,No,
CAND-2026-3166,Synthetic Candidate 3166,Male,Reference Group,REQ-2026-PNC-G2,2026-01-20,Skills Academy,Application Review,Automated job-related knockout criteria not met,3.20,,,,,,,,No,No,
CAND-2026-3167,Synthetic Candidate 3167,Male,Reference Group,REQ-2026-PNC-G2,2026-01-27,Direct Career Portal,Application Review,Automated job-related knockout criteria not met,2.70,,,,,,,,No,No,
CAND-2026-3168,Synthetic Candidate 3168,Male,Reference Group,REQ-2026-PNC-G2,2026-01-21,Regional Hiring Drive,Application Review,Automated job-related knockout criteria not met,2.20,,,,,,,,No,No,
CAND-2026-3169,Synthetic Candidate 3169,Female,Focal Group,REQ-2026-PNC-G2,2026-01-15,Employee Referral,Application Review,Automated job-related knockout criteria not met,2.90,,,,,,,,No,No,
CAND-2026-3170,Synthetic Candidate 3170,Female,Focal Group,REQ-2026-PNC-G2,2026-01-22,LinkedIn Recruiter,Application Review,Automated job-related knockout criteria not met,2.40,,,,,,,,No,No,
CAND-2026-3171,Synthetic Candidate 3171,Male,Reference Group,REQ-2026-PNC-G2,2026-01-16,Skills Academy,Application Review,Automated job-related knockout criteria not met,3.10,,,,,,,,No,No,
CAND-2026-3172,Synthetic Candidate 3172,Male,Reference Group,REQ-2026-PNC-G2,2026-01-23,Direct Career Portal,Application Review,Automated job-related knockout criteria not met,2.60,,,,,,,,No,No,
CAND-2026-3173,Synthetic Candidate 3173,Male,Reference Group,REQ-2026-PNC-G2,2026-01-17,Regional Hiring Drive,Application Review,Automated job-related knockout criteria not met,3.30,,,,,,,,No,No,
CAND-2026-3174,Synthetic Candidate 3174,Female,Focal Group,REQ-2026-PNC-G2,2026-01-24,Employee Referral,Application Review,Automated job-related knockout criteria not met,2.80,,,,,,,,No,No,
CAND-2026-3175,Synthetic Candidate 3175,Female,Focal Group,REQ-2026-PNC-G2,2026-01-18,LinkedIn Recruiter,Application Review,Automated job-related knockout criteria not met,2.30,,,,,,,,No,No,
CAND-2026-3176,Synthetic Candidate 3176,Male,Reference Group,REQ-2026-PNC-G2,2026-01-25,Skills Academy,Application Review,Automated job-related knockout criteria not met,3.00,,,,,,,,No,No,
CAND-2026-3177,Synthetic Candidate 3177,Male,Reference Group,REQ-2026-PNC-G2,2026-01-19,Direct Career Portal,Application Review,Automated job-related knockout criteria not met,2.50,,,,,,,,No,No,
CAND-2026-3178,Synthetic Candidate 3178,Male,Reference Group,REQ-2026-PNC-G2,2026-01-26,Regional Hiring Drive,Application Review,Automated job-related knockout criteria not met,3.20,,,,,,,,No,No,
CAND-2026-3179,Synthetic Candidate 3179,Female,Focal Group,REQ-2026-PNC-G2,2026-01-20,Employee Referral,Application Review,Automated job-related knockout criteria not met,2.70,,,,,,,,No,No,
CAND-2026-3180,Synthetic Candidate 3180,Female,Focal Group,REQ-2026-PNC-G2,2026-01-27,LinkedIn Recruiter,Application Review,Automated job-related knockout criteria not met,2.20,,,,,,,,No,No,
CAND-2026-3181,Synthetic Candidate 3181,Male,Reference Group,REQ-2026-PNC-G2,2026-01-21,Skills Academy,Application Review,Automated job-related knockout criteria not met,2.90,,,,,,,,No,No,
CAND-2026-3182,Synthetic Candidate 3182,Male,Reference Group,REQ-2026-PNC-G2,2026-01-15,Direct Career Portal,Application Review,Automated job-related knockout criteria not met,2.40,,,,,,,,No,No,
CAND-2026-3183,Synthetic Candidate 3183,Male,Reference Group,REQ-2026-PNC-G2,2026-01-22,Regional Hiring Drive,Application Review,Automated job-related knockout criteria not met,3.10,,,,,,,,No,No,
CAND-2026-3184,Synthetic Candidate 3184,Female,Focal Group,REQ-2026-PNC-G2,2026-01-16,Employee Referral,Application Review,Automated job-related knockout criteria not met,2.60,,,,,,,,No,No,
CAND-2026-3185,Synthetic Candidate 3185,Female,Focal Group,REQ-2026-PNC-G2,2026-01-23,LinkedIn Recruiter,Application Review,Automated job-related knockout criteria not met,3.30,,,,,,,,No,No,
CAND-2026-3186,Synthetic Candidate 3186,Male,Reference Group,REQ-2026-PNC-G2,2026-01-17,Skills Academy,Application Review,Automated job-related knockout criteria not met,2.80,,,,,,,,No,No,
CAND-2026-3187,Synthetic Candidate 3187,Male,Reference Group,REQ-2026-PNC-G2,2026-01-24,Direct Career Portal,Application Review,Automated job-related knockout criteria not met,2.30,,,,,,,,No,No,
CAND-2026-3188,Synthetic Candidate 3188,Male,Reference Group,REQ-2026-PNC-G2,2026-01-18,Regional Hiring Drive,Application Review,Automated job-related knockout criteria not met,3.00,,,,,,,,No,No,
CAND-2026-3189,Synthetic Candidate 3189,Female,Focal Group,REQ-2026-PNC-G2,2026-01-25,Employee Referral,Application Review,Automated job-related knockout criteria not met,2.50,,,,,,,,No,No,
CAND-2026-3190,Synthetic Candidate 3190,Female,Focal Group,REQ-2026-PNC-G2,2026-01-19,LinkedIn Recruiter,Application Review,Automated job-related knockout criteria not met,3.20,,,,,,,,No,No,
CAND-2026-3191,Synthetic Candidate 3191,Male,Reference Group,REQ-2026-PNC-G2,2026-01-26,Skills Academy,Application Review,Automated job-related knockout criteria not met,2.70,,,,,,,,No,No,
CAND-2026-3192,Synthetic Candidate 3192,Male,Reference Group,REQ-2026-PNC-G2,2026-01-20,Direct Career Portal,Application Review,Automated job-related knockout criteria not met,2.20,,,,,,,,No,No,
CAND-2026-3193,Synthetic Candidate 3193,Male,Reference Group,REQ-2026-PNC-G2,2026-01-27,Regional Hiring Drive,Application Review,Automated job-related knockout criteria not met,2.90,,,,,,,,No,No,
CAND-2026-3194,Synthetic Candidate 3194,Female,Focal Group,REQ-2026-PNC-G2,2026-01-21,Employee Referral,Application Review,Automated job-related knockout criteria not met,2.40,,,,,,,,No,No,
CAND-2026-3195,Synthetic Candidate 3195,Female,Focal Group,REQ-2026-PNC-G2,2026-01-15,LinkedIn Recruiter,Application Review,Automated job-related knockout criteria not met,3.10,,,,,,,,No,No,
CAND-2026-3196,Synthetic Candidate 3196,Male,Reference Group,REQ-2026-PNC-G2,2026-01-22,Skills Academy,Application Review,Automated job-related knockout criteria not met,2.60,,,,,,,,No,No,
CAND-2026-3197,Synthetic Candidate 3197,Male,Reference Group,REQ-2026-PNC-G2,2026-01-16,Direct Career Portal,Application Review,Automated job-related knockout criteria not met,3.30,,,,,,,,No,No,
CAND-2026-3198,Synthetic Candidate 3198,Male,Reference Group,REQ-2026-PNC-G2,2026-01-23,Regional Hiring Drive,Application Review,Automated job-related knockout criteria not met,2.80,,,,,,,,No,No,
CAND-2026-3199,Synthetic Candidate 3199,Female,Focal Group,REQ-2026-PNC-G2,2026-01-17,Employee Referral,Application Review,Automated job-related knockout criteria not met,2.30,,,,,,,,No,No,
CAND-2026-3200,Synthetic Candidate 3200,Female,Focal Group,REQ-2026-PNC-G2,2026-01-24,LinkedIn Recruiter,Application Review,Automated job-related knockout criteria not met,3.00,,,,,,,,No,No,
CAND-2026-3201,Synthetic Candidate 3201,Male,Reference Group,REQ-2026-PNC-G2,2026-01-18,Skills Academy,Application Review,Automated job-related knockout criteria not met,2.50,,,,,,,,No,No,
CAND-2026-3202,Synthetic Candidate 3202,Male,Reference Group,REQ-2026-PNC-G2,2026-01-25,Direct Career Portal,Application Review,Automated job-related knockout criteria not met,3.20,,,,,,,,No,No,
CAND-2026-3203,Synthetic Candidate 3203,Male,Reference Group,REQ-2026-PNC-G2,2026-01-19,Regional Hiring Drive,Application Review,Automated job-related knockout criteria not met,2.70,,,,,,,,No,No,
CAND-2026-3204,Synthetic Candidate 3204,Female,Focal Group,REQ-2026-PNC-G2,2026-01-26,Employee Referral,Application Review,Automated job-related knockout criteria not met,2.20,,,,,,,,No,No,
CAND-2026-3205,Synthetic Candidate 3205,Female,Focal Group,REQ-2026-PNC-G2,2026-01-20,LinkedIn Recruiter,Application Review,Automated job-related knockout criteria not met,2.90,,,,,,,,No,No,
CAND-2026-3206,Synthetic Candidate 3206,Male,Reference Group,REQ-2026-PNC-G2,2026-01-27,Skills Academy,Application Review,Automated job-related knockout criteria not met,2.40,,,,,,,,No,No,
CAND-2026-3207,Synthetic Candidate 3207,Male,Reference Group,REQ-2026-PNC-G2,2026-01-21,Direct Career Portal,Application Review,Automated job-related knockout criteria not met,3.10,,,,,,,,No,No,
CAND-2026-3208,Synthetic Candidate 3208,Male,Reference Group,REQ-2026-PNC-G2,2026-01-15,Regional Hiring Drive,Application Review,Automated job-related knockout criteria not met,2.60,,,,,,,,No,No,
CAND-2026-3209,Synthetic Candidate 3209,Female,Focal Group,REQ-2026-PNC-G2,2026-01-22,Employee Referral,Application Review,Automated job-related knockout criteria not met,3.30,,,,,,,,No,No,
CAND-2026-3210,Synthetic Candidate 3210,Female,Focal Group,REQ-2026-PNC-G2,2026-01-16,LinkedIn Recruiter,Application Review,Automated job-related knockout criteria not met,2.80,,,,,,,,No,No,
CAND-2026-3211,Synthetic Candidate 3211,Male,Reference Group,REQ-2026-PNC-G2,2026-01-23,Skills Academy,Application Review,Automated job-related knockout criteria not met,2.30,,,,,,,,No,No,
CAND-2026-3212,Synthetic Candidate 3212,Male,Reference Group,REQ-2026-PNC-G2,2026-01-17,Direct Career Portal,Application Review,Automated job-related knockout criteria not met,3.00,,,,,,,,No,No,
CAND-2026-3213,Synthetic Candidate 3213,Male,Reference Group,REQ-2026-PNC-G2,2026-01-24,Regional Hiring Drive,Application Review,Automated job-related knockout criteria not met,2.50,,,,,,,,No,No,
CAND-2026-3214,Synthetic Candidate 3214,Female,Focal Group,REQ-2026-PNC-G2,2026-01-18,Employee Referral,Application Review,Automated job-related knockout criteria not met,3.20,,,,,,,,No,No,
CAND-2026-3215,Synthetic Candidate 3215,Female,Focal Group,REQ-2026-PNC-G2,2026-01-25,LinkedIn Recruiter,Application Review,Automated job-related knockout criteria not met,2.70,,,,,,,,No,No,
CAND-2026-3216,Synthetic Candidate 3216,Male,Reference Group,REQ-2026-PNC-G2,2026-01-19,Skills Academy,Application Review,Automated job-related knockout criteria not met,2.20,,,,,,,,No,No,
CAND-2026-3217,Synthetic Candidate 3217,Male,Reference Group,REQ-2026-PNC-G2,2026-01-26,Direct Career Portal,Application Review,Automated job-related knockout criteria not met,2.90,,,,,,,,No,No,
CAND-2026-3218,Synthetic Candidate 3218,Male,Reference Group,REQ-2026-PNC-G2,2026-01-20,Regional Hiring Drive,Application Review,Automated job-related knockout criteria not met,2.40,,,,,,,,No,No,
CAND-2026-3219,Synthetic Candidate 3219,Female,Focal Group,REQ-2026-PNC-G2,2026-01-27,Employee Referral,Application Review,Automated job-related knockout criteria not met,3.10,,,,,,,,No,No,
CAND-2026-3220,Synthetic Candidate 3220,Female,Focal Group,REQ-2026-PNC-G2,2026-01-21,LinkedIn Recruiter,Application Review,Automated job-related knockout criteria not met,2.60,,,,,,,,No,No,
CAND-2026-3221,Synthetic Candidate 3221,Male,Reference Group,REQ-2026-PNC-G2,2026-01-15,Skills Academy,Application Review,Automated job-related knockout criteria not met,3.30,,,,,,,,No,No,
CAND-2026-3222,Synthetic Candidate 3222,Male,Reference Group,REQ-2026-PNC-G2,2026-01-22,Direct Career Portal,Application Review,Automated job-related knockout criteria not met,2.80,,,,,,,,No,No,
CAND-2026-3223,Synthetic Candidate 3223,Male,Reference Group,REQ-2026-PNC-G2,2026-01-16,Regional Hiring Drive,Application Review,Automated job-related knockout criteria not met,2.30,,,,,,,,No,No,
CAND-2026-3224,Synthetic Candidate 3224,Female,Focal Group,REQ-2026-PNC-G2,2026-01-23,Employee Referral,Application Review,Automated job-related knockout criteria not met,3.00,,,,,,,,No,No,
CAND-2026-3225,Synthetic Candidate 3225,Female,Focal Group,REQ-2026-PNC-G2,2026-01-17,LinkedIn Recruiter,Application Review,Automated job-related knockout criteria not met,2.50,,,,,,,,No,No,
CAND-2026-3226,Synthetic Candidate 3226,Male,Reference Group,REQ-2026-PNC-G2,2026-01-24,Skills Academy,Application Review,Automated job-related knockout criteria not met,3.20,,,,,,,,No,No,
CAND-2026-3227,Synthetic Candidate 3227,Male,Reference Group,REQ-2026-PNC-G2,2026-01-18,Direct Career Portal,Application Review,Automated job-related knockout criteria not met,2.70,,,,,,,,No,No,
CAND-2026-3228,Synthetic Candidate 3228,Male,Reference Group,REQ-2026-PNC-G2,2026-01-25,Regional Hiring Drive,Application Review,Automated job-related knockout criteria not met,2.20,,,,,,,,No,No,
CAND-2026-3229,Synthetic Candidate 3229,Female,Focal Group,REQ-2026-PNC-G2,2026-01-19,Employee Referral,Application Review,Automated job-related knockout criteria not met,2.90,,,,,,,,No,No,
CAND-2026-3230,Synthetic Candidate 3230,Female,Focal Group,REQ-2026-PNC-G2,2026-01-26,LinkedIn Recruiter,Application Review,Automated job-related knockout criteria not met,2.40,,,,,,,,No,No,
CAND-2026-3231,Synthetic Candidate 3231,Male,Reference Group,REQ-2026-PNC-G2,2026-01-20,Skills Academy,Application Review,Automated job-related knockout criteria not met,3.10,,,,,,,,No,No,
CAND-2026-3232,Synthetic Candidate 3232,Male,Reference Group,REQ-2026-PNC-G2,2026-01-27,Direct Career Portal,Application Review,Automated job-related knockout criteria not met,2.60,,,,,,,,No,No,
CAND-2026-3233,Synthetic Candidate 3233,Male,Reference Group,REQ-2026-PNC-G2,2026-01-21,Regional Hiring Drive,Application Review,Automated job-related knockout criteria not met,3.30,,,,,,,,No,No,
CAND-2026-3234,Synthetic Candidate 3234,Female,Focal Group,REQ-2026-PNC-G2,2026-01-15,Employee Referral,Application Review,Automated job-related knockout criteria not met,2.80,,,,,,,,No,No,
CAND-2026-3235,Synthetic Candidate 3235,Female,Focal Group,REQ-2026-PNC-G2,2026-01-22,LinkedIn Recruiter,Application Review,Automated job-related knockout criteria not met,2.30,,,,,,,,No,No,
CAND-2026-3236,Synthetic Candidate 3236,Male,Reference Group,REQ-2026-PNC-G2,2026-01-16,Skills Academy,Application Review,Automated job-related knockout criteria not met,3.00,,,,,,,,No,No,
CAND-2026-3237,Synthetic Candidate 3237,Male,Reference Group,REQ-2026-PNC-G2,2026-01-23,Direct Career Portal,Application Review,Automated job-related knockout criteria not met,2.50,,,,,,,,No,No,
CAND-2026-3238,Synthetic Candidate 3238,Male,Reference Group,REQ-2026-PNC-G2,2026-01-17,Regional Hiring Drive,Application Review,Automated job-related knockout criteria not met,3.20,,,,,,,,No,No,
CAND-2026-3239,Synthetic Candidate 3239,Female,Focal Group,REQ-2026-PNC-G2,2026-01-24,Employee Referral,Application Review,Automated job-related knockout criteria not met,2.70,,,,,,,,No,No,
CAND-2026-3240,Synthetic Candidate 3240,Female,Focal Group,REQ-2026-PNC-G2,2026-01-18,LinkedIn Recruiter,Application Review,Automated job-related knockout criteria not met,2.20,,,,,,,,No,No,
CAND-2026-3241,Synthetic Candidate 3241,Male,Reference Group,REQ-2026-PNC-G2,2026-01-25,Skills Academy,Application Review,Automated job-related knockout criteria not met,2.90,,,,,,,,No,No,
CAND-2026-3242,Synthetic Candidate 3242,Male,Reference Group,REQ-2026-PNC-G2,2026-01-19,Direct Career Portal,Application Review,Automated job-related knockout criteria not met,2.40,,,,,,,,No,No,
CAND-2026-3243,Synthetic Candidate 3243,Male,Reference Group,REQ-2026-PNC-G2,2026-01-26,Regional Hiring Drive,Application Review,Automated job-related knockout criteria not met,3.10,,,,,,,,No,No,
CAND-2026-3244,Synthetic Candidate 3244,Female,Focal Group,REQ-2026-PNC-G2,2026-01-20,Employee Referral,Application Review,Automated job-related knockout criteria not met,2.60,,,,,,,,No,No,
CAND-2026-3245,Synthetic Candidate 3245,Female,Focal Group,REQ-2026-PNC-G2,2026-01-27,LinkedIn Recruiter,Application Review,Automated job-related knockout criteria not met,3.30,,,,,,,,No,No,
CAND-2026-3246,Synthetic Candidate 3246,Male,Reference Group,REQ-2026-PNC-G2,2026-01-21,Skills Academy,Application Review,Automated job-related knockout criteria not met,2.80,,,,,,,,No,No,
CAND-2026-3247,Synthetic Candidate 3247,Male,Reference Group,REQ-2026-PNC-G2,2026-01-15,Direct Career Portal,Application Review,Automated job-related knockout criteria not met,2.30,,,,,,,,No,No,
CAND-2026-3248,Synthetic Candidate 3248,Male,Reference Group,REQ-2026-PNC-G2,2026-01-22,Regional Hiring Drive,Application Review,Automated job-related knockout criteria not met,3.00,,,,,,,,No,No,
CAND-2026-3249,Synthetic Candidate 3249,Female,Focal Group,REQ-2026-PNC-G2,2026-01-16,Employee Referral,Application Review,Automated job-related knockout criteria not met,2.50,,,,,,,,No,No,
CAND-2026-3250,Synthetic Candidate 3250,Female,Focal Group,REQ-2026-PNC-G2,2026-01-23,LinkedIn Recruiter,Application Review,Automated job-related knockout criteria not met,3.20,,,,,,,,No,No,
CAND-2026-3251,Synthetic Candidate 3251,Male,Reference Group,REQ-2026-PNC-G2,2026-01-17,Skills Academy,Application Review,Automated job-related knockout criteria not met,2.70,,,,,,,,No,No,
CAND-2026-3252,Synthetic Candidate 3252,Male,Reference Group,REQ-2026-PNC-G2,2026-01-24,Direct Career Portal,Application Review,Automated job-related knockout criteria not met,2.20,,,,,,,,No,No,
CAND-2026-3253,Synthetic Candidate 3253,Male,Reference Group,REQ-2026-PNC-G2,2026-01-18,Regional Hiring Drive,Application Review,Automated job-related knockout criteria not met,2.90,,,,,,,,No,No,
CAND-2026-3254,Synthetic Candidate 3254,Female,Focal Group,REQ-2026-PNC-G2,2026-01-25,Employee Referral,Application Review,Automated job-related knockout criteria not met,2.40,,,,,,,,No,No,
CAND-2026-3255,Synthetic Candidate 3255,Female,Focal Group,REQ-2026-PNC-G2,2026-01-19,LinkedIn Recruiter,Application Review,Automated job-related knockout criteria not met,3.10,,,,,,,,No,No,
CAND-2026-3256,Synthetic Candidate 3256,Male,Reference Group,REQ-2026-PNC-G2,2026-01-26,Skills Academy,Application Review,Automated job-related knockout criteria not met,2.60,,,,,,,,No,No,
CAND-2026-3257,Synthetic Candidate 3257,Male,Reference Group,REQ-2026-PNC-G2,2026-01-20,Direct Career Portal,Application Review,Automated job-related knockout criteria not met,3.30,,,,,,,,No,No,
CAND-2026-3258,Synthetic Candidate 3258,Male,Reference Group,REQ-2026-PNC-G2,2026-01-27,Regional Hiring Drive,Application Review,Automated job-related knockout criteria not met,2.80,,,,,,,,No,No,
CAND-2026-3259,Synthetic Candidate 3259,Female,Focal Group,REQ-2026-PNC-G2,2026-01-21,Employee Referral,Application Review,Automated job-related knockout criteria not met,2.30,,,,,,,,No,No,
CAND-2026-3260,Synthetic Candidate 3260,Female,Focal Group,REQ-2026-PNC-G2,2026-01-15,LinkedIn Recruiter,Application Review,Automated job-related knockout criteria not met,3.00,,,,,,,,No,No,
CAND-2026-3261,Synthetic Candidate 3261,Male,Reference Group,REQ-2026-PNC-G2,2026-01-22,Skills Academy,Application Review,Automated job-related knockout criteria not met,2.50,,,,,,,,No,No,
CAND-2026-3262,Synthetic Candidate 3262,Male,Reference Group,REQ-2026-PNC-G2,2026-01-16,Direct Career Portal,Application Review,Automated job-related knockout criteria not met,3.20,,,,,,,,No,No,
CAND-2026-3263,Synthetic Candidate 3263,Male,Reference Group,REQ-2026-PNC-G2,2026-01-23,Regional Hiring Drive,Application Review,Automated job-related knockout criteria not met,2.70,,,,,,,,No,No,
CAND-2026-3264,Synthetic Candidate 3264,Female,Focal Group,REQ-2026-PNC-G2,2026-01-17,Employee Referral,Application Review,Automated job-related knockout criteria not met,2.20,,,,,,,,No,No,
CAND-2026-3265,Synthetic Candidate 3265,Female,Focal Group,REQ-2026-PNC-G2,2026-01-24,LinkedIn Recruiter,Application Review,Automated job-related knockout criteria not met,2.90,,,,,,,,No,No,
CAND-2026-3266,Synthetic Candidate 3266,Male,Reference Group,REQ-2026-PNC-G2,2026-01-18,Skills Academy,Application Review,Automated job-related knockout criteria not met,2.40,,,,,,,,No,No,
CAND-2026-3267,Synthetic Candidate 3267,Male,Reference Group,REQ-2026-PNC-G2,2026-01-25,Direct Career Portal,Application Review,Automated job-related knockout criteria not met,3.10,,,,,,,,No,No,
CAND-2026-3268,Synthetic Candidate 3268,Male,Reference Group,REQ-2026-PNC-G2,2026-01-19,Regional Hiring Drive,Application Review,Automated job-related knockout criteria not met,2.60,,,,,,,,No,No,
CAND-2026-3269,Synthetic Candidate 3269,Female,Focal Group,REQ-2026-PNC-G2,2026-01-26,Employee Referral,Application Review,Automated job-related knockout criteria not met,3.30,,,,,,,,No,No,
CAND-2026-3270,Synthetic Candidate 3270,Female,Focal Group,REQ-2026-PNC-G2,2026-01-20,LinkedIn Recruiter,Application Review,Automated job-related knockout criteria not met,2.80,,,,,,,,No,No,
CAND-2026-3271,Synthetic Candidate 3271,Male,Reference Group,REQ-2026-PNC-G2,2026-01-27,Skills Academy,Application Review,Automated job-related knockout criteria not met,2.30,,,,,,,,No,No,
CAND-2026-3272,Synthetic Candidate 3272,Male,Reference Group,REQ-2026-PNC-G2,2026-01-21,Direct Career Portal,Application Review,Automated job-related knockout criteria not met,3.00,,,,,,,,No,No,
CAND-2026-3273,Synthetic Candidate 3273,Male,Reference Group,REQ-2026-PNC-G2,2026-01-15,Regional Hiring Drive,Application Review,Automated job-related knockout criteria not met,2.50,,,,,,,,No,No,
CAND-2026-3274,Synthetic Candidate 3274,Female,Focal Group,REQ-2026-PNC-G2,2026-01-22,Employee Referral,Application Review,Automated job-related knockout criteria not met,3.20,,,,,,,,No,No,
CAND-2026-3275,Synthetic Candidate 3275,Female,Focal Group,REQ-2026-PNC-G2,2026-01-16,LinkedIn Recruiter,Application Review,Automated job-related knockout criteria not met,2.70,,,,,,,,No,No,
CAND-2026-3276,Synthetic Candidate 3276,Male,Reference Group,REQ-2026-PNC-G2,2026-01-23,Skills Academy,Application Review,Automated job-related knockout criteria not met,2.20,,,,,,,,No,No,
CAND-2026-3277,Synthetic Candidate 3277,Male,Reference Group,REQ-2026-PNC-G2,2026-01-17,Direct Career Portal,Application Review,Automated job-related knockout criteria not met,2.90,,,,,,,,No,No,
CAND-2026-3278,Synthetic Candidate 3278,Male,Reference Group,REQ-2026-PNC-G2,2026-01-24,Regional Hiring Drive,Application Review,Automated job-related knockout criteria not met,2.40,,,,,,,,No,No,
CAND-2026-3279,Synthetic Candidate 3279,Female,Focal Group,REQ-2026-PNC-G2,2026-01-18,Employee Referral,Application Review,Automated job-related knockout criteria not met,3.10,,,,,,,,No,No,
CAND-2026-3280,Synthetic Candidate 3280,Female,Focal Group,REQ-2026-PNC-G2,2026-01-25,LinkedIn Recruiter,Application Review,Automated job-related knockout criteria not met,2.60,,,,,,,,No,No,
CAND-2026-3281,Synthetic Candidate 3281,Male,Reference Group,REQ-2026-PNC-G2,2026-01-19,Skills Academy,Application Review,Automated job-related knockout criteria not met,3.30,,,,,,,,No,No,
CAND-2026-3282,Synthetic Candidate 3282,Male,Reference Group,REQ-2026-PNC-G2,2026-01-26,Direct Career Portal,Application Review,Automated job-related knockout criteria not met,2.80,,,,,,,,No,No,
CAND-2026-3283,Synthetic Candidate 3283,Male,Reference Group,REQ-2026-PNC-G2,2026-01-20,Regional Hiring Drive,Application Review,Automated job-related knockout criteria not met,2.30,,,,,,,,No,No,
CAND-2026-3284,Synthetic Candidate 3284,Female,Focal Group,REQ-2026-PNC-G2,2026-01-27,Employee Referral,Application Review,Automated job-related knockout criteria not met,3.00,,,,,,,,No,No,
CAND-2026-3285,Synthetic Candidate 3285,Female,Focal Group,REQ-2026-PNC-G2,2026-01-21,LinkedIn Recruiter,Application Review,Automated job-related knockout criteria not met,2.50,,,,,,,,No,No,
CAND-2026-3286,Synthetic Candidate 3286,Male,Reference Group,REQ-2026-PNC-G2,2026-01-15,Skills Academy,Application Review,Automated job-related knockout criteria not met,3.20,,,,,,,,No,No,
CAND-2026-3287,Synthetic Candidate 3287,Male,Reference Group,REQ-2026-PNC-G2,2026-01-22,Direct Career Portal,Application Review,Automated job-related knockout criteria not met,2.70,,,,,,,,No,No,
CAND-2026-3288,Synthetic Candidate 3288,Male,Reference Group,REQ-2026-PNC-G2,2026-01-16,Regional Hiring Drive,Application Review,Automated job-related knockout criteria not met,2.20,,,,,,,,No,No,
CAND-2026-3289,Synthetic Candidate 3289,Female,Focal Group,REQ-2026-PNC-G2,2026-01-23,Employee Referral,Application Review,Automated job-related knockout criteria not met,2.90,,,,,,,,No,No,
CAND-2026-3290,Synthetic Candidate 3290,Female,Focal Group,REQ-2026-PNC-G2,2026-01-17,LinkedIn Recruiter,Application Review,Automated job-related knockout criteria not met,2.40,,,,,,,,No,No,
CAND-2026-3291,Synthetic Candidate 3291,Male,Reference Group,REQ-2026-PNC-G2,2026-01-24,Skills Academy,Application Review,Automated job-related knockout criteria not met,3.10,,,,,,,,No,No,
CAND-2026-3292,Synthetic Candidate 3292,Male,Reference Group,REQ-2026-PNC-G2,2026-01-18,Direct Career Portal,Application Review,Automated job-related knockout criteria not met,2.60,,,,,,,,No,No,
CAND-2026-3293,Synthetic Candidate 3293,Male,Reference Group,REQ-2026-PNC-G2,2026-01-25,Regional Hiring Drive,Application Review,Automated job-related knockout criteria not met,3.30,,,,,,,,No,No,
CAND-2026-3294,Synthetic Candidate 3294,Female,Focal Group,REQ-2026-PNC-G2,2026-01-19,Employee Referral,Application Review,Automated job-related knockout criteria not met,2.80,,,,,,,,No,No,
CAND-2026-3295,Synthetic Candidate 3295,Female,Focal Group,REQ-2026-PNC-G2,2026-01-26,LinkedIn Recruiter,Application Review,Automated job-related knockout criteria not met,2.30,,,,,,,,No,No,
CAND-2026-3296,Synthetic Candidate 3296,Male,Reference Group,REQ-2026-PNC-G2,2026-01-20,Skills Academy,Application Review,Automated job-related knockout criteria not met,3.00,,,,,,,,No,No,
CAND-2026-3297,Synthetic Candidate 3297,Male,Reference Group,REQ-2026-PNC-G2,2026-01-27,Direct Career Portal,Application Review,Automated job-related knockout criteria not met,2.50,,,,,,,,No,No,
CAND-2026-3298,Synthetic Candidate 3298,Male,Reference Group,REQ-2026-PNC-G2,2026-01-21,Regional Hiring Drive,Application Review,Automated job-related knockout criteria not met,3.20,,,,,,,,No,No,
CAND-2026-3299,Synthetic Candidate 3299,Female,Focal Group,REQ-2026-PNC-G2,2026-01-15,Employee Referral,Application Review,Automated job-related knockout criteria not met,2.70,,,,,,,,No,No,
CAND-2026-3300,Synthetic Candidate 3300,Female,Focal Group,REQ-2026-PNC-G2,2026-01-22,LinkedIn Recruiter,Application Review,Automated job-related knockout criteria not met,2.20,,,,,,,,No,No,
CAND-2026-3301,Synthetic Candidate 3301,Male,Reference Group,REQ-2026-PNC-G2,2026-01-16,Skills Academy,Application Review,Automated job-related knockout criteria not met,2.90,,,,,,,,No,No,
CAND-2026-3302,Synthetic Candidate 3302,Male,Reference Group,REQ-2026-PNC-G2,2026-01-23,Direct Career Portal,Application Review,Automated job-related knockout criteria not met,2.40,,,,,,,,No,No,
CAND-2026-3303,Synthetic Candidate 3303,Male,Reference Group,REQ-2026-PNC-G2,2026-01-17,Regional Hiring Drive,Application Review,Automated job-related knockout criteria not met,3.10,,,,,,,,No,No,
CAND-2026-3304,Synthetic Candidate 3304,Female,Focal Group,REQ-2026-PNC-G2,2026-01-24,Employee Referral,Application Review,Automated job-related knockout criteria not met,2.60,,,,,,,,No,No,
CAND-2026-3305,Synthetic Candidate 3305,Female,Focal Group,REQ-2026-PNC-G2,2026-01-18,LinkedIn Recruiter,Application Review,Automated job-related knockout criteria not met,3.30,,,,,,,,No,No,
CAND-2026-3306,Synthetic Candidate 3306,Male,Reference Group,REQ-2026-PNC-G2,2026-01-25,Skills Academy,Application Review,Automated job-related knockout criteria not met,2.80,,,,,,,,No,No,
CAND-2026-3307,Synthetic Candidate 3307,Male,Reference Group,REQ-2026-PNC-G2,2026-01-19,Direct Career Portal,Application Review,Automated job-related knockout criteria not met,2.30,,,,,,,,No,No,
CAND-2026-3308,Synthetic Candidate 3308,Male,Reference Group,REQ-2026-PNC-G2,2026-01-26,Regional Hiring Drive,Application Review,Automated job-related knockout criteria not met,3.00,,,,,,,,No,No,
CAND-2026-3309,Synthetic Candidate 3309,Female,Focal Group,REQ-2026-PNC-G2,2026-01-20,Employee Referral,Application Review,Automated job-related knockout criteria not met,2.50,,,,,,,,No,No,
CAND-2026-3310,Synthetic Candidate 3310,Female,Focal Group,REQ-2026-PNC-G2,2026-01-27,LinkedIn Recruiter,Application Review,Automated job-related knockout criteria not met,3.20,,,,,,,,No,No,
CAND-2026-3311,Synthetic Candidate 3311,Male,Reference Group,REQ-2026-PNC-G2,2026-01-21,Skills Academy,Application Review,Automated job-related knockout criteria not met,2.70,,,,,,,,No,No,
CAND-2026-3312,Synthetic Candidate 3312,Male,Reference Group,REQ-2026-PNC-G2,2026-01-15,Direct Career Portal,Application Review,Automated job-related knockout criteria not met,2.20,,,,,,,,No,No,
CAND-2026-3313,Synthetic Candidate 3313,Male,Reference Group,REQ-2026-PNC-G2,2026-01-22,Regional Hiring Drive,Application Review,Automated job-related knockout criteria not met,2.90,,,,,,,,No,No,
CAND-2026-3314,Synthetic Candidate 3314,Female,Focal Group,REQ-2026-PNC-G2,2026-01-16,Employee Referral,Application Review,Automated job-related knockout criteria not met,2.40,,,,,,,,No,No,
CAND-2026-3315,Synthetic Candidate 3315,Female,Focal Group,REQ-2026-PNC-G2,2026-01-23,LinkedIn Recruiter,Application Review,Automated job-related knockout criteria not met,3.10,,,,,,,,No,No,
CAND-2026-3316,Synthetic Candidate 3316,Male,Reference Group,REQ-2026-PNC-G2,2026-01-17,Skills Academy,Application Review,Automated job-related knockout criteria not met,2.60,,,,,,,,No,No,
CAND-2026-3317,Synthetic Candidate 3317,Male,Reference Group,REQ-2026-PNC-G2,2026-01-24,Direct Career Portal,Application Review,Automated job-related knockout criteria not met,3.30,,,,,,,,No,No,
CAND-2026-3318,Synthetic Candidate 3318,Male,Reference Group,REQ-2026-PNC-G2,2026-01-18,Regional Hiring Drive,Application Review,Automated job-related knockout criteria not met,2.80,,,,,,,,No,No,
CAND-2026-3319,Synthetic Candidate 3319,Female,Focal Group,REQ-2026-PNC-G2,2026-01-25,Employee Referral,Application Review,Automated job-related knockout criteria not met,2.30,,,,,,,,No,No,
CAND-2026-3320,Synthetic Candidate 3320,Female,Focal Group,REQ-2026-PNC-G2,2026-01-19,LinkedIn Recruiter,Application Review,Automated job-related knockout criteria not met,3.00,,,,,,,,No,No,
CAND-2026-3321,Synthetic Candidate 3321,Male,Reference Group,REQ-2026-PNC-G2,2026-01-26,Skills Academy,Application Review,Automated job-related knockout criteria not met,2.50,,,,,,,,No,No,
CAND-2026-3322,Synthetic Candidate 3322,Male,Reference Group,REQ-2026-PNC-G2,2026-01-20,Direct Career Portal,Application Review,Automated job-related knockout criteria not met,3.20,,,,,,,,No,No,
CAND-2026-3323,Synthetic Candidate 3323,Male,Reference Group,REQ-2026-PNC-G2,2026-01-27,Regional Hiring Drive,Application Review,Automated job-related knockout criteria not met,2.70,,,,,,,,No,No,
CAND-2026-3324,Synthetic Candidate 3324,Female,Focal Group,REQ-2026-PNC-G2,2026-01-21,Employee Referral,Application Review,Automated job-related knockout criteria not met,2.20,,,,,,,,No,No,
CAND-2026-3325,Synthetic Candidate 3325,Female,Focal Group,REQ-2026-PNC-G2,2026-01-15,LinkedIn Recruiter,Application Review,Automated job-related knockout criteria not met,2.90,,,,,,,,No,No,
CAND-2026-3326,Synthetic Candidate 3326,Male,Reference Group,REQ-2026-PNC-G2,2026-01-22,Skills Academy,Application Review,Automated job-related knockout criteria not met,2.40,,,,,,,,No,No,
CAND-2026-3327,Synthetic Candidate 3327,Male,Reference Group,REQ-2026-PNC-G2,2026-01-16,Direct Career Portal,Application Review,Automated job-related knockout criteria not met,3.10,,,,,,,,No,No,
CAND-2026-3328,Synthetic Candidate 3328,Male,Reference Group,REQ-2026-PNC-G2,2026-01-23,Regional Hiring Drive,Application Review,Automated job-related knockout criteria not met,2.60,,,,,,,,No,No,
CAND-2026-3329,Synthetic Candidate 3329,Female,Focal Group,REQ-2026-PNC-G2,2026-01-17,Employee Referral,Application Review,Automated job-related knockout criteria not met,3.30,,,,,,,,No,No,
CAND-2026-3330,Synthetic Candidate 3330,Female,Focal Group,REQ-2026-PNC-G2,2026-01-24,LinkedIn Recruiter,Application Review,Automated job-related knockout criteria not met,2.80,,,,,,,,No,No,
CAND-2026-3331,Synthetic Candidate 3331,Male,Reference Group,REQ-2026-PNC-G2,2026-01-18,Skills Academy,Application Review,Automated job-related knockout criteria not met,2.30,,,,,,,,No,No,
CAND-2026-3332,Synthetic Candidate 3332,Male,Reference Group,REQ-2026-PNC-G2,2026-01-25,Direct Career Portal,Application Review,Automated job-related knockout criteria not met,3.00,,,,,,,,No,No,
CAND-2026-3333,Synthetic Candidate 3333,Male,Reference Group,REQ-2026-PNC-G2,2026-01-19,Regional Hiring Drive,Application Review,Automated job-related knockout criteria not met,2.50,,,,,,,,No,No,
CAND-2026-3334,Synthetic Candidate 3334,Female,Focal Group,REQ-2026-PNC-G2,2026-01-26,Employee Referral,Application Review,Automated job-related knockout criteria not met,3.20,,,,,,,,No,No,
CAND-2026-3335,Synthetic Candidate 3335,Female,Focal Group,REQ-2026-PNC-G2,2026-01-20,LinkedIn Recruiter,Application Review,Automated job-related knockout criteria not met,2.70,,,,,,,,No,No,
CAND-2026-3336,Synthetic Candidate 3336,Male,Reference Group,REQ-2026-PNC-G2,2026-01-27,Skills Academy,Application Review,Automated job-related knockout criteria not met,2.20,,,,,,,,No,No,
CAND-2026-3337,Synthetic Candidate 3337,Male,Reference Group,REQ-2026-PNC-G2,2026-01-21,Direct Career Portal,Application Review,Automated job-related knockout criteria not met,2.90,,,,,,,,No,No,
CAND-2026-3338,Synthetic Candidate 3338,Male,Reference Group,REQ-2026-PNC-G2,2026-01-15,Regional Hiring Drive,Application Review,Automated job-related knockout criteria not met,2.40,,,,,,,,No,No,
CAND-2026-3339,Synthetic Candidate 3339,Female,Focal Group,REQ-2026-PNC-G2,2026-01-22,Employee Referral,Application Review,Automated job-related knockout criteria not met,3.10,,,,,,,,No,No,
CAND-2026-3340,Synthetic Candidate 3340,Female,Focal Group,REQ-2026-PNC-G2,2026-01-16,LinkedIn Recruiter,Application Review,Automated job-related knockout criteria not met,2.60,,,,,,,,No,No,
CAND-2026-3341,Synthetic Candidate 3341,Male,Reference Group,REQ-2026-PNC-G2,2026-01-23,Skills Academy,Application Review,Automated job-related knockout criteria not met,3.30,,,,,,,,No,No,
CAND-2026-3342,Synthetic Candidate 3342,Male,Reference Group,REQ-2026-PNC-G2,2026-01-17,Direct Career Portal,Application Review,Automated job-related knockout criteria not met,2.80,,,,,,,,No,No,
CAND-2026-3343,Synthetic Candidate 3343,Male,Reference Group,REQ-2026-PNC-G2,2026-01-24,Regional Hiring Drive,Application Review,Automated job-related knockout criteria not met,2.30,,,,,,,,No,No,
CAND-2026-3344,Synthetic Candidate 3344,Female,Focal Group,REQ-2026-PNC-G2,2026-01-18,Employee Referral,Application Review,Automated job-related knockout criteria not met,3.00,,,,,,,,No,No,
CAND-2026-3345,Synthetic Candidate 3345,Female,Focal Group,REQ-2026-PNC-G2,2026-01-25,LinkedIn Recruiter,Application Review,Automated job-related knockout criteria not met,2.50,,,,,,,,No,No,
CAND-2026-3346,Synthetic Candidate 3346,Male,Reference Group,REQ-2026-PNC-G2,2026-01-19,Skills Academy,Application Review,Automated job-related knockout criteria not met,3.20,,,,,,,,No,No,
CAND-2026-3347,Synthetic Candidate 3347,Male,Reference Group,REQ-2026-PNC-G2,2026-01-26,Direct Career Portal,Application Review,Automated job-related knockout criteria not met,2.70,,,,,,,,No,No,
CAND-2026-3348,Synthetic Candidate 3348,Male,Reference Group,REQ-2026-PNC-G2,2026-01-20,Regional Hiring Drive,Application Review,Automated job-related knockout criteria not met,2.20,,,,,,,,No,No,
CAND-2026-3349,Synthetic Candidate 3349,Female,Focal Group,REQ-2026-PNC-G2,2026-01-27,Employee Referral,Application Review,Automated job-related knockout criteria not met,2.90,,,,,,,,No,No,
CAND-2026-3350,Synthetic Candidate 3350,Female,Focal Group,REQ-2026-PNC-G2,2026-01-21,LinkedIn Recruiter,Application Review,Automated job-related knockout criteria not met,2.40,,,,,,,,No,No,
CAND-2026-3351,Synthetic Candidate 3351,Male,Reference Group,REQ-2026-PNC-G2,2026-01-15,Skills Academy,Application Review,Automated job-related knockout criteria not met,3.10,,,,,,,,No,No,
CAND-2026-3352,Synthetic Candidate 3352,Male,Reference Group,REQ-2026-PNC-G2,2026-01-22,Direct Career Portal,Application Review,Automated job-related knockout criteria not met,2.60,,,,,,,,No,No,
CAND-2026-3353,Synthetic Candidate 3353,Male,Reference Group,REQ-2026-PNC-G2,2026-01-16,Regional Hiring Drive,Application Review,Automated job-related knockout criteria not met,3.30,,,,,,,,No,No,
CAND-2026-3354,Synthetic Candidate 3354,Female,Focal Group,REQ-2026-PNC-G2,2026-01-23,Employee Referral,Application Review,Automated job-related knockout criteria not met,2.80,,,,,,,,No,No,
CAND-2026-3355,Synthetic Candidate 3355,Female,Focal Group,REQ-2026-PNC-G2,2026-01-17,LinkedIn Recruiter,Application Review,Automated job-related knockout criteria not met,2.30,,,,,,,,No,No,
CAND-2026-3356,Synthetic Candidate 3356,Male,Reference Group,REQ-2026-PNC-G2,2026-01-24,Skills Academy,Application Review,Automated job-related knockout criteria not met,3.00,,,,,,,,No,No,
CAND-2026-3357,Synthetic Candidate 3357,Male,Reference Group,REQ-2026-PNC-G2,2026-01-18,Direct Career Portal,Application Review,Automated job-related knockout criteria not met,2.50,,,,,,,,No,No,
CAND-2026-3358,Synthetic Candidate 3358,Male,Reference Group,REQ-2026-PNC-G2,2026-01-25,Regional Hiring Drive,Application Review,Automated job-related knockout criteria not met,3.20,,,,,,,,No,No,
CAND-2026-3359,Synthetic Candidate 3359,Female,Focal Group,REQ-2026-PNC-G2,2026-01-19,Employee Referral,Application Review,Automated job-related knockout criteria not met,2.70,,,,,,,,No,No,
CAND-2026-3360,Synthetic Candidate 3360,Female,Focal Group,REQ-2026-PNC-G2,2026-01-26,LinkedIn Recruiter,Application Review,Automated job-related knockout criteria not met,2.20,,,,,,,,No,No,
CAND-2026-3361,Synthetic Candidate 3361,Male,Reference Group,REQ-2026-PNC-G2,2026-01-20,Skills Academy,Application Review,Automated job-related knockout criteria not met,2.90,,,,,,,,No,No,
CAND-2026-3362,Synthetic Candidate 3362,Male,Reference Group,REQ-2026-PNC-G2,2026-01-27,Direct Career Portal,Application Review,Automated job-related knockout criteria not met,2.40,,,,,,,,No,No,
CAND-2026-3363,Synthetic Candidate 3363,Male,Reference Group,REQ-2026-PNC-G2,2026-01-21,Regional Hiring Drive,Application Review,Automated job-related knockout criteria not met,3.10,,,,,,,,No,No,
CAND-2026-3364,Synthetic Candidate 3364,Female,Focal Group,REQ-2026-PNC-G2,2026-01-15,Employee Referral,Application Review,Automated job-related knockout criteria not met,2.60,,,,,,,,No,No,
CAND-2026-3365,Synthetic Candidate 3365,Female,Focal Group,REQ-2026-PNC-G2,2026-01-22,LinkedIn Recruiter,Application Review,Automated job-related knockout criteria not met,3.30,,,,,,,,No,No,
CAND-2026-3366,Synthetic Candidate 3366,Male,Reference Group,REQ-2026-PNC-G2,2026-01-16,Skills Academy,Application Review,Automated job-related knockout criteria not met,2.80,,,,,,,,No,No,
CAND-2026-3367,Synthetic Candidate 3367,Male,Reference Group,REQ-2026-PNC-G2,2026-01-23,Direct Career Portal,Application Review,Automated job-related knockout criteria not met,2.30,,,,,,,,No,No,
CAND-2026-3368,Synthetic Candidate 3368,Male,Reference Group,REQ-2026-PNC-G2,2026-01-17,Regional Hiring Drive,Application Review,Automated job-related knockout criteria not met,3.00,,,,,,,,No,No,
CAND-2026-3369,Synthetic Candidate 3369,Female,Focal Group,REQ-2026-PNC-G2,2026-01-24,Employee Referral,Application Review,Automated job-related knockout criteria not met,2.50,,,,,,,,No,No,
CAND-2026-3370,Synthetic Candidate 3370,Female,Focal Group,REQ-2026-PNC-G2,2026-01-18,LinkedIn Recruiter,Application Review,Automated job-related knockout criteria not met,3.20,,,,,,,,No,No,
CAND-2026-3371,Synthetic Candidate 3371,Male,Reference Group,REQ-2026-PNC-G2,2026-01-25,Skills Academy,Application Review,Automated job-related knockout criteria not met,2.70,,,,,,,,No,No,
CAND-2026-3372,Synthetic Candidate 3372,Male,Reference Group,REQ-2026-PNC-G2,2026-01-19,Direct Career Portal,Application Review,Automated job-related knockout criteria not met,2.20,,,,,,,,No,No,
CAND-2026-3373,Synthetic Candidate 3373,Male,Reference Group,REQ-2026-PNC-G2,2026-01-26,Regional Hiring Drive,Application Review,Automated job-related knockout criteria not met,2.90,,,,,,,,No,No,
CAND-2026-3374,Synthetic Candidate 3374,Female,Focal Group,REQ-2026-PNC-G2,2026-01-20,Employee Referral,Application Review,Automated job-related knockout criteria not met,2.40,,,,,,,,No,No,
CAND-2026-3375,Synthetic Candidate 3375,Female,Focal Group,REQ-2026-PNC-G2,2026-01-27,LinkedIn Recruiter,Application Review,Automated job-related knockout criteria not met,3.10,,,,,,,,No,No,
CAND-2026-3376,Synthetic Candidate 3376,Male,Reference Group,REQ-2026-PNC-G2,2026-01-21,Skills Academy,Application Review,Automated job-related knockout criteria not met,2.60,,,,,,,,No,No,
CAND-2026-3377,Synthetic Candidate 3377,Male,Reference Group,REQ-2026-PNC-G2,2026-01-15,Direct Career Portal,Application Review,Automated job-related knockout criteria not met,3.30,,,,,,,,No,No,
CAND-2026-3378,Synthetic Candidate 3378,Male,Reference Group,REQ-2026-PNC-G2,2026-01-22,Regional Hiring Drive,Application Review,Automated job-related knockout criteria not met,2.80,,,,,,,,No,No,
CAND-2026-3379,Synthetic Candidate 3379,Female,Focal Group,REQ-2026-PNC-G2,2026-01-16,Employee Referral,Application Review,Automated job-related knockout criteria not met,2.30,,,,,,,,No,No,
CAND-2026-3380,Synthetic Candidate 3380,Female,Focal Group,REQ-2026-PNC-G2,2026-01-23,LinkedIn Recruiter,Application Review,Automated job-related knockout criteria not met,3.00,,,,,,,,No,No,
CAND-2026-3381,Synthetic Candidate 3381,Male,Reference Group,REQ-2026-PNC-G2,2026-01-17,Skills Academy,Application Review,Automated job-related knockout criteria not met,2.50,,,,,,,,No,No,
CAND-2026-3382,Synthetic Candidate 3382,Male,Reference Group,REQ-2026-PNC-G2,2026-01-24,Direct Career Portal,Application Review,Automated job-related knockout criteria not met,3.20,,,,,,,,No,No,
CAND-2026-3383,Synthetic Candidate 3383,Male,Reference Group,REQ-2026-PNC-G2,2026-01-18,Regional Hiring Drive,Application Review,Automated job-related knockout criteria not met,2.70,,,,,,,,No,No,
CAND-2026-3384,Synthetic Candidate 3384,Female,Focal Group,REQ-2026-PNC-G2,2026-01-25,Employee Referral,Application Review,Automated job-related knockout criteria not met,2.20,,,,,,,,No,No,
CAND-2026-3385,Synthetic Candidate 3385,Female,Focal Group,REQ-2026-PNC-G2,2026-01-19,LinkedIn Recruiter,Application Review,Automated job-related knockout criteria not met,2.90,,,,,,,,No,No,
CAND-2026-3386,Synthetic Candidate 3386,Male,Reference Group,REQ-2026-PNC-G2,2026-01-26,Skills Academy,Application Review,Automated job-related knockout criteria not met,2.40,,,,,,,,No,No,
CAND-2026-3387,Synthetic Candidate 3387,Male,Reference Group,REQ-2026-PNC-G2,2026-01-20,Direct Career Portal,Application Review,Automated job-related knockout criteria not met,3.10,,,,,,,,No,No,
CAND-2026-3388,Synthetic Candidate 3388,Male,Reference Group,REQ-2026-PNC-G2,2026-01-27,Regional Hiring Drive,Application Review,Automated job-related knockout criteria not met,2.60,,,,,,,,No,No,
CAND-2026-3389,Synthetic Candidate 3389,Female,Focal Group,REQ-2026-PNC-G2,2026-01-21,Employee Referral,Application Review,Automated job-related knockout criteria not met,3.30,,,,,,,,No,No,
CAND-2026-3390,Synthetic Candidate 3390,Female,Focal Group,REQ-2026-PNC-G2,2026-01-15,LinkedIn Recruiter,Application Review,Automated job-related knockout criteria not met,2.80,,,,,,,,No,No,
CAND-2026-3391,Synthetic Candidate 3391,Male,Reference Group,REQ-2026-PNC-G2,2026-01-22,Skills Academy,Application Review,Automated job-related knockout criteria not met,2.30,,,,,,,,No,No,
CAND-2026-3392,Synthetic Candidate 3392,Male,Reference Group,REQ-2026-PNC-G2,2026-01-16,Direct Career Portal,Application Review,Automated job-related knockout criteria not met,3.00,,,,,,,,No,No,
CAND-2026-3393,Synthetic Candidate 3393,Male,Reference Group,REQ-2026-PNC-G2,2026-01-23,Regional Hiring Drive,Application Review,Automated job-related knockout criteria not met,2.50,,,,,,,,No,No,
CAND-2026-3394,Synthetic Candidate 3394,Female,Focal Group,REQ-2026-PNC-G2,2026-01-17,Employee Referral,Application Review,Automated job-related knockout criteria not met,3.20,,,,,,,,No,No,
CAND-2026-3395,Synthetic Candidate 3395,Female,Focal Group,REQ-2026-PNC-G2,2026-01-24,LinkedIn Recruiter,Application Review,Automated job-related knockout criteria not met,2.70,,,,,,,,No,No,
CAND-2026-3396,Synthetic Candidate 3396,Male,Reference Group,REQ-2026-PNC-G2,2026-01-18,Skills Academy,Application Review,Automated job-related knockout criteria not met,2.20,,,,,,,,No,No,
CAND-2026-3397,Synthetic Candidate 3397,Male,Reference Group,REQ-2026-PNC-G2,2026-01-25,Direct Career Portal,Application Review,Automated job-related knockout criteria not met,2.90,,,,,,,,No,No,
CAND-2026-3398,Synthetic Candidate 3398,Male,Reference Group,REQ-2026-PNC-G2,2026-01-19,Regional Hiring Drive,Application Review,Automated job-related knockout criteria not met,2.40,,,,,,,,No,No,
CAND-2026-3399,Synthetic Candidate 3399,Female,Focal Group,REQ-2026-PNC-G2,2026-01-26,Employee Referral,Application Review,Automated job-related knockout criteria not met,3.10,,,,,,,,No,No,
CAND-2026-3400,Synthetic Candidate 3400,Female,Focal Group,REQ-2026-PNC-G2,2026-01-20,LinkedIn Recruiter,Application Review,Automated job-related knockout criteria not met,2.60,,,,,,,,No,No,
CAND-2026-3401,Synthetic Candidate 3401,Male,Reference Group,REQ-2026-SCM-G2,2026-02-12,Skills Academy,Hired,Selected - highest governed composite,4.10,3.50,4.80,4.65,4.60,4.70,4.50,-0.20,Yes,Yes,2026-03-07
CAND-2026-3402,Synthetic Candidate 3402,Male,Reference Group,REQ-2026-SCM-G2,2026-02-06,Direct Career Portal,Hired,Selected - highest governed composite,3.40,4.60,4.60,4.63,4.80,4.65,4.35,-0.30,Yes,Yes,2026-03-07
CAND-2026-3403,Synthetic Candidate 3403,Male,Reference Group,REQ-2026-SCM-G2,2026-02-13,Regional Hiring Drive,Hired,Selected - highest governed composite,4.10,4.10,4.90,4.60,4.50,4.70,5.00,0.30,Yes,Yes,2026-03-07
CAND-2026-3404,Synthetic Candidate 3404,Female,Focal Group,REQ-2026-SCM-G2,2026-02-07,Employee Referral,Hired,Selected - highest governed composite,3.40,3.60,4.80,4.65,4.60,4.70,5.00,0.30,Yes,Yes,2026-03-07
CAND-2026-3405,Synthetic Candidate 3405,Female,Focal Group,REQ-2026-SCM-G2,2026-02-14,LinkedIn Recruiter,Hired,Selected - highest governed composite,4.10,4.70,4.60,4.63,4.80,4.65,4.95,0.30,Yes,Yes,2026-03-07
CAND-2026-3406,Synthetic Candidate 3406,Male,Reference Group,REQ-2026-SCM-G2,2026-02-08,Skills Academy,Hired,Selected - highest governed composite,3.40,4.20,4.70,4.58,4.70,4.65,4.85,0.20,Yes,Yes,2026-03-07
CAND-2026-3407,Synthetic Candidate 3407,Male,Reference Group,REQ-2026-SCM-G2,2026-02-15,Direct Career Portal,Hired,Selected - highest governed composite,4.10,3.70,4.50,4.55,4.40,4.50,4.60,0.10,Yes,Yes,2026-03-07
CAND-2026-3408,Synthetic Candidate 3408,Male,Reference Group,REQ-2026-SCM-G2,2026-02-09,Regional Hiring Drive,Hired,Selected - highest governed composite,3.40,3.20,4.80,4.65,4.60,4.70,4.70,0.00,Yes,Yes,2026-03-07
CAND-2026-3409,Synthetic Candidate 3409,Female,Focal Group,REQ-2026-SCM-G2,2026-02-16,Employee Referral,Hired,Selected - highest governed composite,4.10,4.30,4.90,4.60,4.50,4.70,4.60,-0.10,Yes,Yes,2026-03-07
CAND-2026-3410,Synthetic Candidate 3410,Female,Focal Group,REQ-2026-SCM-G2,2026-02-10,LinkedIn Recruiter,Hired,Selected - highest governed composite,3.40,3.80,4.70,4.58,4.70,4.65,4.45,-0.20,Yes,Yes,2026-03-07
CAND-2026-3411,Synthetic Candidate 3411,Male,Reference Group,REQ-2026-SCM-G2,2026-02-17,Skills Academy,Hired,Selected - highest governed composite,4.10,3.30,4.60,4.63,4.80,4.65,4.35,-0.30,Yes,Yes,2026-03-07
CAND-2026-3412,Synthetic Candidate 3412,Male,Reference Group,REQ-2026-SCM-G2,2026-02-11,Direct Career Portal,Hired,Selected - highest governed composite,3.40,4.40,4.90,4.60,4.50,4.70,5.00,0.30,Yes,Yes,2026-03-07
CAND-2026-3413,Synthetic Candidate 3413,Male,Reference Group,REQ-2026-SCM-G2,2026-02-05,Regional Hiring Drive,Hired,Selected - highest governed composite,4.10,3.90,4.70,4.58,4.70,4.65,5.00,0.35,Yes,Yes,2026-03-07
CAND-2026-3414,Synthetic Candidate 3414,Female,Focal Group,REQ-2026-SCM-G2,2026-02-12,Employee Referral,Hired,Selected - highest governed composite,3.40,3.40,4.50,4.55,4.40,4.50,4.80,0.30,Yes,Yes,2026-03-07
CAND-2026-3415,Synthetic Candidate 3415,Female,Focal Group,REQ-2026-SCM-G2,2026-02-06,LinkedIn Recruiter,Hired,Selected - highest governed composite,4.10,4.50,4.80,4.65,4.60,4.70,4.90,0.20,Yes,Yes,2026-03-07
CAND-2026-3416,Synthetic Candidate 3416,Male,Reference Group,REQ-2026-SCM-G2,2026-02-13,Skills Academy,Hired,Selected - highest governed composite,3.40,4.00,4.50,4.55,4.40,4.50,4.60,0.10,Yes,Yes,2026-03-07
CAND-2026-3417,Synthetic Candidate 3417,Male,Reference Group,REQ-2026-SCM-G2,2026-02-07,Direct Career Portal,Hired,Selected - highest governed composite,4.10,3.50,4.80,4.65,4.60,4.70,4.70,0.00,Yes,Yes,2026-03-07
CAND-2026-3418,Synthetic Candidate 3418,Male,Reference Group,REQ-2026-SCM-G2,2026-02-14,Regional Hiring Drive,Hired,Selected - highest governed composite,3.40,4.60,4.60,4.63,4.80,4.65,4.55,-0.10,Yes,Yes,2026-03-07
CAND-2026-3419,Synthetic Candidate 3419,Female,Focal Group,REQ-2026-SCM-G2,2026-02-08,Employee Referral,Hired,Selected - highest governed composite,4.10,4.10,4.60,4.63,4.80,4.65,4.45,-0.20,Yes,Yes,2026-03-07
CAND-2026-3420,Synthetic Candidate 3420,Female,Focal Group,REQ-2026-SCM-G2,2026-02-15,LinkedIn Recruiter,Hired,Selected - highest governed composite,3.40,3.60,4.90,4.60,4.50,4.70,4.40,-0.30,Yes,Yes,2026-03-07
CAND-2026-3421,Synthetic Candidate 3421,Male,Reference Group,REQ-2026-SCM-G2,2026-02-09,Skills Academy,Hired,Selected - highest governed composite,4.10,4.70,4.90,4.60,4.50,4.70,5.00,0.30,Yes,Yes,2026-03-07
CAND-2026-3422,Synthetic Candidate 3422,Male,Reference Group,REQ-2026-SCM-G2,2026-02-16,Direct Career Portal,Hired,Selected - highest governed composite,3.40,4.20,4.70,4.58,4.70,4.65,5.00,0.35,Yes,Yes,2026-03-07
CAND-2026-3423,Synthetic Candidate 3423,Male,Reference Group,REQ-2026-SCM-G2,2026-02-10,Regional Hiring Drive,Hired,Selected - highest governed composite,4.10,3.70,4.50,4.55,4.40,4.50,4.80,0.30,Yes,Yes,2026-03-07
CAND-2026-3424,Synthetic Candidate 3424,Female,Focal Group,REQ-2026-SCM-G2,2026-02-17,Employee Referral,Hired,Selected - highest governed composite,3.40,3.20,4.70,4.58,4.70,4.65,4.85,0.20,Yes,Yes,2026-03-07
CAND-2026-3425,Synthetic Candidate 3425,Female,Focal Group,REQ-2026-SCM-G2,2026-02-11,LinkedIn Recruiter,Hired,Selected - highest governed composite,4.10,4.30,4.50,4.55,4.40,4.50,4.60,0.10,Yes,Yes,2026-03-07
CAND-2026-3426,Synthetic Candidate 3426,Male,Reference Group,REQ-2026-SCM-G2,2026-02-05,Skills Academy,Interview Complete,Composite below requisition threshold,3.40,3.80,3.50,3.73,3.70,3.63,3.63,0.00,No,No,
CAND-2026-3427,Synthetic Candidate 3427,Male,Reference Group,REQ-2026-SCM-G2,2026-02-12,Direct Career Portal,Interview Complete,Composite below requisition threshold,4.10,3.30,4.00,3.63,3.20,3.69,3.59,-0.10,No,No,
CAND-2026-3428,Synthetic Candidate 3428,Male,Reference Group,REQ-2026-SCM-G2,2026-02-06,Regional Hiring Drive,Interview Complete,Composite below requisition threshold,3.40,4.40,3.40,3.53,3.90,3.55,3.35,-0.20,No,No,
CAND-2026-3429,Synthetic Candidate 3429,Female,Focal Group,REQ-2026-SCM-G2,2026-02-13,Employee Referral,Interview Complete,Composite below requisition threshold,4.10,3.90,3.90,3.70,3.40,3.72,3.42,-0.30,No,No,
CAND-2026-3430,Synthetic Candidate 3430,Female,Focal Group,REQ-2026-SCM-G2,2026-02-07,LinkedIn Recruiter,Interview Complete,Composite below requisition threshold,3.40,3.40,3.30,3.35,4.10,3.48,3.98,0.50,No,No,
CAND-2026-3431,Synthetic Candidate 3431,Male,Reference Group,REQ-2026-SCM-G2,2026-02-14,Skills Academy,Interview Complete,Composite below requisition threshold,4.10,4.50,3.80,3.78,3.60,3.75,4.15,0.40,No,No,
CAND-2026-3432,Synthetic Candidate 3432,Male,Reference Group,REQ-2026-SCM-G2,2026-02-08,Direct Career Portal,Interview Complete,Composite below requisition threshold,3.40,4.00,3.20,3.40,3.10,3.26,3.56,0.30,No,No,
CAND-2026-3433,Synthetic Candidate 3433,Male,Reference Group,REQ-2026-SCM-G2,2026-02-15,Regional Hiring Drive,Interview Complete,Composite below requisition threshold,4.10,3.50,3.70,3.58,3.80,3.67,3.87,0.20,No,No,
CAND-2026-3434,Synthetic Candidate 3434,Female,Focal Group,REQ-2026-SCM-G2,2026-02-09,Employee Referral,Interview Complete,Composite below requisition threshold,3.40,4.60,4.20,3.75,3.30,3.84,3.94,0.10,No,No,
CAND-2026-3435,Synthetic Candidate 3435,Female,Focal Group,REQ-2026-SCM-G2,2026-02-16,LinkedIn Recruiter,Interview Complete,Composite below requisition threshold,4.10,4.10,3.60,3.65,4.00,3.70,3.70,0.00,No,No,
CAND-2026-3436,Synthetic Candidate 3436,Male,Reference Group,REQ-2026-SCM-G2,2026-02-10,Skills Academy,Interview Complete,Composite below requisition threshold,3.40,3.60,4.10,3.83,3.50,3.87,3.77,-0.10,No,No,
CAND-2026-3437,Synthetic Candidate 3437,Male,Reference Group,REQ-2026-SCM-G2,2026-02-17,Direct Career Portal,Interview Complete,Composite below requisition threshold,4.10,4.70,3.50,3.73,4.20,3.73,3.53,-0.20,No,No,
CAND-2026-3438,Synthetic Candidate 3438,Male,Reference Group,REQ-2026-SCM-G2,2026-02-11,Regional Hiring Drive,Interview Complete,Composite below requisition threshold,3.40,4.20,4.00,3.63,3.70,3.79,3.49,-0.30,No,No,
CAND-2026-3439,Synthetic Candidate 3439,Female,Focal Group,REQ-2026-SCM-G2,2026-02-05,Employee Referral,Interview Complete,Composite below requisition threshold,4.10,3.70,3.40,3.53,3.20,3.41,3.91,0.50,No,No,
CAND-2026-3440,Synthetic Candidate 3440,Female,Focal Group,REQ-2026-SCM-G2,2026-02-12,LinkedIn Recruiter,Interview Complete,Composite below requisition threshold,3.40,3.20,3.90,3.45,3.90,3.72,4.12,0.40,No,No,
CAND-2026-3441,Synthetic Candidate 3441,Male,Reference Group,REQ-2026-SCM-G2,2026-02-06,Skills Academy,Interview Complete,Composite below requisition threshold,4.10,4.30,3.30,3.60,3.40,3.44,3.74,0.30,No,No,
CAND-2026-3442,Synthetic Candidate 3442,Male,Reference Group,REQ-2026-SCM-G2,2026-02-13,Direct Career Portal,Interview Complete,Composite below requisition threshold,3.40,3.80,3.80,3.78,4.10,3.85,4.05,0.20,No,No,
CAND-2026-3443,Synthetic Candidate 3443,Male,Reference Group,REQ-2026-SCM-G2,2026-02-07,Regional Hiring Drive,Interview Complete,Composite below requisition threshold,4.10,3.30,3.20,3.40,3.60,3.36,3.46,0.10,No,No,
CAND-2026-3444,Synthetic Candidate 3444,Female,Focal Group,REQ-2026-SCM-G2,2026-02-14,Employee Referral,Interview Complete,Composite below requisition threshold,3.40,4.40,3.70,3.58,3.10,3.53,3.53,0.00,No,No,
CAND-2026-3445,Synthetic Candidate 3445,Female,Focal Group,REQ-2026-SCM-G2,2026-02-08,LinkedIn Recruiter,Interview Complete,Composite below requisition threshold,4.10,3.90,4.20,3.75,3.80,3.94,3.84,-0.10,No,No,
CAND-2026-3446,Synthetic Candidate 3446,Male,Reference Group,REQ-2026-SCM-G2,2026-02-15,Skills Academy,Interview Complete,Composite below requisition threshold,3.40,3.40,3.60,3.65,3.30,3.56,3.36,-0.20,No,No,
CAND-2026-3447,Synthetic Candidate 3447,Male,Reference Group,REQ-2026-SCM-G2,2026-02-09,Direct Career Portal,Interview Complete,Composite below requisition threshold,4.10,4.50,4.10,3.83,4.00,3.97,3.67,-0.30,No,No,
CAND-2026-3448,Synthetic Candidate 3448,Male,Reference Group,REQ-2026-SCM-G2,2026-02-16,Regional Hiring Drive,Interview Complete,Composite below requisition threshold,3.40,4.00,3.50,3.73,3.50,3.59,4.09,0.50,No,No,
CAND-2026-3449,Synthetic Candidate 3449,Female,Focal Group,REQ-2026-SCM-G2,2026-02-10,Employee Referral,Interview Complete,Composite below requisition threshold,4.10,3.50,4.00,3.63,4.20,3.89,4.29,0.40,No,No,
CAND-2026-3450,Synthetic Candidate 3450,Female,Focal Group,REQ-2026-SCM-G2,2026-02-17,LinkedIn Recruiter,Interview Complete,Composite below requisition threshold,3.40,4.60,3.40,3.28,3.70,3.41,3.71,0.30,No,No,
CAND-2026-3451,Synthetic Candidate 3451,Male,Reference Group,REQ-2026-SCM-G2,2026-02-11,Skills Academy,Interview Complete,Composite below requisition threshold,4.10,4.10,3.90,3.70,3.20,3.68,3.88,0.20,No,No,
CAND-2026-3452,Synthetic Candidate 3452,Male,Reference Group,REQ-2026-SCM-G2,2026-02-05,Direct Career Portal,Interview Complete,Composite below requisition threshold,3.40,3.60,3.30,3.60,3.90,3.54,3.64,0.10,No,No,
CAND-2026-3453,Synthetic Candidate 3453,Male,Reference Group,REQ-2026-SCM-G2,2026-02-12,Regional Hiring Drive,Interview Complete,Composite below requisition threshold,4.10,4.70,3.80,3.78,3.40,3.71,3.71,0.00,No,No,
CAND-2026-3454,Synthetic Candidate 3454,Female,Focal Group,REQ-2026-SCM-G2,2026-02-06,Employee Referral,Interview Complete,Composite below requisition threshold,3.40,4.20,3.20,3.40,4.10,3.46,3.36,-0.10,No,No,
CAND-2026-3455,Synthetic Candidate 3455,Female,Focal Group,REQ-2026-SCM-G2,2026-02-13,LinkedIn Recruiter,Interview Complete,Composite below requisition threshold,4.10,3.70,3.70,3.58,3.60,3.63,3.43,-0.20,No,No,
CAND-2026-3456,Synthetic Candidate 3456,Male,Reference Group,REQ-2026-SCM-G2,2026-02-07,Skills Academy,Interview Complete,Composite below requisition threshold,3.40,3.20,4.20,3.75,3.10,3.80,3.50,-0.30,No,No,
CAND-2026-3457,Synthetic Candidate 3457,Male,Reference Group,REQ-2026-SCM-G2,2026-02-14,Direct Career Portal,Interview Complete,Composite below requisition threshold,4.10,4.30,3.60,3.65,3.80,3.66,4.16,0.50,No,No,
CAND-2026-3458,Synthetic Candidate 3458,Male,Reference Group,REQ-2026-SCM-G2,2026-02-08,Regional Hiring Drive,Interview Complete,Composite below requisition threshold,3.40,3.80,4.10,3.83,3.30,3.83,4.23,0.40,No,No,
CAND-2026-3459,Synthetic Candidate 3459,Female,Focal Group,REQ-2026-SCM-G2,2026-02-15,Employee Referral,Interview Complete,Composite below requisition threshold,4.10,3.30,3.50,3.73,4.00,3.69,3.99,0.30,No,No,
CAND-2026-3460,Synthetic Candidate 3460,Female,Focal Group,REQ-2026-SCM-G2,2026-02-09,LinkedIn Recruiter,Interview Complete,Composite below requisition threshold,3.40,4.40,4.00,3.38,3.50,3.65,3.85,0.20,No,No,
CAND-2026-3461,Synthetic Candidate 3461,Male,Reference Group,REQ-2026-SCM-G2,2026-02-16,Skills Academy,Interview Complete,Composite below requisition threshold,4.10,3.90,3.40,3.53,4.20,3.61,3.71,0.10,No,No,
CAND-2026-3462,Synthetic Candidate 3462,Male,Reference Group,REQ-2026-SCM-G2,2026-02-10,Direct Career Portal,Interview Complete,Composite below requisition threshold,3.40,3.40,3.90,3.70,3.70,3.78,3.78,0.00,No,No,
CAND-2026-3463,Synthetic Candidate 3463,Male,Reference Group,REQ-2026-SCM-G2,2026-02-17,Regional Hiring Drive,Interview Complete,Composite below requisition threshold,4.10,4.50,3.30,3.60,3.20,3.40,3.30,-0.10,No,No,
CAND-2026-3464,Synthetic Candidate 3464,Female,Focal Group,REQ-2026-SCM-G2,2026-02-11,Employee Referral,Interview Complete,Composite below requisition threshold,3.40,4.00,3.80,3.78,3.90,3.81,3.61,-0.20,No,No,
CAND-2026-3465,Synthetic Candidate 3465,Female,Focal Group,REQ-2026-SCM-G2,2026-02-05,LinkedIn Recruiter,Interview Complete,Composite below requisition threshold,4.10,3.50,3.20,3.40,3.40,3.32,3.02,-0.30,No,No,
CAND-2026-3466,Synthetic Candidate 3466,Male,Reference Group,REQ-2026-SCM-G2,2026-02-12,Skills Academy,Interview Complete,Composite below requisition threshold,3.40,4.60,3.70,3.58,4.10,3.73,4.23,0.50,No,No,
CAND-2026-3467,Synthetic Candidate 3467,Male,Reference Group,REQ-2026-SCM-G2,2026-02-06,Direct Career Portal,Interview Complete,Composite below requisition threshold,4.10,4.10,4.20,3.75,3.60,3.90,4.30,0.40,No,No,
CAND-2026-3468,Synthetic Candidate 3468,Male,Reference Group,REQ-2026-SCM-G2,2026-02-13,Regional Hiring Drive,Interview Complete,Composite below requisition threshold,3.40,3.60,3.60,3.65,3.10,3.52,3.82,0.30,No,No,
CAND-2026-3469,Synthetic Candidate 3469,Female,Focal Group,REQ-2026-SCM-G2,2026-02-07,Employee Referral,Interview Complete,Composite below requisition threshold,4.10,4.70,4.10,3.83,3.80,3.93,4.13,0.20,No,No,
CAND-2026-3470,Synthetic Candidate 3470,Female,Focal Group,REQ-2026-SCM-G2,2026-02-14,LinkedIn Recruiter,Interview Complete,Composite below requisition threshold,3.40,4.20,3.50,3.48,3.30,3.45,3.55,0.10,No,No,
CAND-2026-3471,Synthetic Candidate 3471,Male,Reference Group,REQ-2026-SCM-G2,2026-02-08,Skills Academy,Interview Complete,Composite below requisition threshold,4.10,3.70,4.00,3.63,4.00,3.85,3.85,0.00,No,No,
CAND-2026-3472,Synthetic Candidate 3472,Male,Reference Group,REQ-2026-SCM-G2,2026-02-15,Direct Career Portal,Interview Complete,Composite below requisition threshold,3.40,3.20,3.40,3.53,3.50,3.47,3.37,-0.10,No,No,
CAND-2026-3473,Synthetic Candidate 3473,Male,Reference Group,REQ-2026-SCM-G2,2026-02-09,Regional Hiring Drive,Interview Complete,Composite below requisition threshold,4.10,4.30,3.90,3.70,4.20,3.88,3.68,-0.20,No,No,
CAND-2026-3474,Synthetic Candidate 3474,Female,Focal Group,REQ-2026-SCM-G2,2026-02-16,Employee Referral,Interview Complete,Composite below requisition threshold,3.40,3.80,3.30,3.60,3.70,3.50,3.20,-0.30,No,No,
CAND-2026-3475,Synthetic Candidate 3475,Female,Focal Group,REQ-2026-SCM-G2,2026-02-10,LinkedIn Recruiter,Interview Complete,Composite below requisition threshold,4.10,3.30,3.80,3.78,3.20,3.67,4.17,0.50,No,No,
CAND-2026-3476,Synthetic Candidate 3476,Male,Reference Group,REQ-2026-SCM-G2,2026-02-17,Skills Academy,Shortlisted,Not advanced to standardized assessment,3.40,4.40,,,,,,,No,No,
CAND-2026-3477,Synthetic Candidate 3477,Male,Reference Group,REQ-2026-SCM-G2,2026-02-11,Direct Career Portal,Shortlisted,Not advanced to standardized assessment,4.10,3.90,,,,,,,No,No,
CAND-2026-3478,Synthetic Candidate 3478,Male,Reference Group,REQ-2026-SCM-G2,2026-02-05,Regional Hiring Drive,Shortlisted,Not advanced to standardized assessment,3.40,3.40,,,,,,,No,No,
CAND-2026-3479,Synthetic Candidate 3479,Female,Focal Group,REQ-2026-SCM-G2,2026-02-12,Employee Referral,Shortlisted,Not advanced to standardized assessment,4.10,4.50,,,,,,,No,No,
CAND-2026-3480,Synthetic Candidate 3480,Female,Focal Group,REQ-2026-SCM-G2,2026-02-06,LinkedIn Recruiter,Shortlisted,Not advanced to standardized assessment,3.40,4.00,,,,,,,No,No,
CAND-2026-3481,Synthetic Candidate 3481,Male,Reference Group,REQ-2026-SCM-G2,2026-02-13,Skills Academy,Shortlisted,Not advanced to standardized assessment,4.10,3.50,,,,,,,No,No,
CAND-2026-3482,Synthetic Candidate 3482,Male,Reference Group,REQ-2026-SCM-G2,2026-02-07,Direct Career Portal,Shortlisted,Not advanced to standardized assessment,3.40,4.60,,,,,,,No,No,
CAND-2026-3483,Synthetic Candidate 3483,Male,Reference Group,REQ-2026-SCM-G2,2026-02-14,Regional Hiring Drive,Shortlisted,Not advanced to standardized assessment,4.10,4.10,,,,,,,No,No,
CAND-2026-3484,Synthetic Candidate 3484,Female,Focal Group,REQ-2026-SCM-G2,2026-02-08,Employee Referral,Shortlisted,Not advanced to standardized assessment,3.40,3.60,,,,,,,No,No,
CAND-2026-3485,Synthetic Candidate 3485,Female,Focal Group,REQ-2026-SCM-G2,2026-02-15,LinkedIn Recruiter,Shortlisted,Not advanced to standardized assessment,4.10,4.70,,,,,,,No,No,
CAND-2026-3486,Synthetic Candidate 3486,Male,Reference Group,REQ-2026-SCM-G2,2026-02-09,Skills Academy,Shortlisted,Not advanced to standardized assessment,3.40,4.20,,,,,,,No,No,
CAND-2026-3487,Synthetic Candidate 3487,Male,Reference Group,REQ-2026-SCM-G2,2026-02-16,Direct Career Portal,Shortlisted,Not advanced to standardized assessment,4.10,3.70,,,,,,,No,No,
CAND-2026-3488,Synthetic Candidate 3488,Male,Reference Group,REQ-2026-SCM-G2,2026-02-10,Regional Hiring Drive,Shortlisted,Not advanced to standardized assessment,3.40,3.20,,,,,,,No,No,
CAND-2026-3489,Synthetic Candidate 3489,Female,Focal Group,REQ-2026-SCM-G2,2026-02-17,Employee Referral,Shortlisted,Not advanced to standardized assessment,4.10,4.30,,,,,,,No,No,
CAND-2026-3490,Synthetic Candidate 3490,Female,Focal Group,REQ-2026-SCM-G2,2026-02-11,LinkedIn Recruiter,Shortlisted,Not advanced to standardized assessment,3.40,3.80,,,,,,,No,No,
CAND-2026-3491,Synthetic Candidate 3491,Male,Reference Group,REQ-2026-SCM-G2,2026-02-05,Skills Academy,Shortlisted,Not advanced to standardized assessment,4.10,3.30,,,,,,,No,No,
CAND-2026-3492,Synthetic Candidate 3492,Male,Reference Group,REQ-2026-SCM-G2,2026-02-12,Direct Career Portal,Shortlisted,Not advanced to standardized assessment,3.40,4.40,,,,,,,No,No,
CAND-2026-3493,Synthetic Candidate 3493,Male,Reference Group,REQ-2026-SCM-G2,2026-02-06,Regional Hiring Drive,Shortlisted,Not advanced to standardized assessment,4.10,3.90,,,,,,,No,No,
CAND-2026-3494,Synthetic Candidate 3494,Female,Focal Group,REQ-2026-SCM-G2,2026-02-13,Employee Referral,Shortlisted,Not advanced to standardized assessment,3.40,3.40,,,,,,,No,No,
CAND-2026-3495,Synthetic Candidate 3495,Female,Focal Group,REQ-2026-SCM-G2,2026-02-07,LinkedIn Recruiter,Shortlisted,Not advanced to standardized assessment,4.10,4.50,,,,,,,No,No,
CAND-2026-3496,Synthetic Candidate 3496,Male,Reference Group,REQ-2026-SCM-G2,2026-02-14,Skills Academy,Shortlisted,Not advanced to standardized assessment,3.40,4.00,,,,,,,No,No,
CAND-2026-3497,Synthetic Candidate 3497,Male,Reference Group,REQ-2026-SCM-G2,2026-02-08,Direct Career Portal,Shortlisted,Not advanced to standardized assessment,4.10,3.50,,,,,,,No,No,
CAND-2026-3498,Synthetic Candidate 3498,Male,Reference Group,REQ-2026-SCM-G2,2026-02-15,Regional Hiring Drive,Shortlisted,Not advanced to standardized assessment,3.40,4.60,,,,,,,No,No,
CAND-2026-3499,Synthetic Candidate 3499,Female,Focal Group,REQ-2026-SCM-G2,2026-02-09,Employee Referral,Shortlisted,Not advanced to standardized assessment,4.10,4.10,,,,,,,No,No,
CAND-2026-3500,Synthetic Candidate 3500,Female,Focal Group,REQ-2026-SCM-G2,2026-02-16,LinkedIn Recruiter,Shortlisted,Not advanced to standardized assessment,3.40,3.60,,,,,,,No,No,
CAND-2026-3501,Synthetic Candidate 3501,Male,Reference Group,REQ-2026-SCM-G2,2026-02-10,Skills Academy,Shortlisted,Not advanced to standardized assessment,4.10,4.70,,,,,,,No,No,
CAND-2026-3502,Synthetic Candidate 3502,Male,Reference Group,REQ-2026-SCM-G2,2026-02-17,Direct Career Portal,Shortlisted,Not advanced to standardized assessment,3.40,4.20,,,,,,,No,No,
CAND-2026-3503,Synthetic Candidate 3503,Male,Reference Group,REQ-2026-SCM-G2,2026-02-11,Regional Hiring Drive,Shortlisted,Not advanced to standardized assessment,4.10,3.70,,,,,,,No,No,
CAND-2026-3504,Synthetic Candidate 3504,Female,Focal Group,REQ-2026-SCM-G2,2026-02-05,Employee Referral,Shortlisted,Not advanced to standardized assessment,3.40,3.20,,,,,,,No,No,
CAND-2026-3505,Synthetic Candidate 3505,Female,Focal Group,REQ-2026-SCM-G2,2026-02-12,LinkedIn Recruiter,Shortlisted,Not advanced to standardized assessment,4.10,4.30,,,,,,,No,No,
CAND-2026-3506,Synthetic Candidate 3506,Male,Reference Group,REQ-2026-SCM-G2,2026-02-06,Skills Academy,Shortlisted,Not advanced to standardized assessment,3.40,3.80,,,,,,,No,No,
CAND-2026-3507,Synthetic Candidate 3507,Male,Reference Group,REQ-2026-SCM-G2,2026-02-13,Direct Career Portal,Shortlisted,Not advanced to standardized assessment,4.10,3.30,,,,,,,No,No,
CAND-2026-3508,Synthetic Candidate 3508,Male,Reference Group,REQ-2026-SCM-G2,2026-02-07,Regional Hiring Drive,Shortlisted,Not advanced to standardized assessment,3.40,4.40,,,,,,,No,No,
CAND-2026-3509,Synthetic Candidate 3509,Female,Focal Group,REQ-2026-SCM-G2,2026-02-14,Employee Referral,Shortlisted,Not advanced to standardized assessment,4.10,3.90,,,,,,,No,No,
CAND-2026-3510,Synthetic Candidate 3510,Female,Focal Group,REQ-2026-SCM-G2,2026-02-08,LinkedIn Recruiter,Shortlisted,Not advanced to standardized assessment,3.40,3.40,,,,,,,No,No,
CAND-2026-3511,Synthetic Candidate 3511,Male,Reference Group,REQ-2026-SCM-G2,2026-02-15,Skills Academy,Shortlisted,Not advanced to standardized assessment,4.10,4.50,,,,,,,No,No,
CAND-2026-3512,Synthetic Candidate 3512,Male,Reference Group,REQ-2026-SCM-G2,2026-02-09,Direct Career Portal,Shortlisted,Not advanced to standardized assessment,3.40,4.00,,,,,,,No,No,
CAND-2026-3513,Synthetic Candidate 3513,Male,Reference Group,REQ-2026-SCM-G2,2026-02-16,Regional Hiring Drive,Shortlisted,Not advanced to standardized assessment,4.10,3.50,,,,,,,No,No,
CAND-2026-3514,Synthetic Candidate 3514,Female,Focal Group,REQ-2026-SCM-G2,2026-02-10,Employee Referral,Shortlisted,Not advanced to standardized assessment,3.40,4.60,,,,,,,No,No,
CAND-2026-3515,Synthetic Candidate 3515,Female,Focal Group,REQ-2026-SCM-G2,2026-02-17,LinkedIn Recruiter,Shortlisted,Not advanced to standardized assessment,4.10,4.10,,,,,,,No,No,
CAND-2026-3516,Synthetic Candidate 3516,Male,Reference Group,REQ-2026-SCM-G2,2026-02-11,Skills Academy,Shortlisted,Not advanced to standardized assessment,3.40,3.60,,,,,,,No,No,
CAND-2026-3517,Synthetic Candidate 3517,Male,Reference Group,REQ-2026-SCM-G2,2026-02-05,Direct Career Portal,Shortlisted,Not advanced to standardized assessment,4.10,4.70,,,,,,,No,No,
CAND-2026-3518,Synthetic Candidate 3518,Male,Reference Group,REQ-2026-SCM-G2,2026-02-12,Regional Hiring Drive,Shortlisted,Not advanced to standardized assessment,3.40,4.20,,,,,,,No,No,
CAND-2026-3519,Synthetic Candidate 3519,Female,Focal Group,REQ-2026-SCM-G2,2026-02-06,Employee Referral,Shortlisted,Not advanced to standardized assessment,4.10,3.70,,,,,,,No,No,
CAND-2026-3520,Synthetic Candidate 3520,Female,Focal Group,REQ-2026-SCM-G2,2026-02-13,LinkedIn Recruiter,Shortlisted,Not advanced to standardized assessment,3.40,3.20,,,,,,,No,No,
CAND-2026-3521,Synthetic Candidate 3521,Male,Reference Group,REQ-2026-SCM-G2,2026-02-07,Skills Academy,Shortlisted,Not advanced to standardized assessment,4.10,4.30,,,,,,,No,No,
CAND-2026-3522,Synthetic Candidate 3522,Male,Reference Group,REQ-2026-SCM-G2,2026-02-14,Direct Career Portal,Shortlisted,Not advanced to standardized assessment,3.40,3.80,,,,,,,No,No,
CAND-2026-3523,Synthetic Candidate 3523,Male,Reference Group,REQ-2026-SCM-G2,2026-02-08,Regional Hiring Drive,Shortlisted,Not advanced to standardized assessment,4.10,3.30,,,,,,,No,No,
CAND-2026-3524,Synthetic Candidate 3524,Female,Focal Group,REQ-2026-SCM-G2,2026-02-15,Employee Referral,Shortlisted,Not advanced to standardized assessment,3.40,4.40,,,,,,,No,No,
CAND-2026-3525,Synthetic Candidate 3525,Female,Focal Group,REQ-2026-SCM-G2,2026-02-09,LinkedIn Recruiter,Shortlisted,Not advanced to standardized assessment,4.10,3.90,,,,,,,No,No,
CAND-2026-3526,Synthetic Candidate 3526,Male,Reference Group,REQ-2026-SCM-G2,2026-02-16,Skills Academy,Shortlisted,Not advanced to standardized assessment,3.40,3.40,,,,,,,No,No,
CAND-2026-3527,Synthetic Candidate 3527,Male,Reference Group,REQ-2026-SCM-G2,2026-02-10,Direct Career Portal,Shortlisted,Not advanced to standardized assessment,4.10,4.50,,,,,,,No,No,
CAND-2026-3528,Synthetic Candidate 3528,Male,Reference Group,REQ-2026-SCM-G2,2026-02-17,Regional Hiring Drive,Shortlisted,Not advanced to standardized assessment,3.40,4.00,,,,,,,No,No,
CAND-2026-3529,Synthetic Candidate 3529,Female,Focal Group,REQ-2026-SCM-G2,2026-02-11,Employee Referral,Shortlisted,Not advanced to standardized assessment,4.10,3.50,,,,,,,No,No,
CAND-2026-3530,Synthetic Candidate 3530,Female,Focal Group,REQ-2026-SCM-G2,2026-02-05,LinkedIn Recruiter,Shortlisted,Not advanced to standardized assessment,3.40,4.60,,,,,,,No,No,
CAND-2026-3531,Synthetic Candidate 3531,Male,Reference Group,REQ-2026-SCM-G2,2026-02-12,Skills Academy,Shortlisted,Not advanced to standardized assessment,4.10,4.10,,,,,,,No,No,
CAND-2026-3532,Synthetic Candidate 3532,Male,Reference Group,REQ-2026-SCM-G2,2026-02-06,Direct Career Portal,Shortlisted,Not advanced to standardized assessment,3.40,3.60,,,,,,,No,No,
CAND-2026-3533,Synthetic Candidate 3533,Male,Reference Group,REQ-2026-SCM-G2,2026-02-13,Regional Hiring Drive,Shortlisted,Not advanced to standardized assessment,4.10,4.70,,,,,,,No,No,
CAND-2026-3534,Synthetic Candidate 3534,Female,Focal Group,REQ-2026-SCM-G2,2026-02-07,Employee Referral,Shortlisted,Not advanced to standardized assessment,3.40,4.20,,,,,,,No,No,
CAND-2026-3535,Synthetic Candidate 3535,Female,Focal Group,REQ-2026-SCM-G2,2026-02-14,LinkedIn Recruiter,Shortlisted,Not advanced to standardized assessment,4.10,3.70,,,,,,,No,No,
CAND-2026-3536,Synthetic Candidate 3536,Male,Reference Group,REQ-2026-SCM-G2,2026-02-08,Skills Academy,Shortlisted,Not advanced to standardized assessment,3.40,3.20,,,,,,,No,No,
CAND-2026-3537,Synthetic Candidate 3537,Male,Reference Group,REQ-2026-SCM-G2,2026-02-15,Direct Career Portal,Shortlisted,Not advanced to standardized assessment,4.10,4.30,,,,,,,No,No,
CAND-2026-3538,Synthetic Candidate 3538,Male,Reference Group,REQ-2026-SCM-G2,2026-02-09,Regional Hiring Drive,Shortlisted,Not advanced to standardized assessment,3.40,3.80,,,,,,,No,No,
CAND-2026-3539,Synthetic Candidate 3539,Female,Focal Group,REQ-2026-SCM-G2,2026-02-16,Employee Referral,Shortlisted,Not advanced to standardized assessment,4.10,3.30,,,,,,,No,No,
CAND-2026-3540,Synthetic Candidate 3540,Female,Focal Group,REQ-2026-SCM-G2,2026-02-10,LinkedIn Recruiter,Application Review,Automated job-related knockout criteria not met,2.20,,,,,,,,No,No,
CAND-2026-3541,Synthetic Candidate 3541,Male,Reference Group,REQ-2026-SCM-G2,2026-02-17,Skills Academy,Shortlisted,Not advanced to standardized assessment,4.10,3.90,,,,,,,No,No,
CAND-2026-3542,Synthetic Candidate 3542,Male,Reference Group,REQ-2026-SCM-G2,2026-02-11,Direct Career Portal,Shortlisted,Not advanced to standardized assessment,3.40,3.40,,,,,,,No,No,
CAND-2026-3543,Synthetic Candidate 3543,Male,Reference Group,REQ-2026-SCM-G2,2026-02-05,Regional Hiring Drive,Shortlisted,Not advanced to standardized assessment,4.10,4.50,,,,,,,No,No,
CAND-2026-3544,Synthetic Candidate 3544,Female,Focal Group,REQ-2026-SCM-G2,2026-02-12,Employee Referral,Application Review,Automated job-related knockout criteria not met,2.60,,,,,,,,No,No,
CAND-2026-3545,Synthetic Candidate 3545,Female,Focal Group,REQ-2026-SCM-G2,2026-02-06,LinkedIn Recruiter,Application Review,Automated job-related knockout criteria not met,3.30,,,,,,,,No,No,
CAND-2026-3546,Synthetic Candidate 3546,Male,Reference Group,REQ-2026-SCM-G2,2026-02-13,Skills Academy,Shortlisted,Not advanced to standardized assessment,3.40,4.60,,,,,,,No,No,
CAND-2026-3547,Synthetic Candidate 3547,Male,Reference Group,REQ-2026-SCM-G2,2026-02-07,Direct Career Portal,Shortlisted,Not advanced to standardized assessment,4.10,4.10,,,,,,,No,No,
CAND-2026-3548,Synthetic Candidate 3548,Male,Reference Group,REQ-2026-SCM-G2,2026-02-14,Regional Hiring Drive,Shortlisted,Not advanced to standardized assessment,3.40,3.60,,,,,,,No,No,
CAND-2026-3549,Synthetic Candidate 3549,Female,Focal Group,REQ-2026-SCM-G2,2026-02-08,Employee Referral,Application Review,Automated job-related knockout criteria not met,2.50,,,,,,,,No,No,
CAND-2026-3550,Synthetic Candidate 3550,Female,Focal Group,REQ-2026-SCM-G2,2026-02-15,LinkedIn Recruiter,Application Review,Automated job-related knockout criteria not met,3.20,,,,,,,,No,No,
CAND-2026-3551,Synthetic Candidate 3551,Male,Reference Group,REQ-2026-SCM-G2,2026-02-09,Skills Academy,Shortlisted,Not advanced to standardized assessment,4.10,3.70,,,,,,,No,No,
CAND-2026-3552,Synthetic Candidate 3552,Male,Reference Group,REQ-2026-SCM-G2,2026-02-16,Direct Career Portal,Shortlisted,Not advanced to standardized assessment,3.40,3.20,,,,,,,No,No,
CAND-2026-3553,Synthetic Candidate 3553,Male,Reference Group,REQ-2026-SCM-G2,2026-02-10,Regional Hiring Drive,Shortlisted,Not advanced to standardized assessment,4.10,4.30,,,,,,,No,No,
CAND-2026-3554,Synthetic Candidate 3554,Female,Focal Group,REQ-2026-SCM-G2,2026-02-17,Employee Referral,Application Review,Automated job-related knockout criteria not met,2.40,,,,,,,,No,No,
CAND-2026-3555,Synthetic Candidate 3555,Female,Focal Group,REQ-2026-SCM-G2,2026-02-11,LinkedIn Recruiter,Application Review,Automated job-related knockout criteria not met,3.10,,,,,,,,No,No,
CAND-2026-3556,Synthetic Candidate 3556,Male,Reference Group,REQ-2026-SCM-G2,2026-02-05,Skills Academy,Application Review,Automated job-related knockout criteria not met,2.60,,,,,,,,No,No,
CAND-2026-3557,Synthetic Candidate 3557,Male,Reference Group,REQ-2026-SCM-G2,2026-02-12,Direct Career Portal,Application Review,Automated job-related knockout criteria not met,3.30,,,,,,,,No,No,
CAND-2026-3558,Synthetic Candidate 3558,Male,Reference Group,REQ-2026-SCM-G2,2026-02-06,Regional Hiring Drive,Application Review,Automated job-related knockout criteria not met,2.80,,,,,,,,No,No,
CAND-2026-3559,Synthetic Candidate 3559,Female,Focal Group,REQ-2026-SCM-G2,2026-02-13,Employee Referral,Application Review,Automated job-related knockout criteria not met,2.30,,,,,,,,No,No,
CAND-2026-3560,Synthetic Candidate 3560,Female,Focal Group,REQ-2026-SCM-G2,2026-02-07,LinkedIn Recruiter,Application Review,Automated job-related knockout criteria not met,3.00,,,,,,,,No,No,
CAND-2026-3561,Synthetic Candidate 3561,Male,Reference Group,REQ-2026-SCM-G2,2026-02-14,Skills Academy,Application Review,Automated job-related knockout criteria not met,2.50,,,,,,,,No,No,
CAND-2026-3562,Synthetic Candidate 3562,Male,Reference Group,REQ-2026-SCM-G2,2026-02-08,Direct Career Portal,Application Review,Automated job-related knockout criteria not met,3.20,,,,,,,,No,No,
CAND-2026-3563,Synthetic Candidate 3563,Male,Reference Group,REQ-2026-SCM-G2,2026-02-15,Regional Hiring Drive,Application Review,Automated job-related knockout criteria not met,2.70,,,,,,,,No,No,
CAND-2026-3564,Synthetic Candidate 3564,Female,Focal Group,REQ-2026-SCM-G2,2026-02-09,Employee Referral,Application Review,Automated job-related knockout criteria not met,2.20,,,,,,,,No,No,
CAND-2026-3565,Synthetic Candidate 3565,Female,Focal Group,REQ-2026-SCM-G2,2026-02-16,LinkedIn Recruiter,Application Review,Automated job-related knockout criteria not met,2.90,,,,,,,,No,No,
CAND-2026-3566,Synthetic Candidate 3566,Male,Reference Group,REQ-2026-SCM-G2,2026-02-10,Skills Academy,Application Review,Automated job-related knockout criteria not met,2.40,,,,,,,,No,No,
CAND-2026-3567,Synthetic Candidate 3567,Male,Reference Group,REQ-2026-SCM-G2,2026-02-17,Direct Career Portal,Application Review,Automated job-related knockout criteria not met,3.10,,,,,,,,No,No,
CAND-2026-3568,Synthetic Candidate 3568,Male,Reference Group,REQ-2026-SCM-G2,2026-02-11,Regional Hiring Drive,Application Review,Automated job-related knockout criteria not met,2.60,,,,,,,,No,No,
CAND-2026-3569,Synthetic Candidate 3569,Female,Focal Group,REQ-2026-SCM-G2,2026-02-05,Employee Referral,Application Review,Automated job-related knockout criteria not met,3.30,,,,,,,,No,No,
CAND-2026-3570,Synthetic Candidate 3570,Female,Focal Group,REQ-2026-SCM-G2,2026-02-12,LinkedIn Recruiter,Application Review,Automated job-related knockout criteria not met,2.80,,,,,,,,No,No,
CAND-2026-3571,Synthetic Candidate 3571,Male,Reference Group,REQ-2026-SCM-G2,2026-02-06,Skills Academy,Application Review,Automated job-related knockout criteria not met,2.30,,,,,,,,No,No,
CAND-2026-3572,Synthetic Candidate 3572,Male,Reference Group,REQ-2026-SCM-G2,2026-02-13,Direct Career Portal,Application Review,Automated job-related knockout criteria not met,3.00,,,,,,,,No,No,
CAND-2026-3573,Synthetic Candidate 3573,Male,Reference Group,REQ-2026-SCM-G2,2026-02-07,Regional Hiring Drive,Application Review,Automated job-related knockout criteria not met,2.50,,,,,,,,No,No,
CAND-2026-3574,Synthetic Candidate 3574,Female,Focal Group,REQ-2026-SCM-G2,2026-02-14,Employee Referral,Application Review,Automated job-related knockout criteria not met,3.20,,,,,,,,No,No,
CAND-2026-3575,Synthetic Candidate 3575,Female,Focal Group,REQ-2026-SCM-G2,2026-02-08,LinkedIn Recruiter,Application Review,Automated job-related knockout criteria not met,2.70,,,,,,,,No,No,
CAND-2026-3576,Synthetic Candidate 3576,Male,Reference Group,REQ-2026-SCM-G2,2026-02-15,Skills Academy,Application Review,Automated job-related knockout criteria not met,2.20,,,,,,,,No,No,
CAND-2026-3577,Synthetic Candidate 3577,Male,Reference Group,REQ-2026-SCM-G2,2026-02-09,Direct Career Portal,Application Review,Automated job-related knockout criteria not met,2.90,,,,,,,,No,No,
CAND-2026-3578,Synthetic Candidate 3578,Male,Reference Group,REQ-2026-SCM-G2,2026-02-16,Regional Hiring Drive,Application Review,Automated job-related knockout criteria not met,2.40,,,,,,,,No,No,
CAND-2026-3579,Synthetic Candidate 3579,Female,Focal Group,REQ-2026-SCM-G2,2026-02-10,Employee Referral,Application Review,Automated job-related knockout criteria not met,3.10,,,,,,,,No,No,
CAND-2026-3580,Synthetic Candidate 3580,Female,Focal Group,REQ-2026-SCM-G2,2026-02-17,LinkedIn Recruiter,Application Review,Automated job-related knockout criteria not met,2.60,,,,,,,,No,No,
CAND-2026-3581,Synthetic Candidate 3581,Male,Reference Group,REQ-2026-SCM-G2,2026-02-11,Skills Academy,Application Review,Automated job-related knockout criteria not met,3.30,,,,,,,,No,No,
CAND-2026-3582,Synthetic Candidate 3582,Male,Reference Group,REQ-2026-SCM-G2,2026-02-05,Direct Career Portal,Application Review,Automated job-related knockout criteria not met,2.80,,,,,,,,No,No,
CAND-2026-3583,Synthetic Candidate 3583,Male,Reference Group,REQ-2026-SCM-G2,2026-02-12,Regional Hiring Drive,Application Review,Automated job-related knockout criteria not met,2.30,,,,,,,,No,No,
CAND-2026-3584,Synthetic Candidate 3584,Female,Focal Group,REQ-2026-SCM-G2,2026-02-06,Employee Referral,Application Review,Automated job-related knockout criteria not met,3.00,,,,,,,,No,No,
CAND-2026-3585,Synthetic Candidate 3585,Female,Focal Group,REQ-2026-SCM-G2,2026-02-13,LinkedIn Recruiter,Application Review,Automated job-related knockout criteria not met,2.50,,,,,,,,No,No,
CAND-2026-3586,Synthetic Candidate 3586,Male,Reference Group,REQ-2026-SCM-G2,2026-02-07,Skills Academy,Application Review,Automated job-related knockout criteria not met,3.20,,,,,,,,No,No,
CAND-2026-3587,Synthetic Candidate 3587,Male,Reference Group,REQ-2026-SCM-G2,2026-02-14,Direct Career Portal,Application Review,Automated job-related knockout criteria not met,2.70,,,,,,,,No,No,
CAND-2026-3588,Synthetic Candidate 3588,Male,Reference Group,REQ-2026-SCM-G2,2026-02-08,Regional Hiring Drive,Application Review,Automated job-related knockout criteria not met,2.20,,,,,,,,No,No,
CAND-2026-3589,Synthetic Candidate 3589,Female,Focal Group,REQ-2026-SCM-G2,2026-02-15,Employee Referral,Application Review,Automated job-related knockout criteria not met,2.90,,,,,,,,No,No,
CAND-2026-3590,Synthetic Candidate 3590,Female,Focal Group,REQ-2026-SCM-G2,2026-02-09,LinkedIn Recruiter,Application Review,Automated job-related knockout criteria not met,2.40,,,,,,,,No,No,
CAND-2026-3591,Synthetic Candidate 3591,Male,Reference Group,REQ-2026-SCM-G2,2026-02-16,Skills Academy,Application Review,Automated job-related knockout criteria not met,3.10,,,,,,,,No,No,
CAND-2026-3592,Synthetic Candidate 3592,Male,Reference Group,REQ-2026-SCM-G2,2026-02-10,Direct Career Portal,Application Review,Automated job-related knockout criteria not met,2.60,,,,,,,,No,No,
CAND-2026-3593,Synthetic Candidate 3593,Male,Reference Group,REQ-2026-SCM-G2,2026-02-17,Regional Hiring Drive,Application Review,Automated job-related knockout criteria not met,3.30,,,,,,,,No,No,
CAND-2026-3594,Synthetic Candidate 3594,Female,Focal Group,REQ-2026-SCM-G2,2026-02-11,Employee Referral,Application Review,Automated job-related knockout criteria not met,2.80,,,,,,,,No,No,
CAND-2026-3595,Synthetic Candidate 3595,Female,Focal Group,REQ-2026-SCM-G2,2026-02-05,LinkedIn Recruiter,Application Review,Automated job-related knockout criteria not met,2.30,,,,,,,,No,No,
CAND-2026-3596,Synthetic Candidate 3596,Male,Reference Group,REQ-2026-SCM-G2,2026-02-12,Skills Academy,Application Review,Automated job-related knockout criteria not met,3.00,,,,,,,,No,No,
CAND-2026-3597,Synthetic Candidate 3597,Male,Reference Group,REQ-2026-SCM-G2,2026-02-06,Direct Career Portal,Application Review,Automated job-related knockout criteria not met,2.50,,,,,,,,No,No,
CAND-2026-3598,Synthetic Candidate 3598,Male,Reference Group,REQ-2026-SCM-G2,2026-02-13,Regional Hiring Drive,Application Review,Automated job-related knockout criteria not met,3.20,,,,,,,,No,No,
CAND-2026-3599,Synthetic Candidate 3599,Female,Focal Group,REQ-2026-SCM-G2,2026-02-07,Employee Referral,Application Review,Automated job-related knockout criteria not met,2.70,,,,,,,,No,No,
CAND-2026-3600,Synthetic Candidate 3600,Female,Focal Group,REQ-2026-SCM-G2,2026-02-14,LinkedIn Recruiter,Application Review,Automated job-related knockout criteria not met,2.20,,,,,,,,No,No,
CAND-2026-3601,Synthetic Candidate 3601,Male,Reference Group,REQ-2026-SCM-G2,2026-02-08,Skills Academy,Application Review,Automated job-related knockout criteria not met,2.90,,,,,,,,No,No,
CAND-2026-3602,Synthetic Candidate 3602,Male,Reference Group,REQ-2026-SCM-G2,2026-02-15,Direct Career Portal,Application Review,Automated job-related knockout criteria not met,2.40,,,,,,,,No,No,
CAND-2026-3603,Synthetic Candidate 3603,Male,Reference Group,REQ-2026-SCM-G2,2026-02-09,Regional Hiring Drive,Application Review,Automated job-related knockout criteria not met,3.10,,,,,,,,No,No,
CAND-2026-3604,Synthetic Candidate 3604,Female,Focal Group,REQ-2026-SCM-G2,2026-02-16,Employee Referral,Application Review,Automated job-related knockout criteria not met,2.60,,,,,,,,No,No,
CAND-2026-3605,Synthetic Candidate 3605,Female,Focal Group,REQ-2026-SCM-G2,2026-02-10,LinkedIn Recruiter,Application Review,Automated job-related knockout criteria not met,3.30,,,,,,,,No,No,
CAND-2026-3606,Synthetic Candidate 3606,Male,Reference Group,REQ-2026-SCM-G2,2026-02-17,Skills Academy,Application Review,Automated job-related knockout criteria not met,2.80,,,,,,,,No,No,
CAND-2026-3607,Synthetic Candidate 3607,Male,Reference Group,REQ-2026-SCM-G2,2026-02-11,Direct Career Portal,Application Review,Automated job-related knockout criteria not met,2.30,,,,,,,,No,No,
CAND-2026-3608,Synthetic Candidate 3608,Male,Reference Group,REQ-2026-SCM-G2,2026-02-05,Regional Hiring Drive,Application Review,Automated job-related knockout criteria not met,3.00,,,,,,,,No,No,
CAND-2026-3609,Synthetic Candidate 3609,Female,Focal Group,REQ-2026-SCM-G2,2026-02-12,Employee Referral,Application Review,Automated job-related knockout criteria not met,2.50,,,,,,,,No,No,
CAND-2026-3610,Synthetic Candidate 3610,Female,Focal Group,REQ-2026-SCM-G2,2026-02-06,LinkedIn Recruiter,Application Review,Automated job-related knockout criteria not met,3.20,,,,,,,,No,No,
CAND-2026-3611,Synthetic Candidate 3611,Male,Reference Group,REQ-2026-SCM-G2,2026-02-13,Skills Academy,Application Review,Automated job-related knockout criteria not met,2.70,,,,,,,,No,No,
CAND-2026-3612,Synthetic Candidate 3612,Male,Reference Group,REQ-2026-SCM-G2,2026-02-07,Direct Career Portal,Application Review,Automated job-related knockout criteria not met,2.20,,,,,,,,No,No,
CAND-2026-3613,Synthetic Candidate 3613,Male,Reference Group,REQ-2026-SCM-G2,2026-02-14,Regional Hiring Drive,Application Review,Automated job-related knockout criteria not met,2.90,,,,,,,,No,No,
CAND-2026-3614,Synthetic Candidate 3614,Female,Focal Group,REQ-2026-SCM-G2,2026-02-08,Employee Referral,Application Review,Automated job-related knockout criteria not met,2.40,,,,,,,,No,No,
CAND-2026-3615,Synthetic Candidate 3615,Female,Focal Group,REQ-2026-SCM-G2,2026-02-15,LinkedIn Recruiter,Application Review,Automated job-related knockout criteria not met,3.10,,,,,,,,No,No,
CAND-2026-3616,Synthetic Candidate 3616,Male,Reference Group,REQ-2026-SCM-G2,2026-02-09,Skills Academy,Application Review,Automated job-related knockout criteria not met,2.60,,,,,,,,No,No,
CAND-2026-3617,Synthetic Candidate 3617,Male,Reference Group,REQ-2026-SCM-G2,2026-02-16,Direct Career Portal,Application Review,Automated job-related knockout criteria not met,3.30,,,,,,,,No,No,
CAND-2026-3618,Synthetic Candidate 3618,Male,Reference Group,REQ-2026-SCM-G2,2026-02-10,Regional Hiring Drive,Application Review,Automated job-related knockout criteria not met,2.80,,,,,,,,No,No,
CAND-2026-3619,Synthetic Candidate 3619,Female,Focal Group,REQ-2026-SCM-G2,2026-02-17,Employee Referral,Application Review,Automated job-related knockout criteria not met,2.30,,,,,,,,No,No,
CAND-2026-3620,Synthetic Candidate 3620,Female,Focal Group,REQ-2026-SCM-G2,2026-02-11,LinkedIn Recruiter,Application Review,Automated job-related knockout criteria not met,3.00,,,,,,,,No,No,
CAND-2026-3621,Synthetic Candidate 3621,Male,Reference Group,REQ-2026-SCM-G2,2026-02-05,Skills Academy,Application Review,Automated job-related knockout criteria not met,2.50,,,,,,,,No,No,
CAND-2026-3622,Synthetic Candidate 3622,Male,Reference Group,REQ-2026-SCM-G2,2026-02-12,Direct Career Portal,Application Review,Automated job-related knockout criteria not met,3.20,,,,,,,,No,No,
CAND-2026-3623,Synthetic Candidate 3623,Male,Reference Group,REQ-2026-SCM-G2,2026-02-06,Regional Hiring Drive,Application Review,Automated job-related knockout criteria not met,2.70,,,,,,,,No,No,
CAND-2026-3624,Synthetic Candidate 3624,Female,Focal Group,REQ-2026-SCM-G2,2026-02-13,Employee Referral,Application Review,Automated job-related knockout criteria not met,2.20,,,,,,,,No,No,
CAND-2026-3625,Synthetic Candidate 3625,Female,Focal Group,REQ-2026-SCM-G2,2026-02-07,LinkedIn Recruiter,Application Review,Automated job-related knockout criteria not met,2.90,,,,,,,,No,No,
CAND-2026-3626,Synthetic Candidate 3626,Male,Reference Group,REQ-2026-SCM-G2,2026-02-14,Skills Academy,Application Review,Automated job-related knockout criteria not met,2.40,,,,,,,,No,No,
CAND-2026-3627,Synthetic Candidate 3627,Male,Reference Group,REQ-2026-SCM-G2,2026-02-08,Direct Career Portal,Application Review,Automated job-related knockout criteria not met,3.10,,,,,,,,No,No,
CAND-2026-3628,Synthetic Candidate 3628,Male,Reference Group,REQ-2026-SCM-G2,2026-02-15,Regional Hiring Drive,Application Review,Automated job-related knockout criteria not met,2.60,,,,,,,,No,No,
CAND-2026-3629,Synthetic Candidate 3629,Female,Focal Group,REQ-2026-SCM-G2,2026-02-09,Employee Referral,Application Review,Automated job-related knockout criteria not met,3.30,,,,,,,,No,No,
CAND-2026-3630,Synthetic Candidate 3630,Female,Focal Group,REQ-2026-SCM-G2,2026-02-16,LinkedIn Recruiter,Application Review,Automated job-related knockout criteria not met,2.80,,,,,,,,No,No,
CAND-2026-3631,Synthetic Candidate 3631,Male,Reference Group,REQ-2026-SCM-G2,2026-02-10,Skills Academy,Application Review,Automated job-related knockout criteria not met,2.30,,,,,,,,No,No,
CAND-2026-3632,Synthetic Candidate 3632,Male,Reference Group,REQ-2026-SCM-G2,2026-02-17,Direct Career Portal,Application Review,Automated job-related knockout criteria not met,3.00,,,,,,,,No,No,
CAND-2026-3633,Synthetic Candidate 3633,Male,Reference Group,REQ-2026-SCM-G2,2026-02-11,Regional Hiring Drive,Application Review,Automated job-related knockout criteria not met,2.50,,,,,,,,No,No,
CAND-2026-3634,Synthetic Candidate 3634,Female,Focal Group,REQ-2026-SCM-G2,2026-02-05,Employee Referral,Application Review,Automated job-related knockout criteria not met,3.20,,,,,,,,No,No,
CAND-2026-3635,Synthetic Candidate 3635,Female,Focal Group,REQ-2026-SCM-G2,2026-02-12,LinkedIn Recruiter,Application Review,Automated job-related knockout criteria not met,2.70,,,,,,,,No,No,
CAND-2026-3636,Synthetic Candidate 3636,Male,Reference Group,REQ-2026-SCM-G2,2026-02-06,Skills Academy,Application Review,Automated job-related knockout criteria not met,2.20,,,,,,,,No,No,
CAND-2026-3637,Synthetic Candidate 3637,Male,Reference Group,REQ-2026-SCM-G2,2026-02-13,Direct Career Portal,Application Review,Automated job-related knockout criteria not met,2.90,,,,,,,,No,No,
CAND-2026-3638,Synthetic Candidate 3638,Male,Reference Group,REQ-2026-SCM-G2,2026-02-07,Regional Hiring Drive,Application Review,Automated job-related knockout criteria not met,2.40,,,,,,,,No,No,
CAND-2026-3639,Synthetic Candidate 3639,Female,Focal Group,REQ-2026-SCM-G2,2026-02-14,Employee Referral,Application Review,Automated job-related knockout criteria not met,3.10,,,,,,,,No,No,
CAND-2026-3640,Synthetic Candidate 3640,Female,Focal Group,REQ-2026-SCM-G2,2026-02-08,LinkedIn Recruiter,Application Review,Automated job-related knockout criteria not met,2.60,,,,,,,,No,No,
CAND-2026-3641,Synthetic Candidate 3641,Male,Reference Group,REQ-2026-SCM-G2,2026-02-15,Skills Academy,Application Review,Automated job-related knockout criteria not met,3.30,,,,,,,,No,No,
CAND-2026-3642,Synthetic Candidate 3642,Male,Reference Group,REQ-2026-SCM-G2,2026-02-09,Direct Career Portal,Application Review,Automated job-related knockout criteria not met,2.80,,,,,,,,No,No,
CAND-2026-3643,Synthetic Candidate 3643,Male,Reference Group,REQ-2026-SCM-G2,2026-02-16,Regional Hiring Drive,Application Review,Automated job-related knockout criteria not met,2.30,,,,,,,,No,No,
CAND-2026-3644,Synthetic Candidate 3644,Female,Focal Group,REQ-2026-SCM-G2,2026-02-10,Employee Referral,Application Review,Automated job-related knockout criteria not met,3.00,,,,,,,,No,No,
CAND-2026-3645,Synthetic Candidate 3645,Female,Focal Group,REQ-2026-SCM-G2,2026-02-17,LinkedIn Recruiter,Application Review,Automated job-related knockout criteria not met,2.50,,,,,,,,No,No,
CAND-2026-3646,Synthetic Candidate 3646,Male,Reference Group,REQ-2026-SCM-G2,2026-02-11,Skills Academy,Application Review,Automated job-related knockout criteria not met,3.20,,,,,,,,No,No,
CAND-2026-3647,Synthetic Candidate 3647,Male,Reference Group,REQ-2026-SCM-G2,2026-02-05,Direct Career Portal,Application Review,Automated job-related knockout criteria not met,2.70,,,,,,,,No,No,
CAND-2026-3648,Synthetic Candidate 3648,Male,Reference Group,REQ-2026-SCM-G2,2026-02-12,Regional Hiring Drive,Application Review,Automated job-related knockout criteria not met,2.20,,,,,,,,No,No,
CAND-2026-3649,Synthetic Candidate 3649,Female,Focal Group,REQ-2026-SCM-G2,2026-02-06,Employee Referral,Application Review,Automated job-related knockout criteria not met,2.90,,,,,,,,No,No,
CAND-2026-3650,Synthetic Candidate 3650,Female,Focal Group,REQ-2026-SCM-G2,2026-02-13,LinkedIn Recruiter,Application Review,Automated job-related knockout criteria not met,2.40,,,,,,,,No,No,
CAND-2026-3651,Synthetic Candidate 3651,Male,Reference Group,REQ-2026-SCM-G2,2026-02-07,Skills Academy,Application Review,Automated job-related knockout criteria not met,3.10,,,,,,,,No,No,
CAND-2026-3652,Synthetic Candidate 3652,Male,Reference Group,REQ-2026-SCM-G2,2026-02-14,Direct Career Portal,Application Review,Automated job-related knockout criteria not met,2.60,,,,,,,,No,No,
CAND-2026-3653,Synthetic Candidate 3653,Male,Reference Group,REQ-2026-SCM-G2,2026-02-08,Regional Hiring Drive,Application Review,Automated job-related knockout criteria not met,3.30,,,,,,,,No,No,
CAND-2026-3654,Synthetic Candidate 3654,Female,Focal Group,REQ-2026-SCM-G2,2026-02-15,Employee Referral,Application Review,Automated job-related knockout criteria not met,2.80,,,,,,,,No,No,
CAND-2026-3655,Synthetic Candidate 3655,Female,Focal Group,REQ-2026-SCM-G2,2026-02-09,LinkedIn Recruiter,Application Review,Automated job-related knockout criteria not met,2.30,,,,,,,,No,No,
CAND-2026-3656,Synthetic Candidate 3656,Male,Reference Group,REQ-2026-SCM-G2,2026-02-16,Skills Academy,Application Review,Automated job-related knockout criteria not met,3.00,,,,,,,,No,No,
CAND-2026-3657,Synthetic Candidate 3657,Male,Reference Group,REQ-2026-SCM-G2,2026-02-10,Direct Career Portal,Application Review,Automated job-related knockout criteria not met,2.50,,,,,,,,No,No,
CAND-2026-3658,Synthetic Candidate 3658,Male,Reference Group,REQ-2026-SCM-G2,2026-02-17,Regional Hiring Drive,Application Review,Automated job-related knockout criteria not met,3.20,,,,,,,,No,No,
CAND-2026-3659,Synthetic Candidate 3659,Female,Focal Group,REQ-2026-SCM-G2,2026-02-11,Employee Referral,Application Review,Automated job-related knockout criteria not met,2.70,,,,,,,,No,No,
CAND-2026-3660,Synthetic Candidate 3660,Female,Focal Group,REQ-2026-SCM-G2,2026-02-05,LinkedIn Recruiter,Application Review,Automated job-related knockout criteria not met,2.20,,,,,,,,No,No,
CAND-2026-3661,Synthetic Candidate 3661,Male,Reference Group,REQ-2026-SCM-G2,2026-02-12,Skills Academy,Application Review,Automated job-related knockout criteria not met,2.90,,,,,,,,No,No,
CAND-2026-3662,Synthetic Candidate 3662,Male,Reference Group,REQ-2026-SCM-G2,2026-02-06,Direct Career Portal,Application Review,Automated job-related knockout criteria not met,2.40,,,,,,,,No,No,
CAND-2026-3663,Synthetic Candidate 3663,Male,Reference Group,REQ-2026-SCM-G2,2026-02-13,Regional Hiring Drive,Application Review,Automated job-related knockout criteria not met,3.10,,,,,,,,No,No,
CAND-2026-3664,Synthetic Candidate 3664,Female,Focal Group,REQ-2026-SCM-G2,2026-02-07,Employee Referral,Application Review,Automated job-related knockout criteria not met,2.60,,,,,,,,No,No,
CAND-2026-3665,Synthetic Candidate 3665,Female,Focal Group,REQ-2026-SCM-G2,2026-02-14,LinkedIn Recruiter,Application Review,Automated job-related knockout criteria not met,3.30,,,,,,,,No,No,
CAND-2026-3666,Synthetic Candidate 3666,Male,Reference Group,REQ-2026-SCM-G2,2026-02-08,Skills Academy,Application Review,Automated job-related knockout criteria not met,2.80,,,,,,,,No,No,
CAND-2026-3667,Synthetic Candidate 3667,Male,Reference Group,REQ-2026-SCM-G2,2026-02-15,Direct Career Portal,Application Review,Automated job-related knockout criteria not met,2.30,,,,,,,,No,No,
CAND-2026-3668,Synthetic Candidate 3668,Male,Reference Group,REQ-2026-SCM-G2,2026-02-09,Regional Hiring Drive,Application Review,Automated job-related knockout criteria not met,3.00,,,,,,,,No,No,
CAND-2026-3669,Synthetic Candidate 3669,Female,Focal Group,REQ-2026-SCM-G2,2026-02-16,Employee Referral,Application Review,Automated job-related knockout criteria not met,2.50,,,,,,,,No,No,
CAND-2026-3670,Synthetic Candidate 3670,Female,Focal Group,REQ-2026-SCM-G2,2026-02-10,LinkedIn Recruiter,Application Review,Automated job-related knockout criteria not met,3.20,,,,,,,,No,No,
CAND-2026-3671,Synthetic Candidate 3671,Male,Reference Group,REQ-2026-SCM-G2,2026-02-17,Skills Academy,Application Review,Automated job-related knockout criteria not met,2.70,,,,,,,,No,No,
CAND-2026-3672,Synthetic Candidate 3672,Male,Reference Group,REQ-2026-SCM-G2,2026-02-11,Direct Career Portal,Application Review,Automated job-related knockout criteria not met,2.20,,,,,,,,No,No,
CAND-2026-3673,Synthetic Candidate 3673,Male,Reference Group,REQ-2026-SCM-G2,2026-02-05,Regional Hiring Drive,Application Review,Automated job-related knockout criteria not met,2.90,,,,,,,,No,No,
CAND-2026-3674,Synthetic Candidate 3674,Female,Focal Group,REQ-2026-SCM-G2,2026-02-12,Employee Referral,Application Review,Automated job-related knockout criteria not met,2.40,,,,,,,,No,No,
CAND-2026-3675,Synthetic Candidate 3675,Female,Focal Group,REQ-2026-SCM-G2,2026-02-06,LinkedIn Recruiter,Application Review,Automated job-related knockout criteria not met,3.10,,,,,,,,No,No,
CAND-2026-3676,Synthetic Candidate 3676,Male,Reference Group,REQ-2026-SCM-G2,2026-02-13,Skills Academy,Application Review,Automated job-related knockout criteria not met,2.60,,,,,,,,No,No,
CAND-2026-3677,Synthetic Candidate 3677,Male,Reference Group,REQ-2026-SCM-G2,2026-02-07,Direct Career Portal,Application Review,Automated job-related knockout criteria not met,3.30,,,,,,,,No,No,
CAND-2026-3678,Synthetic Candidate 3678,Male,Reference Group,REQ-2026-SCM-G2,2026-02-14,Regional Hiring Drive,Application Review,Automated job-related knockout criteria not met,2.80,,,,,,,,No,No,
CAND-2026-3679,Synthetic Candidate 3679,Female,Focal Group,REQ-2026-SCM-G2,2026-02-08,Employee Referral,Application Review,Automated job-related knockout criteria not met,2.30,,,,,,,,No,No,
CAND-2026-3680,Synthetic Candidate 3680,Female,Focal Group,REQ-2026-SCM-G2,2026-02-15,LinkedIn Recruiter,Application Review,Automated job-related knockout criteria not met,3.00,,,,,,,,No,No,
CAND-2026-3681,Synthetic Candidate 3681,Male,Reference Group,REQ-2026-SCM-G2,2026-02-09,Skills Academy,Application Review,Automated job-related knockout criteria not met,2.50,,,,,,,,No,No,
CAND-2026-3682,Synthetic Candidate 3682,Male,Reference Group,REQ-2026-SCM-G2,2026-02-16,Direct Career Portal,Application Review,Automated job-related knockout criteria not met,3.20,,,,,,,,No,No,
CAND-2026-3683,Synthetic Candidate 3683,Male,Reference Group,REQ-2026-SCM-G2,2026-02-10,Regional Hiring Drive,Application Review,Automated job-related knockout criteria not met,2.70,,,,,,,,No,No,
CAND-2026-3684,Synthetic Candidate 3684,Female,Focal Group,REQ-2026-SCM-G2,2026-02-17,Employee Referral,Application Review,Automated job-related knockout criteria not met,2.20,,,,,,,,No,No,
CAND-2026-3685,Synthetic Candidate 3685,Female,Focal Group,REQ-2026-SCM-G2,2026-02-11,LinkedIn Recruiter,Application Review,Automated job-related knockout criteria not met,2.90,,,,,,,,No,No,
CAND-2026-3686,Synthetic Candidate 3686,Male,Reference Group,REQ-2026-SCM-G2,2026-02-05,Skills Academy,Application Review,Automated job-related knockout criteria not met,2.40,,,,,,,,No,No,
CAND-2026-3687,Synthetic Candidate 3687,Male,Reference Group,REQ-2026-SCM-G2,2026-02-12,Direct Career Portal,Application Review,Automated job-related knockout criteria not met,3.10,,,,,,,,No,No,
CAND-2026-3688,Synthetic Candidate 3688,Male,Reference Group,REQ-2026-SCM-G2,2026-02-06,Regional Hiring Drive,Application Review,Automated job-related knockout criteria not met,2.60,,,,,,,,No,No,
CAND-2026-3689,Synthetic Candidate 3689,Female,Focal Group,REQ-2026-SCM-G2,2026-02-13,Employee Referral,Application Review,Automated job-related knockout criteria not met,3.30,,,,,,,,No,No,
CAND-2026-3690,Synthetic Candidate 3690,Female,Focal Group,REQ-2026-SCM-G2,2026-02-07,LinkedIn Recruiter,Application Review,Automated job-related knockout criteria not met,2.80,,,,,,,,No,No,
CAND-2026-3691,Synthetic Candidate 3691,Male,Reference Group,REQ-2026-SCM-G2,2026-02-14,Skills Academy,Application Review,Automated job-related knockout criteria not met,2.30,,,,,,,,No,No,
CAND-2026-3692,Synthetic Candidate 3692,Male,Reference Group,REQ-2026-SCM-G2,2026-02-08,Direct Career Portal,Application Review,Automated job-related knockout criteria not met,3.00,,,,,,,,No,No,
CAND-2026-3693,Synthetic Candidate 3693,Male,Reference Group,REQ-2026-SCM-G2,2026-02-15,Regional Hiring Drive,Application Review,Automated job-related knockout criteria not met,2.50,,,,,,,,No,No,
CAND-2026-3694,Synthetic Candidate 3694,Female,Focal Group,REQ-2026-SCM-G2,2026-02-09,Employee Referral,Application Review,Automated job-related knockout criteria not met,3.20,,,,,,,,No,No,
CAND-2026-3695,Synthetic Candidate 3695,Female,Focal Group,REQ-2026-SCM-G2,2026-02-16,LinkedIn Recruiter,Application Review,Automated job-related knockout criteria not met,2.70,,,,,,,,No,No,
CAND-2026-3696,Synthetic Candidate 3696,Male,Reference Group,REQ-2026-SCM-G2,2026-02-10,Skills Academy,Application Review,Automated job-related knockout criteria not met,2.20,,,,,,,,No,No,
CAND-2026-3697,Synthetic Candidate 3697,Male,Reference Group,REQ-2026-SCM-G2,2026-02-17,Direct Career Portal,Application Review,Automated job-related knockout criteria not met,2.90,,,,,,,,No,No,
CAND-2026-3698,Synthetic Candidate 3698,Male,Reference Group,REQ-2026-SCM-G2,2026-02-11,Regional Hiring Drive,Application Review,Automated job-related knockout criteria not met,2.40,,,,,,,,No,No,
CAND-2026-3699,Synthetic Candidate 3699,Female,Focal Group,REQ-2026-SCM-G2,2026-02-05,Employee Referral,Application Review,Automated job-related knockout criteria not met,3.10,,,,,,,,No,No,
CAND-2026-3700,Synthetic Candidate 3700,Female,Focal Group,REQ-2026-SCM-G2,2026-02-12,LinkedIn Recruiter,Application Review,Automated job-related knockout criteria not met,2.60,,,,,,,,No,No,
CAND-2026-3701,Synthetic Candidate 3701,Male,Reference Group,REQ-2026-SCM-G2,2026-02-06,Skills Academy,Application Review,Automated job-related knockout criteria not met,3.30,,,,,,,,No,No,
CAND-2026-3702,Synthetic Candidate 3702,Male,Reference Group,REQ-2026-SCM-G2,2026-02-13,Direct Career Portal,Application Review,Automated job-related knockout criteria not met,2.80,,,,,,,,No,No,
CAND-2026-3703,Synthetic Candidate 3703,Male,Reference Group,REQ-2026-SCM-G2,2026-02-07,Regional Hiring Drive,Application Review,Automated job-related knockout criteria not met,2.30,,,,,,,,No,No,
CAND-2026-3704,Synthetic Candidate 3704,Female,Focal Group,REQ-2026-SCM-G2,2026-02-14,Employee Referral,Application Review,Automated job-related knockout criteria not met,3.00,,,,,,,,No,No,
CAND-2026-3705,Synthetic Candidate 3705,Female,Focal Group,REQ-2026-SCM-G2,2026-02-08,LinkedIn Recruiter,Application Review,Automated job-related knockout criteria not met,2.50,,,,,,,,No,No,
CAND-2026-3706,Synthetic Candidate 3706,Male,Reference Group,REQ-2026-SCM-G2,2026-02-15,Skills Academy,Application Review,Automated job-related knockout criteria not met,3.20,,,,,,,,No,No,
CAND-2026-3707,Synthetic Candidate 3707,Male,Reference Group,REQ-2026-SCM-G2,2026-02-09,Direct Career Portal,Application Review,Automated job-related knockout criteria not met,2.70,,,,,,,,No,No,
CAND-2026-3708,Synthetic Candidate 3708,Male,Reference Group,REQ-2026-SCM-G2,2026-02-16,Regional Hiring Drive,Application Review,Automated job-related knockout criteria not met,2.20,,,,,,,,No,No,
CAND-2026-3709,Synthetic Candidate 3709,Female,Focal Group,REQ-2026-SCM-G2,2026-02-10,Employee Referral,Application Review,Automated job-related knockout criteria not met,2.90,,,,,,,,No,No,
CAND-2026-3710,Synthetic Candidate 3710,Female,Focal Group,REQ-2026-SCM-G2,2026-02-17,LinkedIn Recruiter,Application Review,Automated job-related knockout criteria not met,2.40,,,,,,,,No,No,
CAND-2026-3711,Synthetic Candidate 3711,Male,Reference Group,REQ-2026-SCM-G2,2026-02-11,Skills Academy,Application Review,Automated job-related knockout criteria not met,3.10,,,,,,,,No,No,
CAND-2026-3712,Synthetic Candidate 3712,Male,Reference Group,REQ-2026-SCM-G2,2026-02-05,Direct Career Portal,Application Review,Automated job-related knockout criteria not met,2.60,,,,,,,,No,No,
CAND-2026-3713,Synthetic Candidate 3713,Male,Reference Group,REQ-2026-SCM-G2,2026-02-12,Regional Hiring Drive,Application Review,Automated job-related knockout criteria not met,3.30,,,,,,,,No,No,
CAND-2026-3714,Synthetic Candidate 3714,Female,Focal Group,REQ-2026-SCM-G2,2026-02-06,Employee Referral,Application Review,Automated job-related knockout criteria not met,2.80,,,,,,,,No,No,
CAND-2026-3715,Synthetic Candidate 3715,Female,Focal Group,REQ-2026-SCM-G2,2026-02-13,LinkedIn Recruiter,Application Review,Automated job-related knockout criteria not met,2.30,,,,,,,,No,No,
CAND-2026-3716,Synthetic Candidate 3716,Male,Reference Group,REQ-2026-SCM-G2,2026-02-07,Skills Academy,Application Review,Automated job-related knockout criteria not met,3.00,,,,,,,,No,No,
CAND-2026-3717,Synthetic Candidate 3717,Male,Reference Group,REQ-2026-SCM-G2,2026-02-14,Direct Career Portal,Application Review,Automated job-related knockout criteria not met,2.50,,,,,,,,No,No,
CAND-2026-3718,Synthetic Candidate 3718,Male,Reference Group,REQ-2026-SCM-G2,2026-02-08,Regional Hiring Drive,Application Review,Automated job-related knockout criteria not met,3.20,,,,,,,,No,No,
CAND-2026-3719,Synthetic Candidate 3719,Female,Focal Group,REQ-2026-SCM-G2,2026-02-15,Employee Referral,Application Review,Automated job-related knockout criteria not met,2.70,,,,,,,,No,No,
CAND-2026-3720,Synthetic Candidate 3720,Female,Focal Group,REQ-2026-SCM-G2,2026-02-09,LinkedIn Recruiter,Application Review,Automated job-related knockout criteria not met,2.20,,,,,,,,No,No,
CAND-2026-3721,Synthetic Candidate 3721,Male,Reference Group,REQ-2026-SCM-G2,2026-02-16,Skills Academy,Application Review,Automated job-related knockout criteria not met,2.90,,,,,,,,No,No,
CAND-2026-3722,Synthetic Candidate 3722,Male,Reference Group,REQ-2026-SCM-G2,2026-02-10,Direct Career Portal,Application Review,Automated job-related knockout criteria not met,2.40,,,,,,,,No,No,
CAND-2026-3723,Synthetic Candidate 3723,Male,Reference Group,REQ-2026-SCM-G2,2026-02-17,Regional Hiring Drive,Application Review,Automated job-related knockout criteria not met,3.10,,,,,,,,No,No,
CAND-2026-3724,Synthetic Candidate 3724,Female,Focal Group,REQ-2026-SCM-G2,2026-02-11,Employee Referral,Application Review,Automated job-related knockout criteria not met,2.60,,,,,,,,No,No,
CAND-2026-3725,Synthetic Candidate 3725,Female,Focal Group,REQ-2026-SCM-G2,2026-02-05,LinkedIn Recruiter,Application Review,Automated job-related knockout criteria not met,3.30,,,,,,,,No,No,
CAND-2026-3726,Synthetic Candidate 3726,Male,Reference Group,REQ-2026-SCM-G2,2026-02-12,Skills Academy,Application Review,Automated job-related knockout criteria not met,2.80,,,,,,,,No,No,
CAND-2026-3727,Synthetic Candidate 3727,Male,Reference Group,REQ-2026-SCM-G2,2026-02-06,Direct Career Portal,Application Review,Automated job-related knockout criteria not met,2.30,,,,,,,,No,No,
CAND-2026-3728,Synthetic Candidate 3728,Male,Reference Group,REQ-2026-SCM-G2,2026-02-13,Regional Hiring Drive,Application Review,Automated job-related knockout criteria not met,3.00,,,,,,,,No,No,
CAND-2026-3729,Synthetic Candidate 3729,Female,Focal Group,REQ-2026-SCM-G2,2026-02-07,Employee Referral,Application Review,Automated job-related knockout criteria not met,2.50,,,,,,,,No,No,
CAND-2026-3730,Synthetic Candidate 3730,Female,Focal Group,REQ-2026-SCM-G2,2026-02-14,LinkedIn Recruiter,Application Review,Automated job-related knockout criteria not met,3.20,,,,,,,,No,No,
CAND-2026-3731,Synthetic Candidate 3731,Male,Reference Group,REQ-2026-SCM-G2,2026-02-08,Skills Academy,Application Review,Automated job-related knockout criteria not met,2.70,,,,,,,,No,No,
CAND-2026-3732,Synthetic Candidate 3732,Male,Reference Group,REQ-2026-SCM-G2,2026-02-15,Direct Career Portal,Application Review,Automated job-related knockout criteria not met,2.20,,,,,,,,No,No,
CAND-2026-3733,Synthetic Candidate 3733,Male,Reference Group,REQ-2026-SCM-G2,2026-02-09,Regional Hiring Drive,Application Review,Automated job-related knockout criteria not met,2.90,,,,,,,,No,No,
CAND-2026-3734,Synthetic Candidate 3734,Female,Focal Group,REQ-2026-SCM-G2,2026-02-16,Employee Referral,Application Review,Automated job-related knockout criteria not met,2.40,,,,,,,,No,No,
CAND-2026-3735,Synthetic Candidate 3735,Female,Focal Group,REQ-2026-SCM-G2,2026-02-10,LinkedIn Recruiter,Application Review,Automated job-related knockout criteria not met,3.10,,,,,,,,No,No,
CAND-2026-3736,Synthetic Candidate 3736,Male,Reference Group,REQ-2026-SCM-G2,2026-02-17,Skills Academy,Application Review,Automated job-related knockout criteria not met,2.60,,,,,,,,No,No,
CAND-2026-3737,Synthetic Candidate 3737,Male,Reference Group,REQ-2026-SCM-G2,2026-02-11,Direct Career Portal,Application Review,Automated job-related knockout criteria not met,3.30,,,,,,,,No,No,
CAND-2026-3738,Synthetic Candidate 3738,Male,Reference Group,REQ-2026-SCM-G2,2026-02-05,Regional Hiring Drive,Application Review,Automated job-related knockout criteria not met,2.80,,,,,,,,No,No,
CAND-2026-3739,Synthetic Candidate 3739,Female,Focal Group,REQ-2026-SCM-G2,2026-02-12,Employee Referral,Application Review,Automated job-related knockout criteria not met,2.30,,,,,,,,No,No,
CAND-2026-3740,Synthetic Candidate 3740,Female,Focal Group,REQ-2026-SCM-G2,2026-02-06,LinkedIn Recruiter,Application Review,Automated job-related knockout criteria not met,3.00,,,,,,,,No,No,
CAND-2026-3741,Synthetic Candidate 3741,Male,Reference Group,REQ-2026-SCM-G2,2026-02-13,Skills Academy,Application Review,Automated job-related knockout criteria not met,2.50,,,,,,,,No,No,
CAND-2026-3742,Synthetic Candidate 3742,Male,Reference Group,REQ-2026-SCM-G2,2026-02-07,Direct Career Portal,Application Review,Automated job-related knockout criteria not met,3.20,,,,,,,,No,No,
CAND-2026-3743,Synthetic Candidate 3743,Male,Reference Group,REQ-2026-SCM-G2,2026-02-14,Regional Hiring Drive,Application Review,Automated job-related knockout criteria not met,2.70,,,,,,,,No,No,
CAND-2026-3744,Synthetic Candidate 3744,Female,Focal Group,REQ-2026-SCM-G2,2026-02-08,Employee Referral,Application Review,Automated job-related knockout criteria not met,2.20,,,,,,,,No,No,
CAND-2026-3745,Synthetic Candidate 3745,Female,Focal Group,REQ-2026-SCM-G2,2026-02-15,LinkedIn Recruiter,Application Review,Automated job-related knockout criteria not met,2.90,,,,,,,,No,No,
CAND-2026-3746,Synthetic Candidate 3746,Male,Reference Group,REQ-2026-SCM-G2,2026-02-09,Skills Academy,Application Review,Automated job-related knockout criteria not met,2.40,,,,,,,,No,No,
CAND-2026-3747,Synthetic Candidate 3747,Male,Reference Group,REQ-2026-SCM-G2,2026-02-16,Direct Career Portal,Application Review,Automated job-related knockout criteria not met,3.10,,,,,,,,No,No,
CAND-2026-3748,Synthetic Candidate 3748,Male,Reference Group,REQ-2026-SCM-G2,2026-02-10,Regional Hiring Drive,Application Review,Automated job-related knockout criteria not met,2.60,,,,,,,,No,No,
CAND-2026-3749,Synthetic Candidate 3749,Female,Focal Group,REQ-2026-SCM-G2,2026-02-17,Employee Referral,Application Review,Automated job-related knockout criteria not met,3.30,,,,,,,,No,No,
CAND-2026-3750,Synthetic Candidate 3750,Female,Focal Group,REQ-2026-SCM-G2,2026-02-11,LinkedIn Recruiter,Application Review,Automated job-related knockout criteria not met,2.80,,,,,,,,No,No,
CAND-2026-3751,Synthetic Candidate 3751,Male,Reference Group,REQ-2026-SCM-G2,2026-02-05,Skills Academy,Application Review,Automated job-related knockout criteria not met,2.30,,,,,,,,No,No,
CAND-2026-3752,Synthetic Candidate 3752,Male,Reference Group,REQ-2026-SCM-G2,2026-02-12,Direct Career Portal,Application Review,Automated job-related knockout criteria not met,3.00,,,,,,,,No,No,
CAND-2026-3753,Synthetic Candidate 3753,Male,Reference Group,REQ-2026-SCM-G2,2026-02-06,Regional Hiring Drive,Application Review,Automated job-related knockout criteria not met,2.50,,,,,,,,No,No,
CAND-2026-3754,Synthetic Candidate 3754,Female,Focal Group,REQ-2026-SCM-G2,2026-02-13,Employee Referral,Application Review,Automated job-related knockout criteria not met,3.20,,,,,,,,No,No,
CAND-2026-3755,Synthetic Candidate 3755,Female,Focal Group,REQ-2026-SCM-G2,2026-02-07,LinkedIn Recruiter,Application Review,Automated job-related knockout criteria not met,2.70,,,,,,,,No,No,
CAND-2026-3756,Synthetic Candidate 3756,Male,Reference Group,REQ-2026-SCM-G2,2026-02-14,Skills Academy,Application Review,Automated job-related knockout criteria not met,2.20,,,,,,,,No,No,
CAND-2026-3757,Synthetic Candidate 3757,Male,Reference Group,REQ-2026-SCM-G2,2026-02-08,Direct Career Portal,Application Review,Automated job-related knockout criteria not met,2.90,,,,,,,,No,No,
CAND-2026-3758,Synthetic Candidate 3758,Male,Reference Group,REQ-2026-SCM-G2,2026-02-15,Regional Hiring Drive,Application Review,Automated job-related knockout criteria not met,2.40,,,,,,,,No,No,
CAND-2026-3759,Synthetic Candidate 3759,Female,Focal Group,REQ-2026-SCM-G2,2026-02-09,Employee Referral,Application Review,Automated job-related knockout criteria not met,3.10,,,,,,,,No,No,
CAND-2026-3760,Synthetic Candidate 3760,Female,Focal Group,REQ-2026-SCM-G2,2026-02-16,LinkedIn Recruiter,Application Review,Automated job-related knockout criteria not met,2.60,,,,,,,,No,No,
CAND-2026-3761,Synthetic Candidate 3761,Male,Reference Group,REQ-2026-SCM-G2,2026-02-10,Skills Academy,Application Review,Automated job-related knockout criteria not met,3.30,,,,,,,,No,No,
CAND-2026-3762,Synthetic Candidate 3762,Male,Reference Group,REQ-2026-SCM-G2,2026-02-17,Direct Career Portal,Application Review,Automated job-related knockout criteria not met,2.80,,,,,,,,No,No,
CAND-2026-3763,Synthetic Candidate 3763,Male,Reference Group,REQ-2026-SCM-G2,2026-02-11,Regional Hiring Drive,Application Review,Automated job-related knockout criteria not met,2.30,,,,,,,,No,No,
CAND-2026-3764,Synthetic Candidate 3764,Female,Focal Group,REQ-2026-SCM-G2,2026-02-05,Employee Referral,Application Review,Automated job-related knockout criteria not met,3.00,,,,,,,,No,No,
CAND-2026-3765,Synthetic Candidate 3765,Female,Focal Group,REQ-2026-SCM-G2,2026-02-12,LinkedIn Recruiter,Application Review,Automated job-related knockout criteria not met,2.50,,,,,,,,No,No,
CAND-2026-3766,Synthetic Candidate 3766,Male,Reference Group,REQ-2026-SCM-G2,2026-02-06,Skills Academy,Application Review,Automated job-related knockout criteria not met,3.20,,,,,,,,No,No,
CAND-2026-3767,Synthetic Candidate 3767,Male,Reference Group,REQ-2026-SCM-G2,2026-02-13,Direct Career Portal,Application Review,Automated job-related knockout criteria not met,2.70,,,,,,,,No,No,
CAND-2026-3768,Synthetic Candidate 3768,Male,Reference Group,REQ-2026-SCM-G2,2026-02-07,Regional Hiring Drive,Application Review,Automated job-related knockout criteria not met,2.20,,,,,,,,No,No,
CAND-2026-3769,Synthetic Candidate 3769,Female,Focal Group,REQ-2026-SCM-G2,2026-02-14,Employee Referral,Application Review,Automated job-related knockout criteria not met,2.90,,,,,,,,No,No,
CAND-2026-3770,Synthetic Candidate 3770,Female,Focal Group,REQ-2026-SCM-G2,2026-02-08,LinkedIn Recruiter,Application Review,Automated job-related knockout criteria not met,2.40,,,,,,,,No,No,
CAND-2026-3771,Synthetic Candidate 3771,Male,Reference Group,REQ-2026-SCM-G2,2026-02-15,Skills Academy,Application Review,Automated job-related knockout criteria not met,3.10,,,,,,,,No,No,
CAND-2026-3772,Synthetic Candidate 3772,Male,Reference Group,REQ-2026-SCM-G2,2026-02-09,Direct Career Portal,Application Review,Automated job-related knockout criteria not met,2.60,,,,,,,,No,No,
CAND-2026-3773,Synthetic Candidate 3773,Male,Reference Group,REQ-2026-SCM-G2,2026-02-16,Regional Hiring Drive,Application Review,Automated job-related knockout criteria not met,3.30,,,,,,,,No,No,
CAND-2026-3774,Synthetic Candidate 3774,Female,Focal Group,REQ-2026-SCM-G2,2026-02-10,Employee Referral,Application Review,Automated job-related knockout criteria not met,2.80,,,,,,,,No,No,
CAND-2026-3775,Synthetic Candidate 3775,Female,Focal Group,REQ-2026-SCM-G2,2026-02-17,LinkedIn Recruiter,Application Review,Automated job-related knockout criteria not met,2.30,,,,,,,,No,No,
CAND-2026-3776,Synthetic Candidate 3776,Male,Reference Group,REQ-2026-SCM-G2,2026-02-11,Skills Academy,Application Review,Automated job-related knockout criteria not met,3.00,,,,,,,,No,No,
CAND-2026-3777,Synthetic Candidate 3777,Male,Reference Group,REQ-2026-SCM-G2,2026-02-05,Direct Career Portal,Application Review,Automated job-related knockout criteria not met,2.50,,,,,,,,No,No,
CAND-2026-3778,Synthetic Candidate 3778,Male,Reference Group,REQ-2026-SCM-G2,2026-02-12,Regional Hiring Drive,Application Review,Automated job-related knockout criteria not met,3.20,,,,,,,,No,No,
CAND-2026-3779,Synthetic Candidate 3779,Female,Focal Group,REQ-2026-SCM-G2,2026-02-06,Employee Referral,Application Review,Automated job-related knockout criteria not met,2.70,,,,,,,,No,No,
CAND-2026-3780,Synthetic Candidate 3780,Female,Focal Group,REQ-2026-SCM-G2,2026-02-13,LinkedIn Recruiter,Application Review,Automated job-related knockout criteria not met,2.20,,,,,,,,No,No,
CAND-2026-3781,Synthetic Candidate 3781,Male,Reference Group,REQ-2026-SCM-G2,2026-02-07,Skills Academy,Application Review,Automated job-related knockout criteria not met,2.90,,,,,,,,No,No,
CAND-2026-3782,Synthetic Candidate 3782,Male,Reference Group,REQ-2026-SCM-G2,2026-02-14,Direct Career Portal,Application Review,Automated job-related knockout criteria not met,2.40,,,,,,,,No,No,
CAND-2026-3783,Synthetic Candidate 3783,Male,Reference Group,REQ-2026-SCM-G2,2026-02-08,Regional Hiring Drive,Application Review,Automated job-related knockout criteria not met,3.10,,,,,,,,No,No,
CAND-2026-3784,Synthetic Candidate 3784,Female,Focal Group,REQ-2026-SCM-G2,2026-02-15,Employee Referral,Application Review,Automated job-related knockout criteria not met,2.60,,,,,,,,No,No,
CAND-2026-3785,Synthetic Candidate 3785,Female,Focal Group,REQ-2026-SCM-G2,2026-02-09,LinkedIn Recruiter,Application Review,Automated job-related knockout criteria not met,3.30,,,,,,,,No,No,
CAND-2026-3786,Synthetic Candidate 3786,Male,Reference Group,REQ-2026-SCM-G2,2026-02-16,Skills Academy,Application Review,Automated job-related knockout criteria not met,2.80,,,,,,,,No,No,
CAND-2026-3787,Synthetic Candidate 3787,Male,Reference Group,REQ-2026-SCM-G2,2026-02-10,Direct Career Portal,Application Review,Automated job-related knockout criteria not met,2.30,,,,,,,,No,No,
CAND-2026-3788,Synthetic Candidate 3788,Male,Reference Group,REQ-2026-SCM-G2,2026-02-17,Regional Hiring Drive,Application Review,Automated job-related knockout criteria not met,3.00,,,,,,,,No,No,
CAND-2026-3789,Synthetic Candidate 3789,Female,Focal Group,REQ-2026-SCM-G2,2026-02-11,Employee Referral,Application Review,Automated job-related knockout criteria not met,2.50,,,,,,,,No,No,
CAND-2026-3790,Synthetic Candidate 3790,Female,Focal Group,REQ-2026-SCM-G2,2026-02-05,LinkedIn Recruiter,Application Review,Automated job-related knockout criteria not met,3.20,,,,,,,,No,No,
CAND-2026-3791,Synthetic Candidate 3791,Male,Reference Group,REQ-2026-SCM-G2,2026-02-12,Skills Academy,Application Review,Automated job-related knockout criteria not met,2.70,,,,,,,,No,No,
CAND-2026-3792,Synthetic Candidate 3792,Male,Reference Group,REQ-2026-SCM-G2,2026-02-06,Direct Career Portal,Application Review,Automated job-related knockout criteria not met,2.20,,,,,,,,No,No,
CAND-2026-3793,Synthetic Candidate 3793,Male,Reference Group,REQ-2026-SCM-G2,2026-02-13,Regional Hiring Drive,Application Review,Automated job-related knockout criteria not met,2.90,,,,,,,,No,No,
CAND-2026-3794,Synthetic Candidate 3794,Female,Focal Group,REQ-2026-SCM-G2,2026-02-07,Employee Referral,Application Review,Automated job-related knockout criteria not met,2.40,,,,,,,,No,No,
CAND-2026-3795,Synthetic Candidate 3795,Female,Focal Group,REQ-2026-SCM-G2,2026-02-14,LinkedIn Recruiter,Application Review,Automated job-related knockout criteria not met,3.10,,,,,,,,No,No,
CAND-2026-3796,Synthetic Candidate 3796,Male,Reference Group,REQ-2026-SCM-G2,2026-02-08,Skills Academy,Application Review,Automated job-related knockout criteria not met,2.60,,,,,,,,No,No,
CAND-2026-3797,Synthetic Candidate 3797,Male,Reference Group,REQ-2026-SCM-G2,2026-02-15,Direct Career Portal,Application Review,Automated job-related knockout criteria not met,3.30,,,,,,,,No,No,
CAND-2026-3798,Synthetic Candidate 3798,Male,Reference Group,REQ-2026-SCM-G2,2026-02-09,Regional Hiring Drive,Application Review,Automated job-related knockout criteria not met,2.80,,,,,,,,No,No,
CAND-2026-3799,Synthetic Candidate 3799,Female,Focal Group,REQ-2026-SCM-G2,2026-02-16,Employee Referral,Application Review,Automated job-related knockout criteria not met,2.30,,,,,,,,No,No,
CAND-2026-3800,Synthetic Candidate 3800,Female,Focal Group,REQ-2026-SCM-G2,2026-02-10,LinkedIn Recruiter,Application Review,Automated job-related knockout criteria not met,3.00,,,,,,,,No,No,
CAND-2026-3801,Synthetic Candidate 3801,Male,Reference Group,REQ-2026-SCM-G2,2026-02-17,Skills Academy,Application Review,Automated job-related knockout criteria not met,2.50,,,,,,,,No,No,
CAND-2026-3802,Synthetic Candidate 3802,Male,Reference Group,REQ-2026-SCM-G2,2026-02-11,Direct Career Portal,Application Review,Automated job-related knockout criteria not met,3.20,,,,,,,,No,No,
CAND-2026-3803,Synthetic Candidate 3803,Male,Reference Group,REQ-2026-SCM-G2,2026-02-05,Regional Hiring Drive,Application Review,Automated job-related knockout criteria not met,2.70,,,,,,,,No,No,
CAND-2026-3804,Synthetic Candidate 3804,Female,Focal Group,REQ-2026-SCM-G2,2026-02-12,Employee Referral,Application Review,Automated job-related knockout criteria not met,2.20,,,,,,,,No,No,
CAND-2026-3805,Synthetic Candidate 3805,Female,Focal Group,REQ-2026-SCM-G2,2026-02-06,LinkedIn Recruiter,Application Review,Automated job-related knockout criteria not met,2.90,,,,,,,,No,No,
CAND-2026-3806,Synthetic Candidate 3806,Male,Reference Group,REQ-2026-SCM-G2,2026-02-13,Skills Academy,Application Review,Automated job-related knockout criteria not met,2.40,,,,,,,,No,No,
CAND-2026-3807,Synthetic Candidate 3807,Male,Reference Group,REQ-2026-SCM-G2,2026-02-07,Direct Career Portal,Application Review,Automated job-related knockout criteria not met,3.10,,,,,,,,No,No,
CAND-2026-3808,Synthetic Candidate 3808,Male,Reference Group,REQ-2026-SCM-G2,2026-02-14,Regional Hiring Drive,Application Review,Automated job-related knockout criteria not met,2.60,,,,,,,,No,No,
CAND-2026-3809,Synthetic Candidate 3809,Female,Focal Group,REQ-2026-SCM-G2,2026-02-08,Employee Referral,Application Review,Automated job-related knockout criteria not met,3.30,,,,,,,,No,No,
CAND-2026-3810,Synthetic Candidate 3810,Female,Focal Group,REQ-2026-SCM-G2,2026-02-15,LinkedIn Recruiter,Application Review,Automated job-related knockout criteria not met,2.80,,,,,,,,No,No,
CAND-2026-3811,Synthetic Candidate 3811,Male,Reference Group,REQ-2026-SCM-G2,2026-02-09,Skills Academy,Application Review,Automated job-related knockout criteria not met,2.30,,,,,,,,No,No,
CAND-2026-3812,Synthetic Candidate 3812,Male,Reference Group,REQ-2026-SCM-G2,2026-02-16,Direct Career Portal,Application Review,Automated job-related knockout criteria not met,3.00,,,,,,,,No,No,
CAND-2026-3813,Synthetic Candidate 3813,Male,Reference Group,REQ-2026-SCM-G2,2026-02-10,Regional Hiring Drive,Application Review,Automated job-related knockout criteria not met,2.50,,,,,,,,No,No,
CAND-2026-3814,Synthetic Candidate 3814,Female,Focal Group,REQ-2026-SCM-G2,2026-02-17,Employee Referral,Application Review,Automated job-related knockout criteria not met,3.20,,,,,,,,No,No,
CAND-2026-3815,Synthetic Candidate 3815,Female,Focal Group,REQ-2026-SCM-G2,2026-02-11,LinkedIn Recruiter,Application Review,Automated job-related knockout criteria not met,2.70,,,,,,,,No,No,
CAND-2026-3816,Synthetic Candidate 3816,Male,Reference Group,REQ-2026-SCM-G2,2026-02-05,Skills Academy,Application Review,Automated job-related knockout criteria not met,2.20,,,,,,,,No,No,
CAND-2026-3817,Synthetic Candidate 3817,Male,Reference Group,REQ-2026-SCM-G2,2026-02-12,Direct Career Portal,Application Review,Automated job-related knockout criteria not met,2.90,,,,,,,,No,No,
CAND-2026-3818,Synthetic Candidate 3818,Male,Reference Group,REQ-2026-SCM-G2,2026-02-06,Regional Hiring Drive,Application Review,Automated job-related knockout criteria not met,2.40,,,,,,,,No,No,
CAND-2026-3819,Synthetic Candidate 3819,Female,Focal Group,REQ-2026-SCM-G2,2026-02-13,Employee Referral,Application Review,Automated job-related knockout criteria not met,3.10,,,,,,,,No,No,
CAND-2026-3820,Synthetic Candidate 3820,Female,Focal Group,REQ-2026-SCM-G2,2026-02-07,LinkedIn Recruiter,Application Review,Automated job-related knockout criteria not met,2.60,,,,,,,,No,No,
CAND-2026-3821,Synthetic Candidate 3821,Male,Reference Group,REQ-2026-SCM-G2,2026-02-14,Skills Academy,Application Review,Automated job-related knockout criteria not met,3.30,,,,,,,,No,No,
CAND-2026-3822,Synthetic Candidate 3822,Male,Reference Group,REQ-2026-SCM-G2,2026-02-08,Direct Career Portal,Application Review,Automated job-related knockout criteria not met,2.80,,,,,,,,No,No,
CAND-2026-3823,Synthetic Candidate 3823,Male,Reference Group,REQ-2026-SCM-G2,2026-02-15,Regional Hiring Drive,Application Review,Automated job-related knockout criteria not met,2.30,,,,,,,,No,No,
CAND-2026-3824,Synthetic Candidate 3824,Female,Focal Group,REQ-2026-SCM-G2,2026-02-09,Employee Referral,Application Review,Automated job-related knockout criteria not met,3.00,,,,,,,,No,No,
CAND-2026-3825,Synthetic Candidate 3825,Female,Focal Group,REQ-2026-SCM-G2,2026-02-16,LinkedIn Recruiter,Application Review,Automated job-related knockout criteria not met,2.50,,,,,,,,No,No,
CAND-2026-3826,Synthetic Candidate 3826,Male,Reference Group,REQ-2026-SCM-G2,2026-02-10,Skills Academy,Application Review,Automated job-related knockout criteria not met,3.20,,,,,,,,No,No,
CAND-2026-3827,Synthetic Candidate 3827,Male,Reference Group,REQ-2026-SCM-G2,2026-02-17,Direct Career Portal,Application Review,Automated job-related knockout criteria not met,2.70,,,,,,,,No,No,
CAND-2026-3828,Synthetic Candidate 3828,Male,Reference Group,REQ-2026-SCM-G2,2026-02-11,Regional Hiring Drive,Application Review,Automated job-related knockout criteria not met,2.20,,,,,,,,No,No,
CAND-2026-3829,Synthetic Candidate 3829,Female,Focal Group,REQ-2026-SCM-G2,2026-02-05,Employee Referral,Application Review,Automated job-related knockout criteria not met,2.90,,,,,,,,No,No,
CAND-2026-3830,Synthetic Candidate 3830,Female,Focal Group,REQ-2026-SCM-G2,2026-02-12,LinkedIn Recruiter,Application Review,Automated job-related knockout criteria not met,2.40,,,,,,,,No,No,
CAND-2026-3831,Synthetic Candidate 3831,Male,Reference Group,REQ-2026-SCM-G2,2026-02-06,Skills Academy,Application Review,Automated job-related knockout criteria not met,3.10,,,,,,,,No,No,
CAND-2026-3832,Synthetic Candidate 3832,Male,Reference Group,REQ-2026-SCM-G2,2026-02-13,Direct Career Portal,Application Review,Automated job-related knockout criteria not met,2.60,,,,,,,,No,No,
CAND-2026-3833,Synthetic Candidate 3833,Male,Reference Group,REQ-2026-SCM-G2,2026-02-07,Regional Hiring Drive,Application Review,Automated job-related knockout criteria not met,3.30,,,,,,,,No,No,
CAND-2026-3834,Synthetic Candidate 3834,Female,Focal Group,REQ-2026-SCM-G2,2026-02-14,Employee Referral,Application Review,Automated job-related knockout criteria not met,2.80,,,,,,,,No,No,
CAND-2026-3835,Synthetic Candidate 3835,Female,Focal Group,REQ-2026-SCM-G2,2026-02-08,LinkedIn Recruiter,Application Review,Automated job-related knockout criteria not met,2.30,,,,,,,,No,No,
CAND-2026-3836,Synthetic Candidate 3836,Male,Reference Group,REQ-2026-SCM-G2,2026-02-15,Skills Academy,Application Review,Automated job-related knockout criteria not met,3.00,,,,,,,,No,No,
CAND-2026-3837,Synthetic Candidate 3837,Male,Reference Group,REQ-2026-SCM-G2,2026-02-09,Direct Career Portal,Application Review,Automated job-related knockout criteria not met,2.50,,,,,,,,No,No,
CAND-2026-3838,Synthetic Candidate 3838,Male,Reference Group,REQ-2026-SCM-G2,2026-02-16,Regional Hiring Drive,Application Review,Automated job-related knockout criteria not met,3.20,,,,,,,,No,No,
CAND-2026-3839,Synthetic Candidate 3839,Female,Focal Group,REQ-2026-SCM-G2,2026-02-10,Employee Referral,Application Review,Automated job-related knockout criteria not met,2.70,,,,,,,,No,No,
CAND-2026-3840,Synthetic Candidate 3840,Female,Focal Group,REQ-2026-SCM-G2,2026-02-17,LinkedIn Recruiter,Application Review,Automated job-related knockout criteria not met,2.20,,,,,,,,No,No,
CAND-2026-3841,Synthetic Candidate 3841,Male,Reference Group,REQ-2026-SCM-G2,2026-02-11,Skills Academy,Application Review,Automated job-related knockout criteria not met,2.90,,,,,,,,No,No,
CAND-2026-3842,Synthetic Candidate 3842,Male,Reference Group,REQ-2026-SCM-G2,2026-02-05,Direct Career Portal,Application Review,Automated job-related knockout criteria not met,2.40,,,,,,,,No,No,
CAND-2026-3843,Synthetic Candidate 3843,Male,Reference Group,REQ-2026-SCM-G2,2026-02-12,Regional Hiring Drive,Application Review,Automated job-related knockout criteria not met,3.10,,,,,,,,No,No,
CAND-2026-3844,Synthetic Candidate 3844,Female,Focal Group,REQ-2026-SCM-G2,2026-02-06,Employee Referral,Application Review,Automated job-related knockout criteria not met,2.60,,,,,,,,No,No,
CAND-2026-3845,Synthetic Candidate 3845,Female,Focal Group,REQ-2026-SCM-G2,2026-02-13,LinkedIn Recruiter,Application Review,Automated job-related knockout criteria not met,3.30,,,,,,,,No,No,
CAND-2026-3846,Synthetic Candidate 3846,Male,Reference Group,REQ-2026-SCM-G2,2026-02-07,Skills Academy,Application Review,Automated job-related knockout criteria not met,2.80,,,,,,,,No,No,
CAND-2026-3847,Synthetic Candidate 3847,Male,Reference Group,REQ-2026-SCM-G2,2026-02-14,Direct Career Portal,Application Review,Automated job-related knockout criteria not met,2.30,,,,,,,,No,No,
CAND-2026-3848,Synthetic Candidate 3848,Male,Reference Group,REQ-2026-SCM-G2,2026-02-08,Regional Hiring Drive,Application Review,Automated job-related knockout criteria not met,3.00,,,,,,,,No,No,
CAND-2026-3849,Synthetic Candidate 3849,Female,Focal Group,REQ-2026-SCM-G2,2026-02-15,Employee Referral,Application Review,Automated job-related knockout criteria not met,2.50,,,,,,,,No,No,
CAND-2026-3850,Synthetic Candidate 3850,Female,Focal Group,REQ-2026-SCM-G2,2026-02-09,LinkedIn Recruiter,Application Review,Automated job-related knockout criteria not met,3.20,,,,,,,,No,No,
CAND-2026-3851,Synthetic Candidate 3851,Male,Reference Group,REQ-2026-SCM-G2,2026-02-16,Skills Academy,Application Review,Automated job-related knockout criteria not met,2.70,,,,,,,,No,No,
CAND-2026-3852,Synthetic Candidate 3852,Male,Reference Group,REQ-2026-SCM-G2,2026-02-10,Direct Career Portal,Application Review,Automated job-related knockout criteria not met,2.20,,,,,,,,No,No,
CAND-2026-3853,Synthetic Candidate 3853,Male,Reference Group,REQ-2026-SCM-G2,2026-02-17,Regional Hiring Drive,Application Review,Automated job-related knockout criteria not met,2.90,,,,,,,,No,No,
CAND-2026-3854,Synthetic Candidate 3854,Female,Focal Group,REQ-2026-SCM-G2,2026-02-11,Employee Referral,Application Review,Automated job-related knockout criteria not met,2.40,,,,,,,,No,No,
CAND-2026-3855,Synthetic Candidate 3855,Female,Focal Group,REQ-2026-SCM-G2,2026-02-05,LinkedIn Recruiter,Application Review,Automated job-related knockout criteria not met,3.10,,,,,,,,No,No,
CAND-2026-3856,Synthetic Candidate 3856,Male,Reference Group,REQ-2026-SCM-G2,2026-02-12,Skills Academy,Application Review,Automated job-related knockout criteria not met,2.60,,,,,,,,No,No,
CAND-2026-3857,Synthetic Candidate 3857,Male,Reference Group,REQ-2026-SCM-G2,2026-02-06,Direct Career Portal,Application Review,Automated job-related knockout criteria not met,3.30,,,,,,,,No,No,
CAND-2026-3858,Synthetic Candidate 3858,Male,Reference Group,REQ-2026-SCM-G2,2026-02-13,Regional Hiring Drive,Application Review,Automated job-related knockout criteria not met,2.80,,,,,,,,No,No,
CAND-2026-3859,Synthetic Candidate 3859,Female,Focal Group,REQ-2026-SCM-G2,2026-02-07,Employee Referral,Application Review,Automated job-related knockout criteria not met,2.30,,,,,,,,No,No,
CAND-2026-3860,Synthetic Candidate 3860,Female,Focal Group,REQ-2026-SCM-G2,2026-02-14,LinkedIn Recruiter,Application Review,Automated job-related knockout criteria not met,3.00,,,,,,,,No,No,
CAND-2026-3861,Synthetic Candidate 3861,Male,Reference Group,REQ-2026-SCM-G2,2026-02-08,Skills Academy,Application Review,Automated job-related knockout criteria not met,2.50,,,,,,,,No,No,
CAND-2026-3862,Synthetic Candidate 3862,Male,Reference Group,REQ-2026-SCM-G2,2026-02-15,Direct Career Portal,Application Review,Automated job-related knockout criteria not met,3.20,,,,,,,,No,No,
CAND-2026-3863,Synthetic Candidate 3863,Male,Reference Group,REQ-2026-SCM-G2,2026-02-09,Regional Hiring Drive,Application Review,Automated job-related knockout criteria not met,2.70,,,,,,,,No,No,
CAND-2026-3864,Synthetic Candidate 3864,Female,Focal Group,REQ-2026-SCM-G2,2026-02-16,Employee Referral,Application Review,Automated job-related knockout criteria not met,2.20,,,,,,,,No,No,
CAND-2026-3865,Synthetic Candidate 3865,Female,Focal Group,REQ-2026-SCM-G2,2026-02-10,LinkedIn Recruiter,Application Review,Automated job-related knockout criteria not met,2.90,,,,,,,,No,No,
CAND-2026-3866,Synthetic Candidate 3866,Male,Reference Group,REQ-2026-SCM-G2,2026-02-17,Skills Academy,Application Review,Automated job-related knockout criteria not met,2.40,,,,,,,,No,No,
CAND-2026-3867,Synthetic Candidate 3867,Male,Reference Group,REQ-2026-SCM-G2,2026-02-11,Direct Career Portal,Application Review,Automated job-related knockout criteria not met,3.10,,,,,,,,No,No,
CAND-2026-3868,Synthetic Candidate 3868,Male,Reference Group,REQ-2026-SCM-G2,2026-02-05,Regional Hiring Drive,Application Review,Automated job-related knockout criteria not met,2.60,,,,,,,,No,No,
CAND-2026-3869,Synthetic Candidate 3869,Female,Focal Group,REQ-2026-SCM-G2,2026-02-12,Employee Referral,Application Review,Automated job-related knockout criteria not met,3.30,,,,,,,,No,No,
CAND-2026-3870,Synthetic Candidate 3870,Female,Focal Group,REQ-2026-SCM-G2,2026-02-06,LinkedIn Recruiter,Application Review,Automated job-related knockout criteria not met,2.80,,,,,,,,No,No,
CAND-2026-3871,Synthetic Candidate 3871,Male,Reference Group,REQ-2026-SCM-G2,2026-02-13,Skills Academy,Application Review,Automated job-related knockout criteria not met,2.30,,,,,,,,No,No,
CAND-2026-3872,Synthetic Candidate 3872,Male,Reference Group,REQ-2026-SCM-G2,2026-02-07,Direct Career Portal,Application Review,Automated job-related knockout criteria not met,3.00,,,,,,,,No,No,
CAND-2026-3873,Synthetic Candidate 3873,Male,Reference Group,REQ-2026-SCM-G2,2026-02-14,Regional Hiring Drive,Application Review,Automated job-related knockout criteria not met,2.50,,,,,,,,No,No,
CAND-2026-3874,Synthetic Candidate 3874,Female,Focal Group,REQ-2026-SCM-G2,2026-02-08,Employee Referral,Application Review,Automated job-related knockout criteria not met,3.20,,,,,,,,No,No,
CAND-2026-3875,Synthetic Candidate 3875,Female,Focal Group,REQ-2026-SCM-G2,2026-02-15,LinkedIn Recruiter,Application Review,Automated job-related knockout criteria not met,2.70,,,,,,,,No,No,
CAND-2026-3876,Synthetic Candidate 3876,Male,Reference Group,REQ-2026-SCM-G2,2026-02-09,Skills Academy,Application Review,Automated job-related knockout criteria not met,2.20,,,,,,,,No,No,
CAND-2026-3877,Synthetic Candidate 3877,Male,Reference Group,REQ-2026-SCM-G2,2026-02-16,Direct Career Portal,Application Review,Automated job-related knockout criteria not met,2.90,,,,,,,,No,No,
CAND-2026-3878,Synthetic Candidate 3878,Male,Reference Group,REQ-2026-SCM-G2,2026-02-10,Regional Hiring Drive,Application Review,Automated job-related knockout criteria not met,2.40,,,,,,,,No,No,
CAND-2026-3879,Synthetic Candidate 3879,Female,Focal Group,REQ-2026-SCM-G2,2026-02-17,Employee Referral,Application Review,Automated job-related knockout criteria not met,3.10,,,,,,,,No,No,
CAND-2026-3880,Synthetic Candidate 3880,Female,Focal Group,REQ-2026-SCM-G2,2026-02-11,LinkedIn Recruiter,Application Review,Automated job-related knockout criteria not met,2.60,,,,,,,,No,No,
CAND-2026-3881,Synthetic Candidate 3881,Male,Reference Group,REQ-2026-SCM-G2,2026-02-05,Skills Academy,Application Review,Automated job-related knockout criteria not met,3.30,,,,,,,,No,No,
CAND-2026-3882,Synthetic Candidate 3882,Male,Reference Group,REQ-2026-SCM-G2,2026-02-12,Direct Career Portal,Application Review,Automated job-related knockout criteria not met,2.80,,,,,,,,No,No,
CAND-2026-3883,Synthetic Candidate 3883,Male,Reference Group,REQ-2026-SCM-G2,2026-02-06,Regional Hiring Drive,Application Review,Automated job-related knockout criteria not met,2.30,,,,,,,,No,No,
CAND-2026-3884,Synthetic Candidate 3884,Female,Focal Group,REQ-2026-SCM-G2,2026-02-13,Employee Referral,Application Review,Automated job-related knockout criteria not met,3.00,,,,,,,,No,No,
CAND-2026-3885,Synthetic Candidate 3885,Female,Focal Group,REQ-2026-SCM-G2,2026-02-07,LinkedIn Recruiter,Application Review,Automated job-related knockout criteria not met,2.50,,,,,,,,No,No,
CAND-2026-3886,Synthetic Candidate 3886,Male,Reference Group,REQ-2026-SCM-G2,2026-02-14,Skills Academy,Application Review,Automated job-related knockout criteria not met,3.20,,,,,,,,No,No,
CAND-2026-3887,Synthetic Candidate 3887,Male,Reference Group,REQ-2026-SCM-G2,2026-02-08,Direct Career Portal,Application Review,Automated job-related knockout criteria not met,2.70,,,,,,,,No,No,
CAND-2026-3888,Synthetic Candidate 3888,Male,Reference Group,REQ-2026-SCM-G2,2026-02-15,Regional Hiring Drive,Application Review,Automated job-related knockout criteria not met,2.20,,,,,,,,No,No,
CAND-2026-3889,Synthetic Candidate 3889,Female,Focal Group,REQ-2026-SCM-G2,2026-02-09,Employee Referral,Application Review,Automated job-related knockout criteria not met,2.90,,,,,,,,No,No,
CAND-2026-3890,Synthetic Candidate 3890,Female,Focal Group,REQ-2026-SCM-G2,2026-02-16,LinkedIn Recruiter,Application Review,Automated job-related knockout criteria not met,2.40,,,,,,,,No,No,
CAND-2026-3891,Synthetic Candidate 3891,Male,Reference Group,REQ-2026-SCM-G2,2026-02-10,Skills Academy,Application Review,Automated job-related knockout criteria not met,3.10,,,,,,,,No,No,
CAND-2026-3892,Synthetic Candidate 3892,Male,Reference Group,REQ-2026-SCM-G2,2026-02-17,Direct Career Portal,Application Review,Automated job-related knockout criteria not met,2.60,,,,,,,,No,No,
CAND-2026-3893,Synthetic Candidate 3893,Male,Reference Group,REQ-2026-SCM-G2,2026-02-11,Regional Hiring Drive,Application Review,Automated job-related knockout criteria not met,3.30,,,,,,,,No,No,
CAND-2026-3894,Synthetic Candidate 3894,Female,Focal Group,REQ-2026-SCM-G2,2026-02-05,Employee Referral,Application Review,Automated job-related knockout criteria not met,2.80,,,,,,,,No,No,
CAND-2026-3895,Synthetic Candidate 3895,Female,Focal Group,REQ-2026-SCM-G2,2026-02-12,LinkedIn Recruiter,Application Review,Automated job-related knockout criteria not met,2.30,,,,,,,,No,No,
CAND-2026-3896,Synthetic Candidate 3896,Male,Reference Group,REQ-2026-SCM-G2,2026-02-06,Skills Academy,Application Review,Automated job-related knockout criteria not met,3.00,,,,,,,,No,No,
CAND-2026-3897,Synthetic Candidate 3897,Male,Reference Group,REQ-2026-SCM-G2,2026-02-13,Direct Career Portal,Application Review,Automated job-related knockout criteria not met,2.50,,,,,,,,No,No,
CAND-2026-3898,Synthetic Candidate 3898,Male,Reference Group,REQ-2026-SCM-G2,2026-02-07,Regional Hiring Drive,Application Review,Automated job-related knockout criteria not met,3.20,,,,,,,,No,No,
CAND-2026-3899,Synthetic Candidate 3899,Female,Focal Group,REQ-2026-SCM-G2,2026-02-14,Employee Referral,Application Review,Automated job-related knockout criteria not met,2.70,,,,,,,,No,No,
CAND-2026-3900,Synthetic Candidate 3900,Female,Focal Group,REQ-2026-SCM-G2,2026-02-08,LinkedIn Recruiter,Application Review,Automated job-related knockout criteria not met,2.20,,,,,,,,No,No,
CAND-2026-3901,Synthetic Candidate 3901,Male,Reference Group,REQ-2026-SCM-G2,2026-02-15,Skills Academy,Application Review,Automated job-related knockout criteria not met,2.90,,,,,,,,No,No,
CAND-2026-3902,Synthetic Candidate 3902,Male,Reference Group,REQ-2026-SCM-G2,2026-02-09,Direct Career Portal,Application Review,Automated job-related knockout criteria not met,2.40,,,,,,,,No,No,
CAND-2026-3903,Synthetic Candidate 3903,Male,Reference Group,REQ-2026-SCM-G2,2026-02-16,Regional Hiring Drive,Application Review,Automated job-related knockout criteria not met,3.10,,,,,,,,No,No,
CAND-2026-3904,Synthetic Candidate 3904,Female,Focal Group,REQ-2026-SCM-G2,2026-02-10,Employee Referral,Application Review,Automated job-related knockout criteria not met,2.60,,,,,,,,No,No,
CAND-2026-3905,Synthetic Candidate 3905,Female,Focal Group,REQ-2026-SCM-G2,2026-02-17,LinkedIn Recruiter,Application Review,Automated job-related knockout criteria not met,3.30,,,,,,,,No,No,
CAND-2026-3906,Synthetic Candidate 3906,Male,Reference Group,REQ-2026-SCM-G2,2026-02-11,Skills Academy,Application Review,Automated job-related knockout criteria not met,2.80,,,,,,,,No,No,
CAND-2026-3907,Synthetic Candidate 3907,Male,Reference Group,REQ-2026-SCM-G2,2026-02-05,Direct Career Portal,Application Review,Automated job-related knockout criteria not met,2.30,,,,,,,,No,No,
CAND-2026-3908,Synthetic Candidate 3908,Male,Reference Group,REQ-2026-SCM-G2,2026-02-12,Regional Hiring Drive,Application Review,Automated job-related knockout criteria not met,3.00,,,,,,,,No,No,
CAND-2026-3909,Synthetic Candidate 3909,Female,Focal Group,REQ-2026-SCM-G2,2026-02-06,Employee Referral,Application Review,Automated job-related knockout criteria not met,2.50,,,,,,,,No,No,
CAND-2026-3910,Synthetic Candidate 3910,Female,Focal Group,REQ-2026-SCM-G2,2026-02-13,LinkedIn Recruiter,Application Review,Automated job-related knockout criteria not met,3.20,,,,,,,,No,No,
CAND-2026-3911,Synthetic Candidate 3911,Male,Reference Group,REQ-2026-SCM-G2,2026-02-07,Skills Academy,Application Review,Automated job-related knockout criteria not met,2.70,,,,,,,,No,No,
CAND-2026-3912,Synthetic Candidate 3912,Male,Reference Group,REQ-2026-SCM-G2,2026-02-14,Direct Career Portal,Application Review,Automated job-related knockout criteria not met,2.20,,,,,,,,No,No,
CAND-2026-3913,Synthetic Candidate 3913,Male,Reference Group,REQ-2026-SCM-G2,2026-02-08,Regional Hiring Drive,Application Review,Automated job-related knockout criteria not met,2.90,,,,,,,,No,No,
CAND-2026-3914,Synthetic Candidate 3914,Female,Focal Group,REQ-2026-SCM-G2,2026-02-15,Employee Referral,Application Review,Automated job-related knockout criteria not met,2.40,,,,,,,,No,No,
CAND-2026-3915,Synthetic Candidate 3915,Female,Focal Group,REQ-2026-SCM-G2,2026-02-09,LinkedIn Recruiter,Application Review,Automated job-related knockout criteria not met,3.10,,,,,,,,No,No,
CAND-2026-3916,Synthetic Candidate 3916,Male,Reference Group,REQ-2026-SCM-G2,2026-02-16,Skills Academy,Application Review,Automated job-related knockout criteria not met,2.60,,,,,,,,No,No,
CAND-2026-3917,Synthetic Candidate 3917,Male,Reference Group,REQ-2026-SCM-G2,2026-02-10,Direct Career Portal,Application Review,Automated job-related knockout criteria not met,3.30,,,,,,,,No,No,
CAND-2026-3918,Synthetic Candidate 3918,Male,Reference Group,REQ-2026-SCM-G2,2026-02-17,Regional Hiring Drive,Application Review,Automated job-related knockout criteria not met,2.80,,,,,,,,No,No,
CAND-2026-3919,Synthetic Candidate 3919,Female,Focal Group,REQ-2026-SCM-G2,2026-02-11,Employee Referral,Application Review,Automated job-related knockout criteria not met,2.30,,,,,,,,No,No,
CAND-2026-3920,Synthetic Candidate 3920,Female,Focal Group,REQ-2026-SCM-G2,2026-02-05,LinkedIn Recruiter,Application Review,Automated job-related knockout criteria not met,3.00,,,,,,,,No,No,
CAND-2026-3921,Synthetic Candidate 3921,Male,Reference Group,REQ-2026-SCM-G2,2026-02-12,Skills Academy,Application Review,Automated job-related knockout criteria not met,2.50,,,,,,,,No,No,
CAND-2026-3922,Synthetic Candidate 3922,Male,Reference Group,REQ-2026-SCM-G2,2026-02-06,Direct Career Portal,Application Review,Automated job-related knockout criteria not met,3.20,,,,,,,,No,No,
CAND-2026-3923,Synthetic Candidate 3923,Male,Reference Group,REQ-2026-SCM-G2,2026-02-13,Regional Hiring Drive,Application Review,Automated job-related knockout criteria not met,2.70,,,,,,,,No,No,
CAND-2026-3924,Synthetic Candidate 3924,Female,Focal Group,REQ-2026-SCM-G2,2026-02-07,Employee Referral,Application Review,Automated job-related knockout criteria not met,2.20,,,,,,,,No,No,
CAND-2026-3925,Synthetic Candidate 3925,Female,Focal Group,REQ-2026-SCM-G2,2026-02-14,LinkedIn Recruiter,Application Review,Automated job-related knockout criteria not met,2.90,,,,,,,,No,No,
CAND-2026-3926,Synthetic Candidate 3926,Male,Reference Group,REQ-2026-SCM-G2,2026-02-08,Skills Academy,Application Review,Automated job-related knockout criteria not met,2.40,,,,,,,,No,No,
CAND-2026-3927,Synthetic Candidate 3927,Male,Reference Group,REQ-2026-SCM-G2,2026-02-15,Direct Career Portal,Application Review,Automated job-related knockout criteria not met,3.10,,,,,,,,No,No,
CAND-2026-3928,Synthetic Candidate 3928,Male,Reference Group,REQ-2026-SCM-G2,2026-02-09,Regional Hiring Drive,Application Review,Automated job-related knockout criteria not met,2.60,,,,,,,,No,No,
CAND-2026-3929,Synthetic Candidate 3929,Female,Focal Group,REQ-2026-SCM-G2,2026-02-16,Employee Referral,Application Review,Automated job-related knockout criteria not met,3.30,,,,,,,,No,No,
CAND-2026-3930,Synthetic Candidate 3930,Female,Focal Group,REQ-2026-SCM-G2,2026-02-10,LinkedIn Recruiter,Application Review,Automated job-related knockout criteria not met,2.80,,,,,,,,No,No,
CAND-2026-3931,Synthetic Candidate 3931,Male,Reference Group,REQ-2026-SCM-G2,2026-02-17,Skills Academy,Application Review,Automated job-related knockout criteria not met,2.30,,,,,,,,No,No,
CAND-2026-3932,Synthetic Candidate 3932,Male,Reference Group,REQ-2026-SCM-G2,2026-02-11,Direct Career Portal,Application Review,Automated job-related knockout criteria not met,3.00,,,,,,,,No,No,
CAND-2026-3933,Synthetic Candidate 3933,Male,Reference Group,REQ-2026-SCM-G2,2026-02-05,Regional Hiring Drive,Application Review,Automated job-related knockout criteria not met,2.50,,,,,,,,No,No,
CAND-2026-3934,Synthetic Candidate 3934,Female,Focal Group,REQ-2026-SCM-G2,2026-02-12,Employee Referral,Application Review,Automated job-related knockout criteria not met,3.20,,,,,,,,No,No,
CAND-2026-3935,Synthetic Candidate 3935,Female,Focal Group,REQ-2026-SCM-G2,2026-02-06,LinkedIn Recruiter,Application Review,Automated job-related knockout criteria not met,2.70,,,,,,,,No,No,
CAND-2026-3936,Synthetic Candidate 3936,Male,Reference Group,REQ-2026-SCM-G2,2026-02-13,Skills Academy,Application Review,Automated job-related knockout criteria not met,2.20,,,,,,,,No,No,
CAND-2026-3937,Synthetic Candidate 3937,Male,Reference Group,REQ-2026-SCM-G2,2026-02-07,Direct Career Portal,Application Review,Automated job-related knockout criteria not met,2.90,,,,,,,,No,No,
CAND-2026-3938,Synthetic Candidate 3938,Male,Reference Group,REQ-2026-SCM-G2,2026-02-14,Regional Hiring Drive,Application Review,Automated job-related knockout criteria not met,2.40,,,,,,,,No,No,
CAND-2026-3939,Synthetic Candidate 3939,Female,Focal Group,REQ-2026-SCM-G2,2026-02-08,Employee Referral,Application Review,Automated job-related knockout criteria not met,3.10,,,,,,,,No,No,
CAND-2026-3940,Synthetic Candidate 3940,Female,Focal Group,REQ-2026-SCM-G2,2026-02-15,LinkedIn Recruiter,Application Review,Automated job-related knockout criteria not met,2.60,,,,,,,,No,No,
CAND-2026-3941,Synthetic Candidate 3941,Male,Reference Group,REQ-2026-SCM-G2,2026-02-09,Skills Academy,Application Review,Automated job-related knockout criteria not met,3.30,,,,,,,,No,No,
CAND-2026-3942,Synthetic Candidate 3942,Male,Reference Group,REQ-2026-SCM-G2,2026-02-16,Direct Career Portal,Application Review,Automated job-related knockout criteria not met,2.80,,,,,,,,No,No,
CAND-2026-3943,Synthetic Candidate 3943,Male,Reference Group,REQ-2026-SCM-G2,2026-02-10,Regional Hiring Drive,Application Review,Automated job-related knockout criteria not met,2.30,,,,,,,,No,No,
CAND-2026-3944,Synthetic Candidate 3944,Female,Focal Group,REQ-2026-SCM-G2,2026-02-17,Employee Referral,Application Review,Automated job-related knockout criteria not met,3.00,,,,,,,,No,No,
CAND-2026-3945,Synthetic Candidate 3945,Female,Focal Group,REQ-2026-SCM-G2,2026-02-11,LinkedIn Recruiter,Application Review,Automated job-related knockout criteria not met,2.50,,,,,,,,No,No,
CAND-2026-3946,Synthetic Candidate 3946,Male,Reference Group,REQ-2026-SCM-G2,2026-02-05,Skills Academy,Application Review,Automated job-related knockout criteria not met,3.20,,,,,,,,No,No,
CAND-2026-3947,Synthetic Candidate 3947,Male,Reference Group,REQ-2026-SCM-G2,2026-02-12,Direct Career Portal,Application Review,Automated job-related knockout criteria not met,2.70,,,,,,,,No,No,
CAND-2026-3948,Synthetic Candidate 3948,Male,Reference Group,REQ-2026-SCM-G2,2026-02-06,Regional Hiring Drive,Application Review,Automated job-related knockout criteria not met,2.20,,,,,,,,No,No,
CAND-2026-3949,Synthetic Candidate 3949,Female,Focal Group,REQ-2026-SCM-G2,2026-02-13,Employee Referral,Application Review,Automated job-related knockout criteria not met,2.90,,,,,,,,No,No,
CAND-2026-3950,Synthetic Candidate 3950,Female,Focal Group,REQ-2026-SCM-G2,2026-02-07,LinkedIn Recruiter,Application Review,Automated job-related knockout criteria not met,2.40,,,,,,,,No,No,
CAND-2026-3951,Synthetic Candidate 3951,Male,Reference Group,REQ-2026-SCM-G2,2026-02-14,Skills Academy,Application Review,Automated job-related knockout criteria not met,3.10,,,,,,,,No,No,
CAND-2026-3952,Synthetic Candidate 3952,Male,Reference Group,REQ-2026-SCM-G2,2026-02-08,Direct Career Portal,Application Review,Automated job-related knockout criteria not met,2.60,,,,,,,,No,No,
CAND-2026-3953,Synthetic Candidate 3953,Male,Reference Group,REQ-2026-SCM-G2,2026-02-15,Regional Hiring Drive,Application Review,Automated job-related knockout criteria not met,3.30,,,,,,,,No,No,
CAND-2026-3954,Synthetic Candidate 3954,Female,Focal Group,REQ-2026-SCM-G2,2026-02-09,Employee Referral,Application Review,Automated job-related knockout criteria not met,2.80,,,,,,,,No,No,
CAND-2026-3955,Synthetic Candidate 3955,Female,Focal Group,REQ-2026-SCM-G2,2026-02-16,LinkedIn Recruiter,Application Review,Automated job-related knockout criteria not met,2.30,,,,,,,,No,No,
CAND-2026-3956,Synthetic Candidate 3956,Male,Reference Group,REQ-2026-SCM-G2,2026-02-10,Skills Academy,Application Review,Automated job-related knockout criteria not met,3.00,,,,,,,,No,No,
CAND-2026-3957,Synthetic Candidate 3957,Male,Reference Group,REQ-2026-SCM-G2,2026-02-17,Direct Career Portal,Application Review,Automated job-related knockout criteria not met,2.50,,,,,,,,No,No,
CAND-2026-3958,Synthetic Candidate 3958,Male,Reference Group,REQ-2026-SCM-G2,2026-02-11,Regional Hiring Drive,Application Review,Automated job-related knockout criteria not met,3.20,,,,,,,,No,No,
CAND-2026-3959,Synthetic Candidate 3959,Female,Focal Group,REQ-2026-SCM-G2,2026-02-05,Employee Referral,Application Review,Automated job-related knockout criteria not met,2.70,,,,,,,,No,No,
CAND-2026-3960,Synthetic Candidate 3960,Female,Focal Group,REQ-2026-SCM-G2,2026-02-12,LinkedIn Recruiter,Application Review,Automated job-related knockout criteria not met,2.20,,,,,,,,No,No,
CAND-2026-3961,Synthetic Candidate 3961,Male,Reference Group,REQ-2026-SCM-G2,2026-02-06,Skills Academy,Application Review,Automated job-related knockout criteria not met,2.90,,,,,,,,No,No,
CAND-2026-3962,Synthetic Candidate 3962,Male,Reference Group,REQ-2026-SCM-G2,2026-02-13,Direct Career Portal,Application Review,Automated job-related knockout criteria not met,2.40,,,,,,,,No,No,
CAND-2026-3963,Synthetic Candidate 3963,Male,Reference Group,REQ-2026-SCM-G2,2026-02-07,Regional Hiring Drive,Application Review,Automated job-related knockout criteria not met,3.10,,,,,,,,No,No,
CAND-2026-3964,Synthetic Candidate 3964,Female,Focal Group,REQ-2026-SCM-G2,2026-02-14,Employee Referral,Application Review,Automated job-related knockout criteria not met,2.60,,,,,,,,No,No,
CAND-2026-3965,Synthetic Candidate 3965,Female,Focal Group,REQ-2026-SCM-G2,2026-02-08,LinkedIn Recruiter,Application Review,Automated job-related knockout criteria not met,3.30,,,,,,,,No,No,
CAND-2026-3966,Synthetic Candidate 3966,Male,Reference Group,REQ-2026-SCM-G2,2026-02-15,Skills Academy,Application Review,Automated job-related knockout criteria not met,2.80,,,,,,,,No,No,
CAND-2026-3967,Synthetic Candidate 3967,Male,Reference Group,REQ-2026-SCM-G2,2026-02-09,Direct Career Portal,Application Review,Automated job-related knockout criteria not met,2.30,,,,,,,,No,No,
CAND-2026-3968,Synthetic Candidate 3968,Male,Reference Group,REQ-2026-SCM-G2,2026-02-16,Regional Hiring Drive,Application Review,Automated job-related knockout criteria not met,3.00,,,,,,,,No,No,
CAND-2026-3969,Synthetic Candidate 3969,Female,Focal Group,REQ-2026-SCM-G2,2026-02-10,Employee Referral,Application Review,Automated job-related knockout criteria not met,2.50,,,,,,,,No,No,
CAND-2026-3970,Synthetic Candidate 3970,Female,Focal Group,REQ-2026-SCM-G2,2026-02-17,LinkedIn Recruiter,Application Review,Automated job-related knockout criteria not met,3.20,,,,,,,,No,No,
CAND-2026-3971,Synthetic Candidate 3971,Male,Reference Group,REQ-2026-SCM-G2,2026-02-11,Skills Academy,Application Review,Automated job-related knockout criteria not met,2.70,,,,,,,,No,No,
CAND-2026-3972,Synthetic Candidate 3972,Male,Reference Group,REQ-2026-SCM-G2,2026-02-05,Direct Career Portal,Application Review,Automated job-related knockout criteria not met,2.20,,,,,,,,No,No,
CAND-2026-3973,Synthetic Candidate 3973,Male,Reference Group,REQ-2026-SCM-G2,2026-02-12,Regional Hiring Drive,Application Review,Automated job-related knockout criteria not met,2.90,,,,,,,,No,No,
CAND-2026-3974,Synthetic Candidate 3974,Female,Focal Group,REQ-2026-SCM-G2,2026-02-06,Employee Referral,Application Review,Automated job-related knockout criteria not met,2.40,,,,,,,,No,No,
CAND-2026-3975,Synthetic Candidate 3975,Female,Focal Group,REQ-2026-SCM-G2,2026-02-13,LinkedIn Recruiter,Application Review,Automated job-related knockout criteria not met,3.10,,,,,,,,No,No,
CAND-2026-3976,Synthetic Candidate 3976,Male,Reference Group,REQ-2026-SCM-G2,2026-02-07,Skills Academy,Application Review,Automated job-related knockout criteria not met,2.60,,,,,,,,No,No,
CAND-2026-3977,Synthetic Candidate 3977,Male,Reference Group,REQ-2026-SCM-G2,2026-02-14,Direct Career Portal,Application Review,Automated job-related knockout criteria not met,3.30,,,,,,,,No,No,
CAND-2026-3978,Synthetic Candidate 3978,Male,Reference Group,REQ-2026-SCM-G2,2026-02-08,Regional Hiring Drive,Application Review,Automated job-related knockout criteria not met,2.80,,,,,,,,No,No,
CAND-2026-3979,Synthetic Candidate 3979,Female,Focal Group,REQ-2026-SCM-G2,2026-02-15,Employee Referral,Application Review,Automated job-related knockout criteria not met,2.30,,,,,,,,No,No,
CAND-2026-3980,Synthetic Candidate 3980,Female,Focal Group,REQ-2026-SCM-G2,2026-02-09,LinkedIn Recruiter,Application Review,Automated job-related knockout criteria not met,3.00,,,,,,,,No,No,
CAND-2026-3981,Synthetic Candidate 3981,Male,Reference Group,REQ-2026-SCM-G2,2026-02-16,Skills Academy,Application Review,Automated job-related knockout criteria not met,2.50,,,,,,,,No,No,
CAND-2026-3982,Synthetic Candidate 3982,Male,Reference Group,REQ-2026-SCM-G2,2026-02-10,Direct Career Portal,Application Review,Automated job-related knockout criteria not met,3.20,,,,,,,,No,No,
CAND-2026-3983,Synthetic Candidate 3983,Male,Reference Group,REQ-2026-SCM-G2,2026-02-17,Regional Hiring Drive,Application Review,Automated job-related knockout criteria not met,2.70,,,,,,,,No,No,
CAND-2026-3984,Synthetic Candidate 3984,Female,Focal Group,REQ-2026-SCM-G2,2026-02-11,Employee Referral,Application Review,Automated job-related knockout criteria not met,2.20,,,,,,,,No,No,
CAND-2026-3985,Synthetic Candidate 3985,Female,Focal Group,REQ-2026-SCM-G2,2026-02-05,LinkedIn Recruiter,Application Review,Automated job-related knockout criteria not met,2.90,,,,,,,,No,No,
CAND-2026-3986,Synthetic Candidate 3986,Male,Reference Group,REQ-2026-SCM-G2,2026-02-12,Skills Academy,Application Review,Automated job-related knockout criteria not met,2.40,,,,,,,,No,No,
CAND-2026-3987,Synthetic Candidate 3987,Male,Reference Group,REQ-2026-SCM-G2,2026-02-06,Direct Career Portal,Application Review,Automated job-related knockout criteria not met,3.10,,,,,,,,No,No,
CAND-2026-3988,Synthetic Candidate 3988,Male,Reference Group,REQ-2026-SCM-G2,2026-02-13,Regional Hiring Drive,Application Review,Automated job-related knockout criteria not met,2.60,,,,,,,,No,No,
CAND-2026-3989,Synthetic Candidate 3989,Female,Focal Group,REQ-2026-SCM-G2,2026-02-07,Employee Referral,Application Review,Automated job-related knockout criteria not met,3.30,,,,,,,,No,No,
CAND-2026-3990,Synthetic Candidate 3990,Female,Focal Group,REQ-2026-SCM-G2,2026-02-14,LinkedIn Recruiter,Application Review,Automated job-related knockout criteria not met,2.80,,,,,,,,No,No,
CAND-2026-3991,Synthetic Candidate 3991,Male,Reference Group,REQ-2026-SCM-G2,2026-02-08,Skills Academy,Application Review,Automated job-related knockout criteria not met,2.30,,,,,,,,No,No,
CAND-2026-3992,Synthetic Candidate 3992,Male,Reference Group,REQ-2026-SCM-G2,2026-02-15,Direct Career Portal,Application Review,Automated job-related knockout criteria not met,3.00,,,,,,,,No,No,
CAND-2026-3993,Synthetic Candidate 3993,Male,Reference Group,REQ-2026-SCM-G2,2026-02-09,Regional Hiring Drive,Application Review,Automated job-related knockout criteria not met,2.50,,,,,,,,No,No,
CAND-2026-3994,Synthetic Candidate 3994,Female,Focal Group,REQ-2026-SCM-G2,2026-02-16,Employee Referral,Application Review,Automated job-related knockout criteria not met,3.20,,,,,,,,No,No,
CAND-2026-3995,Synthetic Candidate 3995,Female,Focal Group,REQ-2026-SCM-G2,2026-02-10,LinkedIn Recruiter,Application Review,Automated job-related knockout criteria not met,2.70,,,,,,,,No,No,
CAND-2026-3996,Synthetic Candidate 3996,Male,Reference Group,REQ-2026-SCM-G2,2026-02-17,Skills Academy,Application Review,Automated job-related knockout criteria not met,2.20,,,,,,,,No,No,
CAND-2026-3997,Synthetic Candidate 3997,Male,Reference Group,REQ-2026-SCM-G2,2026-02-11,Direct Career Portal,Application Review,Automated job-related knockout criteria not met,2.90,,,,,,,,No,No,
CAND-2026-3998,Synthetic Candidate 3998,Male,Reference Group,REQ-2026-SCM-G2,2026-02-05,Regional Hiring Drive,Application Review,Automated job-related knockout criteria not met,2.40,,,,,,,,No,No,
CAND-2026-3999,Synthetic Candidate 3999,Female,Focal Group,REQ-2026-SCM-G2,2026-02-12,Employee Referral,Application Review,Automated job-related knockout criteria not met,3.10,,,,,,,,No,No,
CAND-2026-4000,Synthetic Candidate 4000,Female,Focal Group,REQ-2026-SCM-G2,2026-02-06,LinkedIn Recruiter,Application Review,Automated job-related knockout criteria not met,2.60,,,,,,,,No,No,
