Interview_ID,Candidate_ID,Requisition_ID,Stage_Name,Interviewer_ID,Interviewer_Role,Scheduled_Date,Feedback_Submitted_Date,Turnaround_Hours,SLA_Met,BARS_Score_1,BARS_Score_2,BARS_Score_3,BARS_Score_4,Mean_BARS_Score,Notes_Summary
INT-2026-0001,CAND-2026-0001,REQ-2026-ENG-G4,Work Sample Review,APD-INT-001,Technical Assessor,2026-01-30,2026-02-02,56.0,No,4.5,4.6,4.7,4.8,4.65,Work sample evidence recorded against the controlled scoring key
INT-2026-0002,CAND-2026-0001,REQ-2026-ENG-G4,Structured Interview A,APD-INT-002,Hiring Manager,2026-02-01,2026-02-04,63.0,No,4.5,4.6,4.7,4.8,4.65,Behavioral evidence mapped to published BARS anchors
INT-2026-0003,CAND-2026-0001,REQ-2026-ENG-G4,Structured Interview B,APD-INT-003,Cross-functional Panelist,2026-02-03,2026-02-06,70.0,No,4.5,4.6,4.7,4.8,4.65,Independent follow-up evidence locked before panel release
INT-2026-0004,CAND-2026-0001,REQ-2026-ENG-G4,Calibration Review,APD-INT-004,Talent Acquisition Partner,2026-02-05,2026-02-08,53.0,No,4.5,4.6,4.7,4.8,4.65,Composite and decision evidence reviewed in calibration
INT-2026-0005,CAND-2026-0002,REQ-2026-ENG-G4,Work Sample Review,APD-INT-005,Technical Assessor,2026-01-24,2026-01-26,30.0,Yes,4.6,4.7,4.8,4.4,4.63,Work sample evidence recorded against the controlled scoring key
INT-2026-0006,CAND-2026-0002,REQ-2026-ENG-G4,Structured Interview A,APD-INT-006,Hiring Manager,2026-01-26,2026-01-28,41.0,Yes,4.6,4.7,4.8,4.4,4.63,Behavioral evidence mapped to published BARS anchors
INT-2026-0007,CAND-2026-0002,REQ-2026-ENG-G4,Structured Interview B,APD-INT-007,Cross-functional Panelist,2026-01-28,2026-01-29,15.0,Yes,4.6,4.7,4.8,4.4,4.63,Independent follow-up evidence locked before panel release
INT-2026-0008,CAND-2026-0002,REQ-2026-ENG-G4,Calibration Review,APD-INT-008,Talent Acquisition Partner,2026-01-30,2026-02-01,26.0,Yes,4.6,4.7,4.8,4.4,4.63,Composite and decision evidence reviewed in calibration
INT-2026-0009,CAND-2026-0003,REQ-2026-ENG-G4,Work Sample Review,APD-INT-009,Technical Assessor,2026-01-31,2026-02-02,37.0,Yes,4.7,4.8,4.4,4.5,4.60,Work sample evidence recorded against the controlled scoring key
INT-2026-0010,CAND-2026-0003,REQ-2026-ENG-G4,Structured Interview A,APD-INT-010,Hiring Manager,2026-02-02,2026-02-04,48.0,Yes,4.7,4.8,4.4,4.5,4.60,Behavioral evidence mapped to published BARS anchors
INT-2026-0011,CAND-2026-0003,REQ-2026-ENG-G4,Structured Interview B,APD-INT-011,Cross-functional Panelist,2026-02-04,2026-02-05,22.0,Yes,4.7,4.8,4.4,4.5,4.60,Independent follow-up evidence locked before panel release
INT-2026-0012,CAND-2026-0003,REQ-2026-ENG-G4,Calibration Review,APD-INT-012,Talent Acquisition Partner,2026-02-06,2026-02-08,33.0,Yes,4.7,4.8,4.4,4.5,4.60,Composite and decision evidence reviewed in calibration
INT-2026-0013,CAND-2026-0004,REQ-2026-ENG-G4,Work Sample Review,APD-INT-013,Technical Assessor,2026-01-25,2026-01-27,44.0,Yes,4.5,4.6,4.7,4.8,4.65,Work sample evidence recorded against the controlled scoring key
INT-2026-0014,CAND-2026-0004,REQ-2026-ENG-G4,Structured Interview A,APD-INT-014,Hiring Manager,2026-01-27,2026-01-28,18.0,Yes,4.5,4.6,4.7,4.8,4.65,Behavioral evidence mapped to published BARS anchors
INT-2026-0015,CAND-2026-0004,REQ-2026-ENG-G4,Structured Interview B,APD-INT-015,Cross-functional Panelist,2026-01-29,2026-01-31,29.0,Yes,4.5,4.6,4.7,4.8,4.65,Independent follow-up evidence locked before panel release
INT-2026-0016,CAND-2026-0004,REQ-2026-ENG-G4,Calibration Review,APD-INT-016,Talent Acquisition Partner,2026-01-31,2026-02-02,40.0,Yes,4.5,4.6,4.7,4.8,4.65,Composite and decision evidence reviewed in calibration
INT-2026-0017,CAND-2026-0005,REQ-2026-ENG-G4,Work Sample Review,APD-INT-017,Technical Assessor,2026-02-01,2026-02-02,14.0,Yes,4.6,4.7,4.8,4.4,4.63,Work sample evidence recorded against the controlled scoring key
INT-2026-0018,CAND-2026-0005,REQ-2026-ENG-G4,Structured Interview A,APD-INT-018,Hiring Manager,2026-02-03,2026-02-05,25.0,Yes,4.6,4.7,4.8,4.4,4.63,Behavioral evidence mapped to published BARS anchors
INT-2026-0019,CAND-2026-0005,REQ-2026-ENG-G4,Structured Interview B,APD-INT-019,Cross-functional Panelist,2026-02-05,2026-02-07,36.0,Yes,4.6,4.7,4.8,4.4,4.63,Independent follow-up evidence locked before panel release
INT-2026-0020,CAND-2026-0005,REQ-2026-ENG-G4,Calibration Review,APD-INT-020,Talent Acquisition Partner,2026-02-07,2026-02-09,47.0,Yes,4.6,4.7,4.8,4.4,4.63,Composite and decision evidence reviewed in calibration
INT-2026-0021,CAND-2026-0006,REQ-2026-ENG-G4,Work Sample Review,APD-INT-021,Technical Assessor,2026-01-26,2026-01-27,21.0,Yes,4.8,4.4,4.5,4.6,4.58,Work sample evidence recorded against the controlled scoring key
INT-2026-0022,CAND-2026-0006,REQ-2026-ENG-G4,Structured Interview A,APD-INT-022,Hiring Manager,2026-01-28,2026-01-30,32.0,Yes,4.8,4.4,4.5,4.6,4.58,Behavioral evidence mapped to published BARS anchors
INT-2026-0023,CAND-2026-0006,REQ-2026-ENG-G4,Structured Interview B,APD-INT-023,Cross-functional Panelist,2026-01-30,2026-02-01,43.0,Yes,4.8,4.4,4.5,4.6,4.58,Independent follow-up evidence locked before panel release
INT-2026-0024,CAND-2026-0006,REQ-2026-ENG-G4,Calibration Review,APD-INT-024,Talent Acquisition Partner,2026-02-01,2026-02-02,17.0,Yes,4.8,4.4,4.5,4.6,4.58,Composite and decision evidence reviewed in calibration
INT-2026-0025,CAND-2026-0007,REQ-2026-ENG-G4,Work Sample Review,APD-INT-025,Technical Assessor,2026-02-02,2026-02-04,28.0,Yes,4.4,4.5,4.6,4.7,4.55,Work sample evidence recorded against the controlled scoring key
INT-2026-0026,CAND-2026-0007,REQ-2026-ENG-G4,Structured Interview A,APD-INT-026,Hiring Manager,2026-02-04,2026-02-06,39.0,Yes,4.4,4.5,4.6,4.7,4.55,Behavioral evidence mapped to published BARS anchors
INT-2026-0027,CAND-2026-0007,REQ-2026-ENG-G4,Structured Interview B,APD-INT-027,Cross-functional Panelist,2026-02-06,2026-02-07,13.0,Yes,4.4,4.5,4.6,4.7,4.55,Independent follow-up evidence locked before panel release
INT-2026-0028,CAND-2026-0007,REQ-2026-ENG-G4,Calibration Review,APD-INT-028,Talent Acquisition Partner,2026-02-08,2026-02-09,24.0,Yes,4.4,4.5,4.6,4.7,4.55,Composite and decision evidence reviewed in calibration
INT-2026-0029,CAND-2026-0008,REQ-2026-ENG-G4,Work Sample Review,APD-INT-029,Technical Assessor,2026-01-27,2026-01-29,35.0,Yes,4.5,4.6,4.7,4.8,4.65,Work sample evidence recorded against the controlled scoring key
INT-2026-0030,CAND-2026-0008,REQ-2026-ENG-G4,Structured Interview A,APD-INT-030,Hiring Manager,2026-01-29,2026-01-31,46.0,Yes,4.5,4.6,4.7,4.8,4.65,Behavioral evidence mapped to published BARS anchors
INT-2026-0031,CAND-2026-0008,REQ-2026-ENG-G4,Structured Interview B,APD-INT-031,Cross-functional Panelist,2026-01-31,2026-02-01,20.0,Yes,4.5,4.6,4.7,4.8,4.65,Independent follow-up evidence locked before panel release
INT-2026-0032,CAND-2026-0008,REQ-2026-ENG-G4,Calibration Review,APD-INT-032,Talent Acquisition Partner,2026-02-02,2026-02-04,31.0,Yes,4.5,4.6,4.7,4.8,4.65,Composite and decision evidence reviewed in calibration
INT-2026-0033,CAND-2026-0009,REQ-2026-ENG-G4,Work Sample Review,APD-INT-033,Technical Assessor,2026-02-03,2026-02-05,42.0,Yes,4.7,4.8,4.4,4.5,4.60,Work sample evidence recorded against the controlled scoring key
INT-2026-0034,CAND-2026-0009,REQ-2026-ENG-G4,Structured Interview A,APD-INT-034,Hiring Manager,2026-02-05,2026-02-06,16.0,Yes,4.7,4.8,4.4,4.5,4.60,Behavioral evidence mapped to published BARS anchors
INT-2026-0035,CAND-2026-0009,REQ-2026-ENG-G4,Structured Interview B,APD-INT-035,Cross-functional Panelist,2026-02-07,2026-02-09,27.0,Yes,4.7,4.8,4.4,4.5,4.60,Independent follow-up evidence locked before panel release
INT-2026-0036,CAND-2026-0009,REQ-2026-ENG-G4,Calibration Review,APD-INT-036,Talent Acquisition Partner,2026-02-09,2026-02-11,38.0,Yes,4.7,4.8,4.4,4.5,4.60,Composite and decision evidence reviewed in calibration
INT-2026-0037,CAND-2026-0010,REQ-2026-ENG-G4,Work Sample Review,APD-INT-037,Technical Assessor,2026-01-28,2026-01-29,12.0,Yes,4.8,4.4,4.5,4.6,4.58,Work sample evidence recorded against the controlled scoring key
INT-2026-0038,CAND-2026-0010,REQ-2026-ENG-G4,Structured Interview A,APD-INT-038,Hiring Manager,2026-01-30,2026-01-31,23.0,Yes,4.8,4.4,4.5,4.6,4.58,Behavioral evidence mapped to published BARS anchors
INT-2026-0039,CAND-2026-0010,REQ-2026-ENG-G4,Structured Interview B,APD-INT-039,Cross-functional Panelist,2026-02-01,2026-02-03,34.0,Yes,4.8,4.4,4.5,4.6,4.58,Independent follow-up evidence locked before panel release
INT-2026-0040,CAND-2026-0010,REQ-2026-ENG-G4,Calibration Review,APD-INT-040,Talent Acquisition Partner,2026-02-03,2026-02-05,45.0,Yes,4.8,4.4,4.5,4.6,4.58,Composite and decision evidence reviewed in calibration
INT-2026-0041,CAND-2026-0011,REQ-2026-ENG-G4,Work Sample Review,APD-INT-041,Technical Assessor,2026-02-04,2026-02-05,19.0,Yes,3.5,3.1,3.9,3.1,3.40,Work sample evidence recorded against the controlled scoring key
INT-2026-0042,CAND-2026-0011,REQ-2026-ENG-G4,Structured Interview A,APD-INT-042,Hiring Manager,2026-02-06,2026-02-08,30.0,Yes,3.5,3.1,3.9,3.1,3.40,Behavioral evidence mapped to published BARS anchors
INT-2026-0043,CAND-2026-0011,REQ-2026-ENG-G4,Structured Interview B,APD-INT-043,Cross-functional Panelist,2026-02-08,2026-02-10,41.0,Yes,3.5,3.1,3.9,3.1,3.40,Independent follow-up evidence locked before panel release
INT-2026-0044,CAND-2026-0011,REQ-2026-ENG-G4,Calibration Review,APD-INT-044,Talent Acquisition Partner,2026-02-10,2026-02-11,15.0,Yes,3.5,3.1,3.9,3.1,3.40,Composite and decision evidence reviewed in calibration
INT-2026-0045,CAND-2026-0012,REQ-2026-ENG-G4,Work Sample Review,APD-INT-045,Technical Assessor,2026-01-29,2026-01-31,26.0,Yes,3.8,3.6,3.6,3.3,3.58,Work sample evidence recorded against the controlled scoring key
INT-2026-0046,CAND-2026-0012,REQ-2026-ENG-G4,Structured Interview A,APD-INT-046,Hiring Manager,2026-01-31,2026-02-02,37.0,Yes,3.8,3.6,3.6,3.3,3.58,Behavioral evidence mapped to published BARS anchors
INT-2026-0047,CAND-2026-0012,REQ-2026-ENG-G4,Structured Interview B,APD-INT-047,Cross-functional Panelist,2026-02-02,2026-02-04,48.0,Yes,3.8,3.6,3.6,3.3,3.58,Independent follow-up evidence locked before panel release
INT-2026-0048,CAND-2026-0012,REQ-2026-ENG-G4,Calibration Review,APD-INT-048,Talent Acquisition Partner,2026-02-04,2026-02-05,22.0,Yes,3.8,3.6,3.6,3.3,3.58,Composite and decision evidence reviewed in calibration
INT-2026-0049,CAND-2026-0013,REQ-2026-ENG-G4,Work Sample Review,APD-INT-049,Technical Assessor,2026-01-23,2026-01-25,33.0,Yes,4.0,3.6,3.8,3.8,3.80,Work sample evidence recorded against the controlled scoring key
INT-2026-0050,CAND-2026-0013,REQ-2026-ENG-G4,Structured Interview A,APD-INT-050,Hiring Manager,2026-01-25,2026-01-27,44.0,Yes,4.0,3.6,3.8,3.8,3.80,Behavioral evidence mapped to published BARS anchors
INT-2026-0051,CAND-2026-0013,REQ-2026-ENG-G4,Structured Interview B,APD-INT-051,Cross-functional Panelist,2026-01-27,2026-01-28,18.0,Yes,4.0,3.6,3.8,3.8,3.80,Independent follow-up evidence locked before panel release
INT-2026-0052,CAND-2026-0013,REQ-2026-ENG-G4,Calibration Review,APD-INT-052,Talent Acquisition Partner,2026-01-29,2026-01-31,29.0,Yes,4.0,3.6,3.8,3.8,3.80,Composite and decision evidence reviewed in calibration
INT-2026-0053,CAND-2026-0014,REQ-2026-ENG-G4,Work Sample Review,APD-INT-053,Technical Assessor,2026-01-30,2026-02-01,40.0,Yes,3.4,3.5,4.0,3.7,3.65,Work sample evidence recorded against the controlled scoring key
INT-2026-0054,CAND-2026-0014,REQ-2026-ENG-G4,Structured Interview A,APD-INT-054,Hiring Manager,2026-02-01,2026-02-02,14.0,Yes,3.4,3.5,4.0,3.7,3.65,Behavioral evidence mapped to published BARS anchors
INT-2026-0055,CAND-2026-0014,REQ-2026-ENG-G4,Structured Interview B,APD-INT-055,Cross-functional Panelist,2026-02-03,2026-02-06,50.0,No,3.4,3.5,4.0,3.7,3.65,Independent follow-up evidence locked before panel release
INT-2026-0056,CAND-2026-0014,REQ-2026-ENG-G4,Calibration Review,APD-INT-056,Talent Acquisition Partner,2026-02-05,2026-02-08,57.0,No,3.4,3.5,4.0,3.7,3.65,Composite and decision evidence reviewed in calibration
INT-2026-0057,CAND-2026-0015,REQ-2026-ENG-G4,Work Sample Review,APD-INT-057,Technical Assessor,2026-01-24,2026-01-27,64.0,No,3.7,4.0,3.7,3.9,3.83,Work sample evidence recorded against the controlled scoring key
INT-2026-0058,CAND-2026-0015,REQ-2026-ENG-G4,Structured Interview A,APD-INT-058,Hiring Manager,2026-01-26,2026-01-29,71.0,No,3.7,4.0,3.7,3.9,3.83,Behavioral evidence mapped to published BARS anchors
INT-2026-0059,CAND-2026-0015,REQ-2026-ENG-G4,Structured Interview B,APD-INT-059,Cross-functional Panelist,2026-01-28,2026-01-30,32.0,Yes,3.7,4.0,3.7,3.9,3.83,Independent follow-up evidence locked before panel release
INT-2026-0060,CAND-2026-0015,REQ-2026-ENG-G4,Calibration Review,APD-INT-060,Talent Acquisition Partner,2026-01-30,2026-02-01,43.0,Yes,3.7,4.0,3.7,3.9,3.83,Composite and decision evidence reviewed in calibration
INT-2026-0061,CAND-2026-0016,REQ-2026-ENG-G4,Work Sample Review,APD-INT-001,Technical Assessor,2026-01-31,2026-02-01,17.0,Yes,4.0,3.4,3.4,4.1,3.73,Work sample evidence recorded against the controlled scoring key
INT-2026-0062,CAND-2026-0016,REQ-2026-ENG-G4,Structured Interview A,APD-INT-002,Hiring Manager,2026-02-02,2026-02-04,28.0,Yes,4.0,3.4,3.4,4.1,3.73,Behavioral evidence mapped to published BARS anchors
INT-2026-0063,CAND-2026-0016,REQ-2026-ENG-G4,Structured Interview B,APD-INT-003,Cross-functional Panelist,2026-02-04,2026-02-06,39.0,Yes,4.0,3.4,3.4,4.1,3.73,Independent follow-up evidence locked before panel release
INT-2026-0064,CAND-2026-0016,REQ-2026-ENG-G4,Calibration Review,APD-INT-004,Talent Acquisition Partner,2026-02-06,2026-02-07,13.0,Yes,4.0,3.4,3.4,4.1,3.73,Composite and decision evidence reviewed in calibration
INT-2026-0065,CAND-2026-0017,REQ-2026-ENG-G4,Work Sample Review,APD-INT-005,Technical Assessor,2026-01-25,2026-01-26,24.0,Yes,3.3,3.9,4.1,3.2,3.63,Work sample evidence recorded against the controlled scoring key
INT-2026-0066,CAND-2026-0017,REQ-2026-ENG-G4,Structured Interview A,APD-INT-006,Hiring Manager,2026-01-27,2026-01-29,35.0,Yes,3.3,3.9,4.1,3.2,3.63,Behavioral evidence mapped to published BARS anchors
INT-2026-0067,CAND-2026-0017,REQ-2026-ENG-G4,Structured Interview B,APD-INT-007,Cross-functional Panelist,2026-01-29,2026-01-31,46.0,Yes,3.3,3.9,4.1,3.2,3.63,Independent follow-up evidence locked before panel release
INT-2026-0068,CAND-2026-0017,REQ-2026-ENG-G4,Calibration Review,APD-INT-008,Talent Acquisition Partner,2026-01-31,2026-02-01,20.0,Yes,3.3,3.9,4.1,3.2,3.63,Composite and decision evidence reviewed in calibration
INT-2026-0069,CAND-2026-0018,REQ-2026-ENG-G4,Work Sample Review,APD-INT-009,Technical Assessor,2026-02-01,2026-02-03,31.0,Yes,3.6,3.3,3.8,3.4,3.53,Work sample evidence recorded against the controlled scoring key
INT-2026-0070,CAND-2026-0018,REQ-2026-ENG-G4,Structured Interview A,APD-INT-010,Hiring Manager,2026-02-03,2026-02-05,42.0,Yes,3.6,3.3,3.8,3.4,3.53,Behavioral evidence mapped to published BARS anchors
INT-2026-0071,CAND-2026-0018,REQ-2026-ENG-G4,Structured Interview B,APD-INT-011,Cross-functional Panelist,2026-02-05,2026-02-06,16.0,Yes,3.6,3.3,3.8,3.4,3.53,Independent follow-up evidence locked before panel release
INT-2026-0072,CAND-2026-0018,REQ-2026-ENG-G4,Calibration Review,APD-INT-012,Talent Acquisition Partner,2026-02-07,2026-02-09,27.0,Yes,3.6,3.3,3.8,3.4,3.53,Composite and decision evidence reviewed in calibration
INT-2026-0073,CAND-2026-0019,REQ-2026-ENG-G4,Work Sample Review,APD-INT-013,Technical Assessor,2026-01-26,2026-01-28,38.0,Yes,3.9,3.8,3.5,3.6,3.70,Work sample evidence recorded against the controlled scoring key
INT-2026-0074,CAND-2026-0019,REQ-2026-ENG-G4,Structured Interview A,APD-INT-014,Hiring Manager,2026-01-28,2026-01-29,12.0,Yes,3.9,3.8,3.5,3.6,3.70,Behavioral evidence mapped to published BARS anchors
INT-2026-0075,CAND-2026-0019,REQ-2026-ENG-G4,Structured Interview B,APD-INT-015,Cross-functional Panelist,2026-01-30,2026-01-31,23.0,Yes,3.9,3.8,3.5,3.6,3.70,Independent follow-up evidence locked before panel release
INT-2026-0076,CAND-2026-0019,REQ-2026-ENG-G4,Calibration Review,APD-INT-016,Talent Acquisition Partner,2026-02-01,2026-02-03,34.0,Yes,3.9,3.8,3.5,3.6,3.70,Composite and decision evidence reviewed in calibration
INT-2026-0077,CAND-2026-0020,REQ-2026-ENG-G4,Work Sample Review,APD-INT-017,Technical Assessor,2026-02-02,2026-02-04,45.0,Yes,3.2,3.2,3.2,3.8,3.35,Work sample evidence recorded against the controlled scoring key
INT-2026-0078,CAND-2026-0020,REQ-2026-ENG-G4,Structured Interview A,APD-INT-018,Hiring Manager,2026-02-04,2026-02-05,19.0,Yes,3.2,3.2,3.2,3.8,3.35,Behavioral evidence mapped to published BARS anchors
INT-2026-0079,CAND-2026-0020,REQ-2026-ENG-G4,Structured Interview B,APD-INT-019,Cross-functional Panelist,2026-02-06,2026-02-08,30.0,Yes,3.2,3.2,3.2,3.8,3.35,Independent follow-up evidence locked before panel release
INT-2026-0080,CAND-2026-0020,REQ-2026-ENG-G4,Calibration Review,APD-INT-020,Talent Acquisition Partner,2026-02-08,2026-02-10,41.0,Yes,3.2,3.2,3.2,3.8,3.35,Composite and decision evidence reviewed in calibration
INT-2026-0081,CAND-2026-0021,REQ-2026-ENG-G4,Work Sample Review,APD-INT-021,Technical Assessor,2026-01-27,2026-01-28,15.0,Yes,3.5,3.7,3.9,4.0,3.78,Work sample evidence recorded against the controlled scoring key
INT-2026-0082,CAND-2026-0021,REQ-2026-ENG-G4,Structured Interview A,APD-INT-022,Hiring Manager,2026-01-29,2026-01-31,26.0,Yes,3.5,3.7,3.9,4.0,3.78,Behavioral evidence mapped to published BARS anchors
INT-2026-0083,CAND-2026-0021,REQ-2026-ENG-G4,Structured Interview B,APD-INT-023,Cross-functional Panelist,2026-01-31,2026-02-02,37.0,Yes,3.5,3.7,3.9,4.0,3.78,Independent follow-up evidence locked before panel release
INT-2026-0084,CAND-2026-0021,REQ-2026-ENG-G4,Calibration Review,APD-INT-024,Talent Acquisition Partner,2026-02-02,2026-02-04,48.0,Yes,3.5,3.7,3.9,4.0,3.78,Composite and decision evidence reviewed in calibration
INT-2026-0085,CAND-2026-0022,REQ-2026-ENG-G4,Work Sample Review,APD-INT-025,Technical Assessor,2026-02-03,2026-02-04,22.0,Yes,3.8,3.1,3.6,3.1,3.40,Work sample evidence recorded against the controlled scoring key
INT-2026-0086,CAND-2026-0022,REQ-2026-ENG-G4,Structured Interview A,APD-INT-026,Hiring Manager,2026-02-05,2026-02-07,33.0,Yes,3.8,3.1,3.6,3.1,3.40,Behavioral evidence mapped to published BARS anchors
INT-2026-0087,CAND-2026-0022,REQ-2026-ENG-G4,Structured Interview B,APD-INT-027,Cross-functional Panelist,2026-02-07,2026-02-09,44.0,Yes,3.8,3.1,3.6,3.1,3.40,Independent follow-up evidence locked before panel release
INT-2026-0088,CAND-2026-0022,REQ-2026-ENG-G4,Calibration Review,APD-INT-028,Talent Acquisition Partner,2026-02-09,2026-02-10,18.0,Yes,3.8,3.1,3.6,3.1,3.40,Composite and decision evidence reviewed in calibration
INT-2026-0089,CAND-2026-0023,REQ-2026-ENG-G4,Work Sample Review,APD-INT-029,Technical Assessor,2026-01-28,2026-01-30,29.0,Yes,4.1,3.6,3.3,3.3,3.58,Work sample evidence recorded against the controlled scoring key
INT-2026-0090,CAND-2026-0023,REQ-2026-ENG-G4,Structured Interview A,APD-INT-030,Hiring Manager,2026-01-30,2026-02-01,40.0,Yes,4.1,3.6,3.3,3.3,3.58,Behavioral evidence mapped to published BARS anchors
INT-2026-0091,CAND-2026-0023,REQ-2026-ENG-G4,Structured Interview B,APD-INT-031,Cross-functional Panelist,2026-02-01,2026-02-02,14.0,Yes,4.1,3.6,3.3,3.3,3.58,Independent follow-up evidence locked before panel release
INT-2026-0092,CAND-2026-0023,REQ-2026-ENG-G4,Calibration Review,APD-INT-032,Talent Acquisition Partner,2026-02-03,2026-02-05,25.0,Yes,4.1,3.6,3.3,3.3,3.58,Composite and decision evidence reviewed in calibration
INT-2026-0093,CAND-2026-0024,REQ-2026-ENG-G4,Work Sample Review,APD-INT-033,Technical Assessor,2026-02-04,2026-02-06,36.0,Yes,3.4,4.1,4.0,3.5,3.75,Work sample evidence recorded against the controlled scoring key
INT-2026-0094,CAND-2026-0024,REQ-2026-ENG-G4,Structured Interview A,APD-INT-034,Hiring Manager,2026-02-06,2026-02-08,47.0,Yes,3.4,4.1,4.0,3.5,3.75,Behavioral evidence mapped to published BARS anchors
INT-2026-0095,CAND-2026-0024,REQ-2026-ENG-G4,Structured Interview B,APD-INT-035,Cross-functional Panelist,2026-02-08,2026-02-09,21.0,Yes,3.4,4.1,4.0,3.5,3.75,Independent follow-up evidence locked before panel release
INT-2026-0096,CAND-2026-0024,REQ-2026-ENG-G4,Calibration Review,APD-INT-036,Talent Acquisition Partner,2026-02-10,2026-02-12,32.0,Yes,3.4,4.1,4.0,3.5,3.75,Composite and decision evidence reviewed in calibration
INT-2026-0097,CAND-2026-0025,REQ-2026-ENG-G4,Work Sample Review,APD-INT-037,Technical Assessor,2026-01-29,2026-01-31,43.0,Yes,3.7,3.5,3.7,3.7,3.65,Work sample evidence recorded against the controlled scoring key
INT-2026-0098,CAND-2026-0025,REQ-2026-ENG-G4,Structured Interview A,APD-INT-038,Hiring Manager,2026-01-31,2026-02-01,17.0,Yes,3.7,3.5,3.7,3.7,3.65,Behavioral evidence mapped to published BARS anchors
INT-2026-0099,CAND-2026-0025,REQ-2026-ENG-G4,Structured Interview B,APD-INT-039,Cross-functional Panelist,2026-02-02,2026-02-04,28.0,Yes,3.7,3.5,3.7,3.7,3.65,Independent follow-up evidence locked before panel release
INT-2026-0100,CAND-2026-0025,REQ-2026-ENG-G4,Calibration Review,APD-INT-040,Talent Acquisition Partner,2026-02-04,2026-02-06,39.0,Yes,3.7,3.5,3.7,3.7,3.65,Composite and decision evidence reviewed in calibration
INT-2026-0101,CAND-2026-0026,REQ-2026-ENG-G4,Work Sample Review,APD-INT-041,Technical Assessor,2026-01-23,2026-01-24,13.0,Yes,4.0,4.0,3.4,3.9,3.83,Work sample evidence recorded against the controlled scoring key
INT-2026-0102,CAND-2026-0026,REQ-2026-ENG-G4,Structured Interview A,APD-INT-042,Hiring Manager,2026-01-25,2026-01-26,24.0,Yes,4.0,4.0,3.4,3.9,3.83,Behavioral evidence mapped to published BARS anchors
INT-2026-0103,CAND-2026-0026,REQ-2026-ENG-G4,Structured Interview B,APD-INT-043,Cross-functional Panelist,2026-01-27,2026-01-29,35.0,Yes,4.0,4.0,3.4,3.9,3.83,Independent follow-up evidence locked before panel release
INT-2026-0104,CAND-2026-0026,REQ-2026-ENG-G4,Calibration Review,APD-INT-044,Talent Acquisition Partner,2026-01-29,2026-01-31,46.0,Yes,4.0,4.0,3.4,3.9,3.83,Composite and decision evidence reviewed in calibration
INT-2026-0105,CAND-2026-0027,REQ-2026-ENG-G4,Work Sample Review,APD-INT-045,Technical Assessor,2026-01-30,2026-01-31,20.0,Yes,3.3,3.4,4.1,4.1,3.73,Work sample evidence recorded against the controlled scoring key
INT-2026-0106,CAND-2026-0027,REQ-2026-ENG-G4,Structured Interview A,APD-INT-046,Hiring Manager,2026-02-01,2026-02-03,31.0,Yes,3.3,3.4,4.1,4.1,3.73,Behavioral evidence mapped to published BARS anchors
INT-2026-0107,CAND-2026-0027,REQ-2026-ENG-G4,Structured Interview B,APD-INT-047,Cross-functional Panelist,2026-02-03,2026-02-05,42.0,Yes,3.3,3.4,4.1,4.1,3.73,Independent follow-up evidence locked before panel release
INT-2026-0108,CAND-2026-0027,REQ-2026-ENG-G4,Calibration Review,APD-INT-048,Talent Acquisition Partner,2026-02-05,2026-02-06,16.0,Yes,3.3,3.4,4.1,4.1,3.73,Composite and decision evidence reviewed in calibration
INT-2026-0109,CAND-2026-0028,REQ-2026-ENG-G4,Work Sample Review,APD-INT-049,Technical Assessor,2026-01-24,2026-01-27,68.0,No,3.6,3.9,3.8,3.2,3.63,Work sample evidence recorded against the controlled scoring key
INT-2026-0110,CAND-2026-0028,REQ-2026-ENG-G4,Structured Interview A,APD-INT-050,Hiring Manager,2026-01-26,2026-01-29,51.0,No,3.6,3.9,3.8,3.2,3.63,Behavioral evidence mapped to published BARS anchors
INT-2026-0111,CAND-2026-0028,REQ-2026-ENG-G4,Structured Interview B,APD-INT-051,Cross-functional Panelist,2026-01-28,2026-01-31,58.0,No,3.6,3.9,3.8,3.2,3.63,Independent follow-up evidence locked before panel release
INT-2026-0112,CAND-2026-0028,REQ-2026-ENG-G4,Calibration Review,APD-INT-052,Talent Acquisition Partner,2026-01-30,2026-02-02,65.0,No,3.6,3.9,3.8,3.2,3.63,Composite and decision evidence reviewed in calibration
INT-2026-0113,CAND-2026-0029,REQ-2026-ENG-G4,Work Sample Review,APD-INT-053,Technical Assessor,2026-01-31,2026-02-02,34.0,Yes,3.9,3.3,3.5,3.4,3.53,Work sample evidence recorded against the controlled scoring key
INT-2026-0114,CAND-2026-0029,REQ-2026-ENG-G4,Structured Interview A,APD-INT-054,Hiring Manager,2026-02-02,2026-02-04,45.0,Yes,3.9,3.3,3.5,3.4,3.53,Behavioral evidence mapped to published BARS anchors
INT-2026-0115,CAND-2026-0029,REQ-2026-ENG-G4,Structured Interview B,APD-INT-055,Cross-functional Panelist,2026-02-04,2026-02-05,19.0,Yes,3.9,3.3,3.5,3.4,3.53,Independent follow-up evidence locked before panel release
INT-2026-0116,CAND-2026-0029,REQ-2026-ENG-G4,Calibration Review,APD-INT-056,Talent Acquisition Partner,2026-02-06,2026-02-08,30.0,Yes,3.9,3.3,3.5,3.4,3.53,Composite and decision evidence reviewed in calibration
INT-2026-0117,CAND-2026-0030,REQ-2026-ENG-G4,Work Sample Review,APD-INT-057,Technical Assessor,2026-01-25,2026-01-27,41.0,Yes,3.2,3.8,3.2,3.6,3.45,Work sample evidence recorded against the controlled scoring key
INT-2026-0118,CAND-2026-0030,REQ-2026-ENG-G4,Structured Interview A,APD-INT-058,Hiring Manager,2026-01-27,2026-01-28,15.0,Yes,3.2,3.8,3.2,3.6,3.45,Behavioral evidence mapped to published BARS anchors
INT-2026-0119,CAND-2026-0030,REQ-2026-ENG-G4,Structured Interview B,APD-INT-059,Cross-functional Panelist,2026-01-29,2026-01-31,26.0,Yes,3.2,3.8,3.2,3.6,3.45,Independent follow-up evidence locked before panel release
INT-2026-0120,CAND-2026-0030,REQ-2026-ENG-G4,Calibration Review,APD-INT-060,Talent Acquisition Partner,2026-01-31,2026-02-02,37.0,Yes,3.2,3.8,3.2,3.6,3.45,Composite and decision evidence reviewed in calibration
INT-2026-0121,CAND-2026-0031,REQ-2026-ENG-G4,Work Sample Review,APD-INT-001,Technical Assessor,2026-02-01,2026-02-03,48.0,Yes,3.5,3.2,3.9,3.8,3.60,Work sample evidence recorded against the controlled scoring key
INT-2026-0122,CAND-2026-0031,REQ-2026-ENG-G4,Structured Interview A,APD-INT-002,Hiring Manager,2026-02-03,2026-02-04,22.0,Yes,3.5,3.2,3.9,3.8,3.60,Behavioral evidence mapped to published BARS anchors
INT-2026-0123,CAND-2026-0031,REQ-2026-ENG-G4,Structured Interview B,APD-INT-003,Cross-functional Panelist,2026-02-05,2026-02-07,33.0,Yes,3.5,3.2,3.9,3.8,3.60,Independent follow-up evidence locked before panel release
INT-2026-0124,CAND-2026-0031,REQ-2026-ENG-G4,Calibration Review,APD-INT-004,Talent Acquisition Partner,2026-02-07,2026-02-09,44.0,Yes,3.5,3.2,3.9,3.8,3.60,Composite and decision evidence reviewed in calibration
INT-2026-0125,CAND-2026-0032,REQ-2026-ENG-G4,Work Sample Review,APD-INT-005,Technical Assessor,2026-01-26,2026-01-27,18.0,Yes,3.8,3.7,3.6,4.0,3.78,Work sample evidence recorded against the controlled scoring key
INT-2026-0126,CAND-2026-0032,REQ-2026-ENG-G4,Structured Interview A,APD-INT-006,Hiring Manager,2026-01-28,2026-01-30,29.0,Yes,3.8,3.7,3.6,4.0,3.78,Behavioral evidence mapped to published BARS anchors
INT-2026-0127,CAND-2026-0032,REQ-2026-ENG-G4,Structured Interview B,APD-INT-007,Cross-functional Panelist,2026-01-30,2026-02-01,40.0,Yes,3.8,3.7,3.6,4.0,3.78,Independent follow-up evidence locked before panel release
INT-2026-0128,CAND-2026-0032,REQ-2026-ENG-G4,Calibration Review,APD-INT-008,Talent Acquisition Partner,2026-02-01,2026-02-02,14.0,Yes,3.8,3.7,3.6,4.0,3.78,Composite and decision evidence reviewed in calibration
INT-2026-0129,CAND-2026-0033,REQ-2026-ENG-G4,Work Sample Review,APD-INT-009,Technical Assessor,2026-02-02,2026-02-04,25.0,Yes,4.1,3.1,3.3,3.1,3.40,Work sample evidence recorded against the controlled scoring key
INT-2026-0130,CAND-2026-0033,REQ-2026-ENG-G4,Structured Interview A,APD-INT-010,Hiring Manager,2026-02-04,2026-02-06,36.0,Yes,4.1,3.1,3.3,3.1,3.40,Behavioral evidence mapped to published BARS anchors
INT-2026-0131,CAND-2026-0033,REQ-2026-ENG-G4,Structured Interview B,APD-INT-011,Cross-functional Panelist,2026-02-06,2026-02-08,47.0,Yes,4.1,3.1,3.3,3.1,3.40,Independent follow-up evidence locked before panel release
INT-2026-0132,CAND-2026-0033,REQ-2026-ENG-G4,Calibration Review,APD-INT-012,Talent Acquisition Partner,2026-02-08,2026-02-09,21.0,Yes,4.1,3.1,3.3,3.1,3.40,Composite and decision evidence reviewed in calibration
INT-2026-0133,CAND-2026-0034,REQ-2026-ENG-G4,Work Sample Review,APD-INT-013,Technical Assessor,2026-01-27,2026-01-29,32.0,Yes,3.4,3.6,4.0,3.3,3.58,Work sample evidence recorded against the controlled scoring key
INT-2026-0134,CAND-2026-0034,REQ-2026-ENG-G4,Structured Interview A,APD-INT-014,Hiring Manager,2026-01-29,2026-01-31,43.0,Yes,3.4,3.6,4.0,3.3,3.58,Behavioral evidence mapped to published BARS anchors
INT-2026-0135,CAND-2026-0034,REQ-2026-ENG-G4,Structured Interview B,APD-INT-015,Cross-functional Panelist,2026-01-31,2026-02-01,17.0,Yes,3.4,3.6,4.0,3.3,3.58,Independent follow-up evidence locked before panel release
INT-2026-0136,CAND-2026-0034,REQ-2026-ENG-G4,Calibration Review,APD-INT-016,Talent Acquisition Partner,2026-02-02,2026-02-04,28.0,Yes,3.4,3.6,4.0,3.3,3.58,Composite and decision evidence reviewed in calibration
INT-2026-0137,CAND-2026-0035,REQ-2026-ENG-G4,Work Sample Review,APD-INT-017,Technical Assessor,2026-02-03,2026-02-05,39.0,Yes,3.7,4.1,3.7,3.5,3.75,Work sample evidence recorded against the controlled scoring key
INT-2026-0138,CAND-2026-0035,REQ-2026-ENG-G4,Structured Interview A,APD-INT-018,Hiring Manager,2026-02-05,2026-02-06,13.0,Yes,3.7,4.1,3.7,3.5,3.75,Behavioral evidence mapped to published BARS anchors
INT-2026-0139,CAND-2026-0035,REQ-2026-ENG-G4,Structured Interview B,APD-INT-019,Cross-functional Panelist,2026-02-07,2026-02-08,24.0,Yes,3.7,4.1,3.7,3.5,3.75,Independent follow-up evidence locked before panel release
INT-2026-0140,CAND-2026-0035,REQ-2026-ENG-G4,Calibration Review,APD-INT-020,Talent Acquisition Partner,2026-02-09,2026-02-11,35.0,Yes,3.7,4.1,3.7,3.5,3.75,Composite and decision evidence reviewed in calibration
INT-2026-0141,CAND-2026-0036,REQ-2026-ENG-G4,Work Sample Review,APD-INT-021,Technical Assessor,2026-01-28,2026-01-30,46.0,Yes,4.0,3.5,3.4,3.7,3.65,Work sample evidence recorded against the controlled scoring key
INT-2026-0142,CAND-2026-0036,REQ-2026-ENG-G4,Structured Interview A,APD-INT-022,Hiring Manager,2026-01-30,2026-01-31,20.0,Yes,4.0,3.5,3.4,3.7,3.65,Behavioral evidence mapped to published BARS anchors
INT-2026-0143,CAND-2026-0036,REQ-2026-ENG-G4,Structured Interview B,APD-INT-023,Cross-functional Panelist,2026-02-01,2026-02-03,31.0,Yes,4.0,3.5,3.4,3.7,3.65,Independent follow-up evidence locked before panel release
INT-2026-0144,CAND-2026-0036,REQ-2026-ENG-G4,Calibration Review,APD-INT-024,Talent Acquisition Partner,2026-02-03,2026-02-05,42.0,Yes,4.0,3.5,3.4,3.7,3.65,Composite and decision evidence reviewed in calibration
INT-2026-0145,CAND-2026-0037,REQ-2026-ENG-G4,Work Sample Review,APD-INT-025,Technical Assessor,2026-02-04,2026-02-05,16.0,Yes,3.3,4.0,4.1,3.9,3.83,Work sample evidence recorded against the controlled scoring key
INT-2026-0146,CAND-2026-0037,REQ-2026-ENG-G4,Structured Interview A,APD-INT-026,Hiring Manager,2026-02-06,2026-02-08,27.0,Yes,3.3,4.0,4.1,3.9,3.83,Behavioral evidence mapped to published BARS anchors
INT-2026-0147,CAND-2026-0037,REQ-2026-ENG-G4,Structured Interview B,APD-INT-027,Cross-functional Panelist,2026-02-08,2026-02-10,38.0,Yes,3.3,4.0,4.1,3.9,3.83,Independent follow-up evidence locked before panel release
INT-2026-0148,CAND-2026-0037,REQ-2026-ENG-G4,Calibration Review,APD-INT-028,Talent Acquisition Partner,2026-02-10,2026-02-11,12.0,Yes,3.3,4.0,4.1,3.9,3.83,Composite and decision evidence reviewed in calibration
INT-2026-0149,CAND-2026-0038,REQ-2026-ENG-G4,Work Sample Review,APD-INT-029,Technical Assessor,2026-01-29,2026-01-30,23.0,Yes,3.6,3.4,3.8,4.1,3.73,Work sample evidence recorded against the controlled scoring key
INT-2026-0150,CAND-2026-0038,REQ-2026-ENG-G4,Structured Interview A,APD-INT-030,Hiring Manager,2026-01-31,2026-02-02,34.0,Yes,3.6,3.4,3.8,4.1,3.73,Behavioral evidence mapped to published BARS anchors
INT-2026-0151,CAND-2026-0038,REQ-2026-ENG-G4,Structured Interview B,APD-INT-031,Cross-functional Panelist,2026-02-02,2026-02-04,45.0,Yes,3.6,3.4,3.8,4.1,3.73,Independent follow-up evidence locked before panel release
INT-2026-0152,CAND-2026-0038,REQ-2026-ENG-G4,Calibration Review,APD-INT-032,Talent Acquisition Partner,2026-02-04,2026-02-05,19.0,Yes,3.6,3.4,3.8,4.1,3.73,Composite and decision evidence reviewed in calibration
INT-2026-0153,CAND-2026-0039,REQ-2026-ENG-G4,Work Sample Review,APD-INT-033,Technical Assessor,2026-01-23,2026-01-25,30.0,Yes,3.9,3.9,3.5,3.2,3.63,Work sample evidence recorded against the controlled scoring key
INT-2026-0154,CAND-2026-0039,REQ-2026-ENG-G4,Structured Interview A,APD-INT-034,Hiring Manager,2026-01-25,2026-01-27,41.0,Yes,3.9,3.9,3.5,3.2,3.63,Behavioral evidence mapped to published BARS anchors
INT-2026-0155,CAND-2026-0039,REQ-2026-ENG-G4,Structured Interview B,APD-INT-035,Cross-functional Panelist,2026-01-27,2026-01-28,15.0,Yes,3.9,3.9,3.5,3.2,3.63,Independent follow-up evidence locked before panel release
INT-2026-0156,CAND-2026-0039,REQ-2026-ENG-G4,Calibration Review,APD-INT-036,Talent Acquisition Partner,2026-01-29,2026-01-31,26.0,Yes,3.9,3.9,3.5,3.2,3.63,Composite and decision evidence reviewed in calibration
INT-2026-0157,CAND-2026-0040,REQ-2026-ENG-G4,Work Sample Review,APD-INT-037,Technical Assessor,2026-01-30,2026-02-01,37.0,Yes,3.2,3.3,3.2,3.4,3.28,Work sample evidence recorded against the controlled scoring key
INT-2026-0158,CAND-2026-0040,REQ-2026-ENG-G4,Structured Interview A,APD-INT-038,Hiring Manager,2026-02-01,2026-02-03,48.0,Yes,3.2,3.3,3.2,3.4,3.28,Behavioral evidence mapped to published BARS anchors
INT-2026-0159,CAND-2026-0040,REQ-2026-ENG-G4,Structured Interview B,APD-INT-039,Cross-functional Panelist,2026-02-03,2026-02-04,22.0,Yes,3.2,3.3,3.2,3.4,3.28,Independent follow-up evidence locked before panel release
INT-2026-0160,CAND-2026-0040,REQ-2026-ENG-G4,Calibration Review,APD-INT-040,Talent Acquisition Partner,2026-02-05,2026-02-07,33.0,Yes,3.2,3.3,3.2,3.4,3.28,Composite and decision evidence reviewed in calibration
INT-2026-0161,CAND-2026-0041,REQ-2026-ENG-G4,Work Sample Review,APD-INT-041,Technical Assessor,2026-01-24,2026-01-26,44.0,Yes,3.5,3.8,3.9,3.6,3.70,Work sample evidence recorded against the controlled scoring key
INT-2026-0162,CAND-2026-0041,REQ-2026-ENG-G4,Structured Interview A,APD-INT-042,Hiring Manager,2026-01-26,2026-01-27,18.0,Yes,3.5,3.8,3.9,3.6,3.70,Behavioral evidence mapped to published BARS anchors
INT-2026-0163,CAND-2026-0041,REQ-2026-ENG-G4,Structured Interview B,APD-INT-043,Cross-functional Panelist,2026-01-28,2026-01-31,62.0,No,3.5,3.8,3.9,3.6,3.70,Independent follow-up evidence locked before panel release
INT-2026-0164,CAND-2026-0041,REQ-2026-ENG-G4,Calibration Review,APD-INT-044,Talent Acquisition Partner,2026-01-30,2026-02-02,69.0,No,3.5,3.8,3.9,3.6,3.70,Composite and decision evidence reviewed in calibration
INT-2026-0165,CAND-2026-0042,REQ-2026-ENG-G4,Work Sample Review,APD-INT-045,Technical Assessor,2026-01-31,2026-02-03,52.0,No,3.8,3.2,3.6,3.8,3.60,Work sample evidence recorded against the controlled scoring key
INT-2026-0166,CAND-2026-0042,REQ-2026-ENG-G4,Structured Interview A,APD-INT-046,Hiring Manager,2026-02-02,2026-02-05,59.0,No,3.8,3.2,3.6,3.8,3.60,Behavioral evidence mapped to published BARS anchors
INT-2026-0167,CAND-2026-0042,REQ-2026-ENG-G4,Structured Interview B,APD-INT-047,Cross-functional Panelist,2026-02-04,2026-02-06,36.0,Yes,3.8,3.2,3.6,3.8,3.60,Independent follow-up evidence locked before panel release
INT-2026-0168,CAND-2026-0042,REQ-2026-ENG-G4,Calibration Review,APD-INT-048,Talent Acquisition Partner,2026-02-06,2026-02-08,47.0,Yes,3.8,3.2,3.6,3.8,3.60,Composite and decision evidence reviewed in calibration
INT-2026-0169,CAND-2026-0043,REQ-2026-ENG-G4,Work Sample Review,APD-INT-049,Technical Assessor,2026-01-25,2026-01-26,21.0,Yes,4.1,3.7,3.3,4.0,3.78,Work sample evidence recorded against the controlled scoring key
INT-2026-0170,CAND-2026-0043,REQ-2026-ENG-G4,Structured Interview A,APD-INT-050,Hiring Manager,2026-01-27,2026-01-29,32.0,Yes,4.1,3.7,3.3,4.0,3.78,Behavioral evidence mapped to published BARS anchors
INT-2026-0171,CAND-2026-0043,REQ-2026-ENG-G4,Structured Interview B,APD-INT-051,Cross-functional Panelist,2026-01-29,2026-01-31,43.0,Yes,4.1,3.7,3.3,4.0,3.78,Independent follow-up evidence locked before panel release
INT-2026-0172,CAND-2026-0043,REQ-2026-ENG-G4,Calibration Review,APD-INT-052,Talent Acquisition Partner,2026-01-31,2026-02-01,17.0,Yes,4.1,3.7,3.3,4.0,3.78,Composite and decision evidence reviewed in calibration
INT-2026-0173,CAND-2026-0044,REQ-2026-ENG-G4,Work Sample Review,APD-INT-053,Technical Assessor,2026-02-01,2026-02-03,28.0,Yes,3.4,3.1,4.0,3.1,3.40,Work sample evidence recorded against the controlled scoring key
INT-2026-0174,CAND-2026-0044,REQ-2026-ENG-G4,Structured Interview A,APD-INT-054,Hiring Manager,2026-02-03,2026-02-05,39.0,Yes,3.4,3.1,4.0,3.1,3.40,Behavioral evidence mapped to published BARS anchors
INT-2026-0175,CAND-2026-0044,REQ-2026-ENG-G4,Structured Interview B,APD-INT-055,Cross-functional Panelist,2026-02-05,2026-02-06,13.0,Yes,3.4,3.1,4.0,3.1,3.40,Independent follow-up evidence locked before panel release
INT-2026-0176,CAND-2026-0044,REQ-2026-ENG-G4,Calibration Review,APD-INT-056,Talent Acquisition Partner,2026-02-07,2026-02-08,24.0,Yes,3.4,3.1,4.0,3.1,3.40,Composite and decision evidence reviewed in calibration
INT-2026-0177,CAND-2026-0045,REQ-2026-ENG-G4,Work Sample Review,APD-INT-057,Technical Assessor,2026-01-26,2026-01-28,35.0,Yes,3.7,3.6,3.7,3.3,3.58,Work sample evidence recorded against the controlled scoring key
INT-2026-0178,CAND-2026-0045,REQ-2026-ENG-G4,Structured Interview A,APD-INT-058,Hiring Manager,2026-01-28,2026-01-30,46.0,Yes,3.7,3.6,3.7,3.3,3.58,Behavioral evidence mapped to published BARS anchors
INT-2026-0179,CAND-2026-0045,REQ-2026-ENG-G4,Structured Interview B,APD-INT-059,Cross-functional Panelist,2026-01-30,2026-01-31,20.0,Yes,3.7,3.6,3.7,3.3,3.58,Independent follow-up evidence locked before panel release
INT-2026-0180,CAND-2026-0045,REQ-2026-ENG-G4,Calibration Review,APD-INT-060,Talent Acquisition Partner,2026-02-01,2026-02-03,31.0,Yes,3.7,3.6,3.7,3.3,3.58,Composite and decision evidence reviewed in calibration
INT-2026-0181,CAND-2026-0046,REQ-2026-ENG-G4,Work Sample Review,APD-INT-001,Technical Assessor,2026-02-02,2026-02-04,42.0,Yes,4.0,4.1,3.4,3.5,3.75,Work sample evidence recorded against the controlled scoring key
INT-2026-0182,CAND-2026-0046,REQ-2026-ENG-G4,Structured Interview A,APD-INT-002,Hiring Manager,2026-02-04,2026-02-05,16.0,Yes,4.0,4.1,3.4,3.5,3.75,Behavioral evidence mapped to published BARS anchors
INT-2026-0183,CAND-2026-0046,REQ-2026-ENG-G4,Structured Interview B,APD-INT-003,Cross-functional Panelist,2026-02-06,2026-02-08,27.0,Yes,4.0,4.1,3.4,3.5,3.75,Independent follow-up evidence locked before panel release
INT-2026-0184,CAND-2026-0046,REQ-2026-ENG-G4,Calibration Review,APD-INT-004,Talent Acquisition Partner,2026-02-08,2026-02-10,38.0,Yes,4.0,4.1,3.4,3.5,3.75,Composite and decision evidence reviewed in calibration
INT-2026-0185,CAND-2026-0047,REQ-2026-ENG-G4,Work Sample Review,APD-INT-005,Technical Assessor,2026-01-27,2026-01-28,12.0,Yes,3.3,3.5,4.1,3.7,3.65,Work sample evidence recorded against the controlled scoring key
INT-2026-0186,CAND-2026-0047,REQ-2026-ENG-G4,Structured Interview A,APD-INT-006,Hiring Manager,2026-01-29,2026-01-30,23.0,Yes,3.3,3.5,4.1,3.7,3.65,Behavioral evidence mapped to published BARS anchors
INT-2026-0187,CAND-2026-0047,REQ-2026-ENG-G4,Structured Interview B,APD-INT-007,Cross-functional Panelist,2026-01-31,2026-02-02,34.0,Yes,3.3,3.5,4.1,3.7,3.65,Independent follow-up evidence locked before panel release
INT-2026-0188,CAND-2026-0047,REQ-2026-ENG-G4,Calibration Review,APD-INT-008,Talent Acquisition Partner,2026-02-02,2026-02-04,45.0,Yes,3.3,3.5,4.1,3.7,3.65,Composite and decision evidence reviewed in calibration
INT-2026-0189,CAND-2026-0048,REQ-2026-ENG-G4,Work Sample Review,APD-INT-009,Technical Assessor,2026-02-03,2026-02-04,19.0,Yes,3.6,4.0,3.8,3.9,3.83,Work sample evidence recorded against the controlled scoring key
INT-2026-0190,CAND-2026-0048,REQ-2026-ENG-G4,Structured Interview A,APD-INT-010,Hiring Manager,2026-02-05,2026-02-07,30.0,Yes,3.6,4.0,3.8,3.9,3.83,Behavioral evidence mapped to published BARS anchors
INT-2026-0191,CAND-2026-0048,REQ-2026-ENG-G4,Structured Interview B,APD-INT-011,Cross-functional Panelist,2026-02-07,2026-02-09,41.0,Yes,3.6,4.0,3.8,3.9,3.83,Independent follow-up evidence locked before panel release
INT-2026-0192,CAND-2026-0048,REQ-2026-ENG-G4,Calibration Review,APD-INT-012,Talent Acquisition Partner,2026-02-09,2026-02-10,15.0,Yes,3.6,4.0,3.8,3.9,3.83,Composite and decision evidence reviewed in calibration
INT-2026-0193,CAND-2026-0049,REQ-2026-ENG-G4,Work Sample Review,APD-INT-013,Technical Assessor,2026-01-28,2026-01-30,26.0,Yes,3.9,3.4,3.5,4.1,3.73,Work sample evidence recorded against the controlled scoring key
INT-2026-0194,CAND-2026-0049,REQ-2026-ENG-G4,Structured Interview A,APD-INT-014,Hiring Manager,2026-01-30,2026-02-01,37.0,Yes,3.9,3.4,3.5,4.1,3.73,Behavioral evidence mapped to published BARS anchors
INT-2026-0195,CAND-2026-0049,REQ-2026-ENG-G4,Structured Interview B,APD-INT-015,Cross-functional Panelist,2026-02-01,2026-02-03,48.0,Yes,3.9,3.4,3.5,4.1,3.73,Independent follow-up evidence locked before panel release
INT-2026-0196,CAND-2026-0049,REQ-2026-ENG-G4,Calibration Review,APD-INT-016,Talent Acquisition Partner,2026-02-03,2026-02-04,22.0,Yes,3.9,3.4,3.5,4.1,3.73,Composite and decision evidence reviewed in calibration
INT-2026-0197,CAND-2026-0050,REQ-2026-ENG-G4,Work Sample Review,APD-INT-017,Technical Assessor,2026-02-04,2026-02-06,33.0,Yes,3.2,3.9,3.2,3.2,3.38,Work sample evidence recorded against the controlled scoring key
INT-2026-0198,CAND-2026-0050,REQ-2026-ENG-G4,Structured Interview A,APD-INT-018,Hiring Manager,2026-02-06,2026-02-08,44.0,Yes,3.2,3.9,3.2,3.2,3.38,Behavioral evidence mapped to published BARS anchors
INT-2026-0199,CAND-2026-0050,REQ-2026-ENG-G4,Structured Interview B,APD-INT-019,Cross-functional Panelist,2026-02-08,2026-02-09,18.0,Yes,3.2,3.9,3.2,3.2,3.38,Independent follow-up evidence locked before panel release
INT-2026-0200,CAND-2026-0050,REQ-2026-ENG-G4,Calibration Review,APD-INT-020,Talent Acquisition Partner,2026-02-10,2026-02-12,29.0,Yes,3.2,3.9,3.2,3.2,3.38,Composite and decision evidence reviewed in calibration
INT-2026-0201,CAND-2026-0051,REQ-2026-ENG-G4,Work Sample Review,APD-INT-021,Technical Assessor,2026-01-29,2026-01-31,40.0,Yes,3.5,3.3,3.9,3.4,3.53,Work sample evidence recorded against the controlled scoring key
INT-2026-0202,CAND-2026-0051,REQ-2026-ENG-G4,Structured Interview A,APD-INT-022,Hiring Manager,2026-01-31,2026-02-01,14.0,Yes,3.5,3.3,3.9,3.4,3.53,Behavioral evidence mapped to published BARS anchors
INT-2026-0203,CAND-2026-0051,REQ-2026-ENG-G4,Structured Interview B,APD-INT-023,Cross-functional Panelist,2026-02-02,2026-02-04,25.0,Yes,3.5,3.3,3.9,3.4,3.53,Independent follow-up evidence locked before panel release
INT-2026-0204,CAND-2026-0051,REQ-2026-ENG-G4,Calibration Review,APD-INT-024,Talent Acquisition Partner,2026-02-04,2026-02-06,36.0,Yes,3.5,3.3,3.9,3.4,3.53,Composite and decision evidence reviewed in calibration
INT-2026-0205,CAND-2026-0052,REQ-2026-ENG-G4,Work Sample Review,APD-INT-025,Technical Assessor,2026-01-23,2026-01-25,47.0,Yes,3.8,3.8,3.6,3.6,3.70,Work sample evidence recorded against the controlled scoring key
INT-2026-0206,CAND-2026-0052,REQ-2026-ENG-G4,Structured Interview A,APD-INT-026,Hiring Manager,2026-01-25,2026-01-26,21.0,Yes,3.8,3.8,3.6,3.6,3.70,Behavioral evidence mapped to published BARS anchors
INT-2026-0207,CAND-2026-0052,REQ-2026-ENG-G4,Structured Interview B,APD-INT-027,Cross-functional Panelist,2026-01-27,2026-01-29,32.0,Yes,3.8,3.8,3.6,3.6,3.70,Independent follow-up evidence locked before panel release
INT-2026-0208,CAND-2026-0052,REQ-2026-ENG-G4,Calibration Review,APD-INT-028,Talent Acquisition Partner,2026-01-29,2026-01-31,43.0,Yes,3.8,3.8,3.6,3.6,3.70,Composite and decision evidence reviewed in calibration
INT-2026-0209,CAND-2026-0053,REQ-2026-ENG-G4,Work Sample Review,APD-INT-029,Technical Assessor,2026-01-30,2026-01-31,17.0,Yes,4.1,3.2,3.3,3.8,3.60,Work sample evidence recorded against the controlled scoring key
INT-2026-0210,CAND-2026-0053,REQ-2026-ENG-G4,Structured Interview A,APD-INT-030,Hiring Manager,2026-02-01,2026-02-03,28.0,Yes,4.1,3.2,3.3,3.8,3.60,Behavioral evidence mapped to published BARS anchors
INT-2026-0211,CAND-2026-0053,REQ-2026-ENG-G4,Structured Interview B,APD-INT-031,Cross-functional Panelist,2026-02-03,2026-02-05,39.0,Yes,4.1,3.2,3.3,3.8,3.60,Independent follow-up evidence locked before panel release
INT-2026-0212,CAND-2026-0053,REQ-2026-ENG-G4,Calibration Review,APD-INT-032,Talent Acquisition Partner,2026-02-05,2026-02-06,13.0,Yes,4.1,3.2,3.3,3.8,3.60,Composite and decision evidence reviewed in calibration
INT-2026-0213,CAND-2026-0054,REQ-2026-ENG-G4,Work Sample Review,APD-INT-033,Technical Assessor,2026-01-24,2026-01-25,24.0,Yes,3.4,3.7,4.0,4.0,3.78,Work sample evidence recorded against the controlled scoring key
INT-2026-0214,CAND-2026-0054,REQ-2026-ENG-G4,Structured Interview A,APD-INT-034,Hiring Manager,2026-01-26,2026-01-28,35.0,Yes,3.4,3.7,4.0,4.0,3.78,Behavioral evidence mapped to published BARS anchors
INT-2026-0215,CAND-2026-0054,REQ-2026-ENG-G4,Structured Interview B,APD-INT-035,Cross-functional Panelist,2026-01-28,2026-01-30,46.0,Yes,3.4,3.7,4.0,4.0,3.78,Independent follow-up evidence locked before panel release
INT-2026-0216,CAND-2026-0054,REQ-2026-ENG-G4,Calibration Review,APD-INT-036,Talent Acquisition Partner,2026-01-30,2026-01-31,20.0,Yes,3.4,3.7,4.0,4.0,3.78,Composite and decision evidence reviewed in calibration
INT-2026-0217,CAND-2026-0055,REQ-2026-ENG-G4,Work Sample Review,APD-INT-037,Technical Assessor,2026-01-31,2026-02-03,56.0,No,3.7,3.1,3.7,3.1,3.40,Work sample evidence recorded against the controlled scoring key
INT-2026-0218,CAND-2026-0055,REQ-2026-ENG-G4,Structured Interview A,APD-INT-038,Hiring Manager,2026-02-02,2026-02-05,63.0,No,3.7,3.1,3.7,3.1,3.40,Behavioral evidence mapped to published BARS anchors
INT-2026-0219,CAND-2026-0055,REQ-2026-ENG-G4,Structured Interview B,APD-INT-039,Cross-functional Panelist,2026-02-04,2026-02-07,70.0,No,3.7,3.1,3.7,3.1,3.40,Independent follow-up evidence locked before panel release
INT-2026-0220,CAND-2026-0055,REQ-2026-ENG-G4,Calibration Review,APD-INT-040,Talent Acquisition Partner,2026-02-06,2026-02-09,53.0,No,3.7,3.1,3.7,3.1,3.40,Composite and decision evidence reviewed in calibration
INT-2026-0221,CAND-2026-0056,REQ-2026-ENG-G4,Work Sample Review,APD-INT-041,Technical Assessor,2026-01-25,2026-01-27,38.0,Yes,4.0,3.6,3.4,3.3,3.58,Work sample evidence recorded against the controlled scoring key
INT-2026-0222,CAND-2026-0056,REQ-2026-ENG-G4,Structured Interview A,APD-INT-042,Hiring Manager,2026-01-27,2026-01-28,12.0,Yes,4.0,3.6,3.4,3.3,3.58,Behavioral evidence mapped to published BARS anchors
INT-2026-0223,CAND-2026-0056,REQ-2026-ENG-G4,Structured Interview B,APD-INT-043,Cross-functional Panelist,2026-01-29,2026-01-30,23.0,Yes,4.0,3.6,3.4,3.3,3.58,Independent follow-up evidence locked before panel release
INT-2026-0224,CAND-2026-0056,REQ-2026-ENG-G4,Calibration Review,APD-INT-044,Talent Acquisition Partner,2026-01-31,2026-02-02,34.0,Yes,4.0,3.6,3.4,3.3,3.58,Composite and decision evidence reviewed in calibration
INT-2026-0225,CAND-2026-0057,REQ-2026-ENG-G4,Work Sample Review,APD-INT-045,Technical Assessor,2026-02-01,2026-02-03,45.0,Yes,3.3,4.1,4.1,3.5,3.75,Work sample evidence recorded against the controlled scoring key
INT-2026-0226,CAND-2026-0057,REQ-2026-ENG-G4,Structured Interview A,APD-INT-046,Hiring Manager,2026-02-03,2026-02-04,19.0,Yes,3.3,4.1,4.1,3.5,3.75,Behavioral evidence mapped to published BARS anchors
INT-2026-0227,CAND-2026-0057,REQ-2026-ENG-G4,Structured Interview B,APD-INT-047,Cross-functional Panelist,2026-02-05,2026-02-07,30.0,Yes,3.3,4.1,4.1,3.5,3.75,Independent follow-up evidence locked before panel release
INT-2026-0228,CAND-2026-0057,REQ-2026-ENG-G4,Calibration Review,APD-INT-048,Talent Acquisition Partner,2026-02-07,2026-02-09,41.0,Yes,3.3,4.1,4.1,3.5,3.75,Composite and decision evidence reviewed in calibration
INT-2026-0229,CAND-2026-0058,REQ-2026-ENG-G4,Work Sample Review,APD-INT-049,Technical Assessor,2026-01-26,2026-01-27,15.0,Yes,3.6,3.5,3.8,3.7,3.65,Work sample evidence recorded against the controlled scoring key
INT-2026-0230,CAND-2026-0058,REQ-2026-ENG-G4,Structured Interview A,APD-INT-050,Hiring Manager,2026-01-28,2026-01-30,26.0,Yes,3.6,3.5,3.8,3.7,3.65,Behavioral evidence mapped to published BARS anchors
INT-2026-0231,CAND-2026-0058,REQ-2026-ENG-G4,Structured Interview B,APD-INT-051,Cross-functional Panelist,2026-01-30,2026-02-01,37.0,Yes,3.6,3.5,3.8,3.7,3.65,Independent follow-up evidence locked before panel release
INT-2026-0232,CAND-2026-0058,REQ-2026-ENG-G4,Calibration Review,APD-INT-052,Talent Acquisition Partner,2026-02-01,2026-02-03,48.0,Yes,3.6,3.5,3.8,3.7,3.65,Composite and decision evidence reviewed in calibration
INT-2026-0233,CAND-2026-0059,REQ-2026-ENG-G4,Work Sample Review,APD-INT-053,Technical Assessor,2026-02-02,2026-02-03,22.0,Yes,3.9,4.0,3.5,3.9,3.83,Work sample evidence recorded against the controlled scoring key
INT-2026-0234,CAND-2026-0059,REQ-2026-ENG-G4,Structured Interview A,APD-INT-054,Hiring Manager,2026-02-04,2026-02-06,33.0,Yes,3.9,4.0,3.5,3.9,3.83,Behavioral evidence mapped to published BARS anchors
INT-2026-0235,CAND-2026-0059,REQ-2026-ENG-G4,Structured Interview B,APD-INT-055,Cross-functional Panelist,2026-02-06,2026-02-08,44.0,Yes,3.9,4.0,3.5,3.9,3.83,Independent follow-up evidence locked before panel release
INT-2026-0236,CAND-2026-0059,REQ-2026-ENG-G4,Calibration Review,APD-INT-056,Talent Acquisition Partner,2026-02-08,2026-02-09,18.0,Yes,3.9,4.0,3.5,3.9,3.83,Composite and decision evidence reviewed in calibration
INT-2026-0237,CAND-2026-0060,REQ-2026-ENG-G4,Work Sample Review,APD-INT-057,Technical Assessor,2026-01-27,2026-01-29,29.0,Yes,3.2,3.4,3.2,4.1,3.48,Work sample evidence recorded against the controlled scoring key
INT-2026-0238,CAND-2026-0060,REQ-2026-ENG-G4,Structured Interview A,APD-INT-058,Hiring Manager,2026-01-29,2026-01-31,40.0,Yes,3.2,3.4,3.2,4.1,3.48,Behavioral evidence mapped to published BARS anchors
INT-2026-0239,CAND-2026-0060,REQ-2026-ENG-G4,Structured Interview B,APD-INT-059,Cross-functional Panelist,2026-01-31,2026-02-01,14.0,Yes,3.2,3.4,3.2,4.1,3.48,Independent follow-up evidence locked before panel release
INT-2026-0240,CAND-2026-0060,REQ-2026-ENG-G4,Calibration Review,APD-INT-060,Talent Acquisition Partner,2026-02-02,2026-02-04,25.0,Yes,3.2,3.4,3.2,4.1,3.48,Composite and decision evidence reviewed in calibration
INT-2026-0241,CAND-2026-0061,REQ-2026-ENG-G4,Work Sample Review,APD-INT-001,Technical Assessor,2026-02-03,2026-02-05,36.0,Yes,3.5,3.9,3.9,3.2,3.63,Work sample evidence recorded against the controlled scoring key
INT-2026-0242,CAND-2026-0061,REQ-2026-ENG-G4,Structured Interview A,APD-INT-002,Hiring Manager,2026-02-05,2026-02-07,47.0,Yes,3.5,3.9,3.9,3.2,3.63,Behavioral evidence mapped to published BARS anchors
INT-2026-0243,CAND-2026-0061,REQ-2026-ENG-G4,Structured Interview B,APD-INT-003,Cross-functional Panelist,2026-02-07,2026-02-08,21.0,Yes,3.5,3.9,3.9,3.2,3.63,Independent follow-up evidence locked before panel release
INT-2026-0244,CAND-2026-0061,REQ-2026-ENG-G4,Calibration Review,APD-INT-004,Talent Acquisition Partner,2026-02-09,2026-02-11,32.0,Yes,3.5,3.9,3.9,3.2,3.63,Composite and decision evidence reviewed in calibration
INT-2026-0245,CAND-2026-0062,REQ-2026-ENG-G4,Work Sample Review,APD-INT-005,Technical Assessor,2026-01-28,2026-01-30,43.0,Yes,3.8,3.3,3.6,3.4,3.53,Work sample evidence recorded against the controlled scoring key
INT-2026-0246,CAND-2026-0062,REQ-2026-ENG-G4,Structured Interview A,APD-INT-006,Hiring Manager,2026-01-30,2026-01-31,17.0,Yes,3.8,3.3,3.6,3.4,3.53,Behavioral evidence mapped to published BARS anchors
INT-2026-0247,CAND-2026-0062,REQ-2026-ENG-G4,Structured Interview B,APD-INT-007,Cross-functional Panelist,2026-02-01,2026-02-03,28.0,Yes,3.8,3.3,3.6,3.4,3.53,Independent follow-up evidence locked before panel release
INT-2026-0248,CAND-2026-0062,REQ-2026-ENG-G4,Calibration Review,APD-INT-008,Talent Acquisition Partner,2026-02-03,2026-02-05,39.0,Yes,3.8,3.3,3.6,3.4,3.53,Composite and decision evidence reviewed in calibration
INT-2026-0249,CAND-2026-0063,REQ-2026-ENG-G4,Work Sample Review,APD-INT-009,Technical Assessor,2026-02-04,2026-02-05,13.0,Yes,4.1,3.8,3.3,3.6,3.70,Work sample evidence recorded against the controlled scoring key
INT-2026-0250,CAND-2026-0063,REQ-2026-ENG-G4,Structured Interview A,APD-INT-010,Hiring Manager,2026-02-06,2026-02-07,24.0,Yes,4.1,3.8,3.3,3.6,3.70,Behavioral evidence mapped to published BARS anchors
INT-2026-0251,CAND-2026-0063,REQ-2026-ENG-G4,Structured Interview B,APD-INT-011,Cross-functional Panelist,2026-02-08,2026-02-10,35.0,Yes,4.1,3.8,3.3,3.6,3.70,Independent follow-up evidence locked before panel release
INT-2026-0252,CAND-2026-0063,REQ-2026-ENG-G4,Calibration Review,APD-INT-012,Talent Acquisition Partner,2026-02-10,2026-02-12,46.0,Yes,4.1,3.8,3.3,3.6,3.70,Composite and decision evidence reviewed in calibration
INT-2026-0253,CAND-2026-0064,REQ-2026-ENG-G4,Work Sample Review,APD-INT-013,Technical Assessor,2026-01-29,2026-01-30,20.0,Yes,3.4,3.2,4.0,3.8,3.60,Work sample evidence recorded against the controlled scoring key
INT-2026-0254,CAND-2026-0064,REQ-2026-ENG-G4,Structured Interview A,APD-INT-014,Hiring Manager,2026-01-31,2026-02-02,31.0,Yes,3.4,3.2,4.0,3.8,3.60,Behavioral evidence mapped to published BARS anchors
INT-2026-0255,CAND-2026-0064,REQ-2026-ENG-G4,Structured Interview B,APD-INT-015,Cross-functional Panelist,2026-02-02,2026-02-04,42.0,Yes,3.4,3.2,4.0,3.8,3.60,Independent follow-up evidence locked before panel release
INT-2026-0256,CAND-2026-0064,REQ-2026-ENG-G4,Calibration Review,APD-INT-016,Talent Acquisition Partner,2026-02-04,2026-02-05,16.0,Yes,3.4,3.2,4.0,3.8,3.60,Composite and decision evidence reviewed in calibration
INT-2026-0257,CAND-2026-0065,REQ-2026-ENG-G4,Work Sample Review,APD-INT-017,Technical Assessor,2026-01-23,2026-01-25,27.0,Yes,3.7,3.7,3.7,4.0,3.78,Work sample evidence recorded against the controlled scoring key
INT-2026-0258,CAND-2026-0065,REQ-2026-ENG-G4,Structured Interview A,APD-INT-018,Hiring Manager,2026-01-25,2026-01-27,38.0,Yes,3.7,3.7,3.7,4.0,3.78,Behavioral evidence mapped to published BARS anchors
INT-2026-0259,CAND-2026-0065,REQ-2026-ENG-G4,Structured Interview B,APD-INT-019,Cross-functional Panelist,2026-01-27,2026-01-28,12.0,Yes,3.7,3.7,3.7,4.0,3.78,Independent follow-up evidence locked before panel release
INT-2026-0260,CAND-2026-0065,REQ-2026-ENG-G4,Calibration Review,APD-INT-020,Talent Acquisition Partner,2026-01-29,2026-01-30,23.0,Yes,3.7,3.7,3.7,4.0,3.78,Composite and decision evidence reviewed in calibration
INT-2026-0261,CAND-2026-0066,REQ-2026-ENG-G4,Work Sample Review,APD-INT-021,Technical Assessor,2026-01-30,2026-02-01,34.0,Yes,4.0,3.1,3.4,3.1,3.40,Work sample evidence recorded against the controlled scoring key
INT-2026-0262,CAND-2026-0066,REQ-2026-ENG-G4,Structured Interview A,APD-INT-022,Hiring Manager,2026-02-01,2026-02-03,45.0,Yes,4.0,3.1,3.4,3.1,3.40,Behavioral evidence mapped to published BARS anchors
INT-2026-0263,CAND-2026-0066,REQ-2026-ENG-G4,Structured Interview B,APD-INT-023,Cross-functional Panelist,2026-02-03,2026-02-04,19.0,Yes,4.0,3.1,3.4,3.1,3.40,Independent follow-up evidence locked before panel release
INT-2026-0264,CAND-2026-0066,REQ-2026-ENG-G4,Calibration Review,APD-INT-024,Talent Acquisition Partner,2026-02-05,2026-02-07,30.0,Yes,4.0,3.1,3.4,3.1,3.40,Composite and decision evidence reviewed in calibration
INT-2026-0265,CAND-2026-0067,REQ-2026-ENG-G4,Work Sample Review,APD-INT-025,Technical Assessor,2026-01-24,2026-01-26,41.0,Yes,3.3,3.6,4.1,3.3,3.58,Work sample evidence recorded against the controlled scoring key
INT-2026-0266,CAND-2026-0067,REQ-2026-ENG-G4,Structured Interview A,APD-INT-026,Hiring Manager,2026-01-26,2026-01-27,15.0,Yes,3.3,3.6,4.1,3.3,3.58,Behavioral evidence mapped to published BARS anchors
INT-2026-0267,CAND-2026-0067,REQ-2026-ENG-G4,Structured Interview B,APD-INT-027,Cross-functional Panelist,2026-01-28,2026-01-30,26.0,Yes,3.3,3.6,4.1,3.3,3.58,Independent follow-up evidence locked before panel release
INT-2026-0268,CAND-2026-0067,REQ-2026-ENG-G4,Calibration Review,APD-INT-028,Talent Acquisition Partner,2026-01-30,2026-02-01,37.0,Yes,3.3,3.6,4.1,3.3,3.58,Composite and decision evidence reviewed in calibration
INT-2026-0269,CAND-2026-0068,REQ-2026-ENG-G4,Work Sample Review,APD-INT-029,Technical Assessor,2026-01-31,2026-02-02,48.0,Yes,3.6,4.1,3.8,3.5,3.75,Work sample evidence recorded against the controlled scoring key
INT-2026-0270,CAND-2026-0068,REQ-2026-ENG-G4,Structured Interview A,APD-INT-030,Hiring Manager,2026-02-02,2026-02-03,22.0,Yes,3.6,4.1,3.8,3.5,3.75,Behavioral evidence mapped to published BARS anchors
INT-2026-0271,CAND-2026-0068,REQ-2026-ENG-G4,Structured Interview B,APD-INT-031,Cross-functional Panelist,2026-02-04,2026-02-07,50.0,No,3.6,4.1,3.8,3.5,3.75,Independent follow-up evidence locked before panel release
INT-2026-0272,CAND-2026-0068,REQ-2026-ENG-G4,Calibration Review,APD-INT-032,Talent Acquisition Partner,2026-02-06,2026-02-09,57.0,No,3.6,4.1,3.8,3.5,3.75,Composite and decision evidence reviewed in calibration
INT-2026-0273,CAND-2026-0069,REQ-2026-ENG-G4,Work Sample Review,APD-INT-033,Technical Assessor,2026-01-25,2026-01-28,64.0,No,3.9,3.5,3.5,3.7,3.65,Work sample evidence recorded against the controlled scoring key
INT-2026-0274,CAND-2026-0069,REQ-2026-ENG-G4,Structured Interview A,APD-INT-034,Hiring Manager,2026-01-27,2026-01-30,71.0,No,3.9,3.5,3.5,3.7,3.65,Behavioral evidence mapped to published BARS anchors
INT-2026-0275,CAND-2026-0069,REQ-2026-ENG-G4,Structured Interview B,APD-INT-035,Cross-functional Panelist,2026-01-29,2026-01-31,40.0,Yes,3.9,3.5,3.5,3.7,3.65,Independent follow-up evidence locked before panel release
INT-2026-0276,CAND-2026-0069,REQ-2026-ENG-G4,Calibration Review,APD-INT-036,Talent Acquisition Partner,2026-01-31,2026-02-01,14.0,Yes,3.9,3.5,3.5,3.7,3.65,Composite and decision evidence reviewed in calibration
INT-2026-0277,CAND-2026-0070,REQ-2026-ENG-G4,Work Sample Review,APD-INT-037,Technical Assessor,2026-02-01,2026-02-03,25.0,Yes,3.2,4.0,3.2,3.9,3.58,Work sample evidence recorded against the controlled scoring key
INT-2026-0278,CAND-2026-0070,REQ-2026-ENG-G4,Structured Interview A,APD-INT-038,Hiring Manager,2026-02-03,2026-02-05,36.0,Yes,3.2,4.0,3.2,3.9,3.58,Behavioral evidence mapped to published BARS anchors
INT-2026-0279,CAND-2026-0070,REQ-2026-ENG-G4,Structured Interview B,APD-INT-039,Cross-functional Panelist,2026-02-05,2026-02-07,47.0,Yes,3.2,4.0,3.2,3.9,3.58,Independent follow-up evidence locked before panel release
INT-2026-0280,CAND-2026-0070,REQ-2026-ENG-G4,Calibration Review,APD-INT-040,Talent Acquisition Partner,2026-02-07,2026-02-08,21.0,Yes,3.2,4.0,3.2,3.9,3.58,Composite and decision evidence reviewed in calibration
INT-2026-0281,CAND-2026-0071,REQ-2026-ENG-G4,Work Sample Review,APD-INT-041,Technical Assessor,2026-01-26,2026-01-28,32.0,Yes,3.5,3.4,3.9,4.1,3.73,Work sample evidence recorded against the controlled scoring key
INT-2026-0282,CAND-2026-0071,REQ-2026-ENG-G4,Structured Interview A,APD-INT-042,Hiring Manager,2026-01-28,2026-01-30,43.0,Yes,3.5,3.4,3.9,4.1,3.73,Behavioral evidence mapped to published BARS anchors
INT-2026-0283,CAND-2026-0071,REQ-2026-ENG-G4,Structured Interview B,APD-INT-043,Cross-functional Panelist,2026-01-30,2026-01-31,17.0,Yes,3.5,3.4,3.9,4.1,3.73,Independent follow-up evidence locked before panel release
INT-2026-0284,CAND-2026-0071,REQ-2026-ENG-G4,Calibration Review,APD-INT-044,Talent Acquisition Partner,2026-02-01,2026-02-03,28.0,Yes,3.5,3.4,3.9,4.1,3.73,Composite and decision evidence reviewed in calibration
INT-2026-0285,CAND-2026-0072,REQ-2026-ENG-G4,Work Sample Review,APD-INT-045,Technical Assessor,2026-02-02,2026-02-04,39.0,Yes,3.8,3.9,3.6,3.2,3.63,Work sample evidence recorded against the controlled scoring key
INT-2026-0286,CAND-2026-0072,REQ-2026-ENG-G4,Structured Interview A,APD-INT-046,Hiring Manager,2026-02-04,2026-02-05,13.0,Yes,3.8,3.9,3.6,3.2,3.63,Behavioral evidence mapped to published BARS anchors
INT-2026-0287,CAND-2026-0072,REQ-2026-ENG-G4,Structured Interview B,APD-INT-047,Cross-functional Panelist,2026-02-06,2026-02-07,24.0,Yes,3.8,3.9,3.6,3.2,3.63,Independent follow-up evidence locked before panel release
INT-2026-0288,CAND-2026-0072,REQ-2026-ENG-G4,Calibration Review,APD-INT-048,Talent Acquisition Partner,2026-02-08,2026-02-10,35.0,Yes,3.8,3.9,3.6,3.2,3.63,Composite and decision evidence reviewed in calibration
INT-2026-0289,CAND-2026-0073,REQ-2026-ENG-G4,Work Sample Review,APD-INT-049,Technical Assessor,2026-01-27,2026-01-29,46.0,Yes,4.1,3.3,3.3,3.4,3.53,Work sample evidence recorded against the controlled scoring key
INT-2026-0290,CAND-2026-0073,REQ-2026-ENG-G4,Structured Interview A,APD-INT-050,Hiring Manager,2026-01-29,2026-01-30,20.0,Yes,4.1,3.3,3.3,3.4,3.53,Behavioral evidence mapped to published BARS anchors
INT-2026-0291,CAND-2026-0073,REQ-2026-ENG-G4,Structured Interview B,APD-INT-051,Cross-functional Panelist,2026-01-31,2026-02-02,31.0,Yes,4.1,3.3,3.3,3.4,3.53,Independent follow-up evidence locked before panel release
INT-2026-0292,CAND-2026-0073,REQ-2026-ENG-G4,Calibration Review,APD-INT-052,Talent Acquisition Partner,2026-02-02,2026-02-04,42.0,Yes,4.1,3.3,3.3,3.4,3.53,Composite and decision evidence reviewed in calibration
INT-2026-0293,CAND-2026-0074,REQ-2026-ENG-G4,Work Sample Review,APD-INT-053,Technical Assessor,2026-02-03,2026-02-04,16.0,Yes,3.4,3.8,4.0,3.6,3.70,Work sample evidence recorded against the controlled scoring key
INT-2026-0294,CAND-2026-0074,REQ-2026-ENG-G4,Structured Interview A,APD-INT-054,Hiring Manager,2026-02-05,2026-02-07,27.0,Yes,3.4,3.8,4.0,3.6,3.70,Behavioral evidence mapped to published BARS anchors
INT-2026-0295,CAND-2026-0074,REQ-2026-ENG-G4,Structured Interview B,APD-INT-055,Cross-functional Panelist,2026-02-07,2026-02-09,38.0,Yes,3.4,3.8,4.0,3.6,3.70,Independent follow-up evidence locked before panel release
INT-2026-0296,CAND-2026-0074,REQ-2026-ENG-G4,Calibration Review,APD-INT-056,Talent Acquisition Partner,2026-02-09,2026-02-10,12.0,Yes,3.4,3.8,4.0,3.6,3.70,Composite and decision evidence reviewed in calibration
INT-2026-0297,CAND-2026-0075,REQ-2026-ENG-G4,Work Sample Review,APD-INT-057,Technical Assessor,2026-01-28,2026-01-29,23.0,Yes,3.7,3.2,3.7,3.8,3.60,Work sample evidence recorded against the controlled scoring key
INT-2026-0298,CAND-2026-0075,REQ-2026-ENG-G4,Structured Interview A,APD-INT-058,Hiring Manager,2026-01-30,2026-02-01,34.0,Yes,3.7,3.2,3.7,3.8,3.60,Behavioral evidence mapped to published BARS anchors
INT-2026-0299,CAND-2026-0075,REQ-2026-ENG-G4,Structured Interview B,APD-INT-059,Cross-functional Panelist,2026-02-01,2026-02-03,45.0,Yes,3.7,3.2,3.7,3.8,3.60,Independent follow-up evidence locked before panel release
INT-2026-0300,CAND-2026-0075,REQ-2026-ENG-G4,Calibration Review,APD-INT-060,Talent Acquisition Partner,2026-02-03,2026-02-04,19.0,Yes,3.7,3.2,3.7,3.8,3.60,Composite and decision evidence reviewed in calibration
INT-2026-0301,CAND-2026-0076,REQ-2026-ENG-G4,Work Sample Review,APD-INT-001,Technical Assessor,2026-02-04,2026-02-06,30.0,Yes,4.0,3.7,3.4,4.0,3.78,Work sample evidence recorded against the controlled scoring key
INT-2026-0302,CAND-2026-0076,REQ-2026-ENG-G4,Structured Interview A,APD-INT-002,Hiring Manager,2026-02-06,2026-02-08,41.0,Yes,4.0,3.7,3.4,4.0,3.78,Behavioral evidence mapped to published BARS anchors
INT-2026-0303,CAND-2026-0076,REQ-2026-ENG-G4,Structured Interview B,APD-INT-003,Cross-functional Panelist,2026-02-08,2026-02-09,15.0,Yes,4.0,3.7,3.4,4.0,3.78,Independent follow-up evidence locked before panel release
INT-2026-0304,CAND-2026-0076,REQ-2026-ENG-G4,Calibration Review,APD-INT-004,Talent Acquisition Partner,2026-02-10,2026-02-12,26.0,Yes,4.0,3.7,3.4,4.0,3.78,Composite and decision evidence reviewed in calibration
INT-2026-0305,CAND-2026-0077,REQ-2026-ENG-G4,Work Sample Review,APD-INT-005,Technical Assessor,2026-01-29,2026-01-31,37.0,Yes,3.3,3.1,4.1,3.1,3.40,Work sample evidence recorded against the controlled scoring key
INT-2026-0306,CAND-2026-0077,REQ-2026-ENG-G4,Structured Interview A,APD-INT-006,Hiring Manager,2026-01-31,2026-02-02,48.0,Yes,3.3,3.1,4.1,3.1,3.40,Behavioral evidence mapped to published BARS anchors
INT-2026-0307,CAND-2026-0077,REQ-2026-ENG-G4,Structured Interview B,APD-INT-007,Cross-functional Panelist,2026-02-02,2026-02-03,22.0,Yes,3.3,3.1,4.1,3.1,3.40,Independent follow-up evidence locked before panel release
INT-2026-0308,CAND-2026-0077,REQ-2026-ENG-G4,Calibration Review,APD-INT-008,Talent Acquisition Partner,2026-02-04,2026-02-06,33.0,Yes,3.3,3.1,4.1,3.1,3.40,Composite and decision evidence reviewed in calibration
INT-2026-0309,CAND-2026-0078,REQ-2026-ENG-G4,Work Sample Review,APD-INT-009,Technical Assessor,2026-01-23,2026-01-25,44.0,Yes,3.6,3.6,3.8,3.3,3.58,Work sample evidence recorded against the controlled scoring key
INT-2026-0310,CAND-2026-0078,REQ-2026-ENG-G4,Structured Interview A,APD-INT-010,Hiring Manager,2026-01-25,2026-01-26,18.0,Yes,3.6,3.6,3.8,3.3,3.58,Behavioral evidence mapped to published BARS anchors
INT-2026-0311,CAND-2026-0078,REQ-2026-ENG-G4,Structured Interview B,APD-INT-011,Cross-functional Panelist,2026-01-27,2026-01-29,29.0,Yes,3.6,3.6,3.8,3.3,3.58,Independent follow-up evidence locked before panel release
INT-2026-0312,CAND-2026-0078,REQ-2026-ENG-G4,Calibration Review,APD-INT-012,Talent Acquisition Partner,2026-01-29,2026-01-31,40.0,Yes,3.6,3.6,3.8,3.3,3.58,Composite and decision evidence reviewed in calibration
INT-2026-0313,CAND-2026-0079,REQ-2026-ENG-G4,Work Sample Review,APD-INT-013,Technical Assessor,2026-01-30,2026-01-31,14.0,Yes,3.9,4.1,3.5,3.5,3.75,Work sample evidence recorded against the controlled scoring key
INT-2026-0314,CAND-2026-0079,REQ-2026-ENG-G4,Structured Interview A,APD-INT-014,Hiring Manager,2026-02-01,2026-02-03,25.0,Yes,3.9,4.1,3.5,3.5,3.75,Behavioral evidence mapped to published BARS anchors
INT-2026-0315,CAND-2026-0079,REQ-2026-ENG-G4,Structured Interview B,APD-INT-015,Cross-functional Panelist,2026-02-03,2026-02-05,36.0,Yes,3.9,4.1,3.5,3.5,3.75,Independent follow-up evidence locked before panel release
INT-2026-0316,CAND-2026-0079,REQ-2026-ENG-G4,Calibration Review,APD-INT-016,Talent Acquisition Partner,2026-02-05,2026-02-07,47.0,Yes,3.9,4.1,3.5,3.5,3.75,Composite and decision evidence reviewed in calibration
INT-2026-0317,CAND-2026-0080,REQ-2026-ENG-G4,Work Sample Review,APD-INT-017,Technical Assessor,2026-01-24,2026-01-25,21.0,Yes,3.2,3.5,3.2,3.7,3.40,Work sample evidence recorded against the controlled scoring key
INT-2026-0318,CAND-2026-0080,REQ-2026-ENG-G4,Structured Interview A,APD-INT-018,Hiring Manager,2026-01-26,2026-01-28,32.0,Yes,3.2,3.5,3.2,3.7,3.40,Behavioral evidence mapped to published BARS anchors
INT-2026-0319,CAND-2026-0080,REQ-2026-ENG-G4,Structured Interview B,APD-INT-019,Cross-functional Panelist,2026-01-28,2026-01-30,43.0,Yes,3.2,3.5,3.2,3.7,3.40,Independent follow-up evidence locked before panel release
INT-2026-0320,CAND-2026-0080,REQ-2026-ENG-G4,Calibration Review,APD-INT-020,Talent Acquisition Partner,2026-01-30,2026-01-31,17.0,Yes,3.2,3.5,3.2,3.7,3.40,Composite and decision evidence reviewed in calibration
INT-2026-0321,CAND-2026-0081,REQ-2026-ENG-G4,Work Sample Review,APD-INT-021,Technical Assessor,2026-01-31,2026-02-02,28.0,Yes,3.5,4.0,3.9,3.9,3.83,Work sample evidence recorded against the controlled scoring key
INT-2026-0322,CAND-2026-0081,REQ-2026-ENG-G4,Structured Interview A,APD-INT-022,Hiring Manager,2026-02-02,2026-02-04,39.0,Yes,3.5,4.0,3.9,3.9,3.83,Behavioral evidence mapped to published BARS anchors
INT-2026-0323,CAND-2026-0081,REQ-2026-ENG-G4,Structured Interview B,APD-INT-023,Cross-functional Panelist,2026-02-04,2026-02-05,13.0,Yes,3.5,4.0,3.9,3.9,3.83,Independent follow-up evidence locked before panel release
INT-2026-0324,CAND-2026-0081,REQ-2026-ENG-G4,Calibration Review,APD-INT-024,Talent Acquisition Partner,2026-02-06,2026-02-07,24.0,Yes,3.5,4.0,3.9,3.9,3.83,Composite and decision evidence reviewed in calibration
INT-2026-0325,CAND-2026-0082,REQ-2026-ENG-G4,Work Sample Review,APD-INT-025,Technical Assessor,2026-01-25,2026-01-28,68.0,No,3.8,3.4,3.6,4.1,3.73,Work sample evidence recorded against the controlled scoring key
INT-2026-0326,CAND-2026-0082,REQ-2026-ENG-G4,Structured Interview A,APD-INT-026,Hiring Manager,2026-01-27,2026-01-30,51.0,No,3.8,3.4,3.6,4.1,3.73,Behavioral evidence mapped to published BARS anchors
INT-2026-0327,CAND-2026-0082,REQ-2026-ENG-G4,Structured Interview B,APD-INT-027,Cross-functional Panelist,2026-01-29,2026-02-01,58.0,No,3.8,3.4,3.6,4.1,3.73,Independent follow-up evidence locked before panel release
INT-2026-0328,CAND-2026-0082,REQ-2026-ENG-G4,Calibration Review,APD-INT-028,Talent Acquisition Partner,2026-01-31,2026-02-03,65.0,No,3.8,3.4,3.6,4.1,3.73,Composite and decision evidence reviewed in calibration
INT-2026-0329,CAND-2026-0083,REQ-2026-ENG-G4,Work Sample Review,APD-INT-029,Technical Assessor,2026-02-01,2026-02-03,42.0,Yes,4.1,3.9,3.3,3.2,3.63,Work sample evidence recorded against the controlled scoring key
INT-2026-0330,CAND-2026-0083,REQ-2026-ENG-G4,Structured Interview A,APD-INT-030,Hiring Manager,2026-02-03,2026-02-04,16.0,Yes,4.1,3.9,3.3,3.2,3.63,Behavioral evidence mapped to published BARS anchors
INT-2026-0331,CAND-2026-0083,REQ-2026-ENG-G4,Structured Interview B,APD-INT-031,Cross-functional Panelist,2026-02-05,2026-02-07,27.0,Yes,4.1,3.9,3.3,3.2,3.63,Independent follow-up evidence locked before panel release
INT-2026-0332,CAND-2026-0083,REQ-2026-ENG-G4,Calibration Review,APD-INT-032,Talent Acquisition Partner,2026-02-07,2026-02-09,38.0,Yes,4.1,3.9,3.3,3.2,3.63,Composite and decision evidence reviewed in calibration
INT-2026-0333,CAND-2026-0084,REQ-2026-ENG-G4,Work Sample Review,APD-INT-033,Technical Assessor,2026-01-26,2026-01-27,12.0,Yes,3.4,3.3,4.0,3.4,3.53,Work sample evidence recorded against the controlled scoring key
INT-2026-0334,CAND-2026-0084,REQ-2026-ENG-G4,Structured Interview A,APD-INT-034,Hiring Manager,2026-01-28,2026-01-29,23.0,Yes,3.4,3.3,4.0,3.4,3.53,Behavioral evidence mapped to published BARS anchors
INT-2026-0335,CAND-2026-0084,REQ-2026-ENG-G4,Structured Interview B,APD-INT-035,Cross-functional Panelist,2026-01-30,2026-02-01,34.0,Yes,3.4,3.3,4.0,3.4,3.53,Independent follow-up evidence locked before panel release
INT-2026-0336,CAND-2026-0084,REQ-2026-ENG-G4,Calibration Review,APD-INT-036,Talent Acquisition Partner,2026-02-01,2026-02-03,45.0,Yes,3.4,3.3,4.0,3.4,3.53,Composite and decision evidence reviewed in calibration
INT-2026-0337,CAND-2026-0085,REQ-2026-ENG-G4,Work Sample Review,APD-INT-037,Technical Assessor,2026-02-02,2026-02-03,19.0,Yes,3.7,3.8,3.7,3.6,3.70,Work sample evidence recorded against the controlled scoring key
INT-2026-0338,CAND-2026-0085,REQ-2026-ENG-G4,Structured Interview A,APD-INT-038,Hiring Manager,2026-02-04,2026-02-06,30.0,Yes,3.7,3.8,3.7,3.6,3.70,Behavioral evidence mapped to published BARS anchors
INT-2026-0339,CAND-2026-0085,REQ-2026-ENG-G4,Structured Interview B,APD-INT-039,Cross-functional Panelist,2026-02-06,2026-02-08,41.0,Yes,3.7,3.8,3.7,3.6,3.70,Independent follow-up evidence locked before panel release
INT-2026-0340,CAND-2026-0085,REQ-2026-ENG-G4,Calibration Review,APD-INT-040,Talent Acquisition Partner,2026-02-08,2026-02-09,15.0,Yes,3.7,3.8,3.7,3.6,3.70,Composite and decision evidence reviewed in calibration
INT-2026-0341,CAND-2026-0086,REQ-2026-ENG-G4,Work Sample Review,APD-INT-041,Technical Assessor,2026-01-27,2026-01-29,26.0,Yes,4.0,3.2,3.4,3.8,3.60,Work sample evidence recorded against the controlled scoring key
INT-2026-0342,CAND-2026-0086,REQ-2026-ENG-G4,Structured Interview A,APD-INT-042,Hiring Manager,2026-01-29,2026-01-31,37.0,Yes,4.0,3.2,3.4,3.8,3.60,Behavioral evidence mapped to published BARS anchors
INT-2026-0343,CAND-2026-0086,REQ-2026-ENG-G4,Structured Interview B,APD-INT-043,Cross-functional Panelist,2026-01-31,2026-02-02,48.0,Yes,4.0,3.2,3.4,3.8,3.60,Independent follow-up evidence locked before panel release
INT-2026-0344,CAND-2026-0086,REQ-2026-ENG-G4,Calibration Review,APD-INT-044,Talent Acquisition Partner,2026-02-02,2026-02-03,22.0,Yes,4.0,3.2,3.4,3.8,3.60,Composite and decision evidence reviewed in calibration
INT-2026-0345,CAND-2026-0087,REQ-2026-ENG-G4,Work Sample Review,APD-INT-045,Technical Assessor,2026-02-03,2026-02-05,33.0,Yes,3.3,3.7,4.1,4.0,3.78,Work sample evidence recorded against the controlled scoring key
INT-2026-0346,CAND-2026-0087,REQ-2026-ENG-G4,Structured Interview A,APD-INT-046,Hiring Manager,2026-02-05,2026-02-07,44.0,Yes,3.3,3.7,4.1,4.0,3.78,Behavioral evidence mapped to published BARS anchors
INT-2026-0347,CAND-2026-0087,REQ-2026-ENG-G4,Structured Interview B,APD-INT-047,Cross-functional Panelist,2026-02-07,2026-02-08,18.0,Yes,3.3,3.7,4.1,4.0,3.78,Independent follow-up evidence locked before panel release
INT-2026-0348,CAND-2026-0087,REQ-2026-ENG-G4,Calibration Review,APD-INT-048,Talent Acquisition Partner,2026-02-09,2026-02-11,29.0,Yes,3.3,3.7,4.1,4.0,3.78,Composite and decision evidence reviewed in calibration
INT-2026-0349,CAND-2026-0088,REQ-2026-ENG-G4,Work Sample Review,APD-INT-049,Technical Assessor,2026-01-28,2026-01-30,40.0,Yes,3.6,3.1,3.8,3.1,3.40,Work sample evidence recorded against the controlled scoring key
INT-2026-0350,CAND-2026-0088,REQ-2026-ENG-G4,Structured Interview A,APD-INT-050,Hiring Manager,2026-01-30,2026-01-31,14.0,Yes,3.6,3.1,3.8,3.1,3.40,Behavioral evidence mapped to published BARS anchors
INT-2026-0351,CAND-2026-0088,REQ-2026-ENG-G4,Structured Interview B,APD-INT-051,Cross-functional Panelist,2026-02-01,2026-02-03,25.0,Yes,3.6,3.1,3.8,3.1,3.40,Independent follow-up evidence locked before panel release
INT-2026-0352,CAND-2026-0088,REQ-2026-ENG-G4,Calibration Review,APD-INT-052,Talent Acquisition Partner,2026-02-03,2026-02-05,36.0,Yes,3.6,3.1,3.8,3.1,3.40,Composite and decision evidence reviewed in calibration
INT-2026-0353,CAND-2026-0089,REQ-2026-ENG-G4,Work Sample Review,APD-INT-053,Technical Assessor,2026-02-04,2026-02-06,47.0,Yes,3.9,3.6,3.5,3.3,3.58,Work sample evidence recorded against the controlled scoring key
INT-2026-0354,CAND-2026-0089,REQ-2026-ENG-G4,Structured Interview A,APD-INT-054,Hiring Manager,2026-02-06,2026-02-07,21.0,Yes,3.9,3.6,3.5,3.3,3.58,Behavioral evidence mapped to published BARS anchors
INT-2026-0355,CAND-2026-0089,REQ-2026-ENG-G4,Structured Interview B,APD-INT-055,Cross-functional Panelist,2026-02-08,2026-02-10,32.0,Yes,3.9,3.6,3.5,3.3,3.58,Independent follow-up evidence locked before panel release
INT-2026-0356,CAND-2026-0089,REQ-2026-ENG-G4,Calibration Review,APD-INT-056,Talent Acquisition Partner,2026-02-10,2026-02-12,43.0,Yes,3.9,3.6,3.5,3.3,3.58,Composite and decision evidence reviewed in calibration
INT-2026-0357,CAND-2026-0090,REQ-2026-ENG-G4,Work Sample Review,APD-INT-057,Technical Assessor,2026-01-29,2026-01-30,17.0,Yes,3.2,4.1,3.2,3.5,3.50,Work sample evidence recorded against the controlled scoring key
INT-2026-0358,CAND-2026-0090,REQ-2026-ENG-G4,Structured Interview A,APD-INT-058,Hiring Manager,2026-01-31,2026-02-02,28.0,Yes,3.2,4.1,3.2,3.5,3.50,Behavioral evidence mapped to published BARS anchors
INT-2026-0359,CAND-2026-0090,REQ-2026-ENG-G4,Structured Interview B,APD-INT-059,Cross-functional Panelist,2026-02-02,2026-02-04,39.0,Yes,3.2,4.1,3.2,3.5,3.50,Independent follow-up evidence locked before panel release
INT-2026-0360,CAND-2026-0090,REQ-2026-ENG-G4,Calibration Review,APD-INT-060,Talent Acquisition Partner,2026-02-04,2026-02-05,13.0,Yes,3.2,4.1,3.2,3.5,3.50,Composite and decision evidence reviewed in calibration
INT-2026-0361,CAND-2026-0091,REQ-2026-ENG-G4,Work Sample Review,APD-INT-001,Technical Assessor,2026-01-23,2026-01-24,24.0,Yes,3.5,3.5,3.9,3.7,3.65,Work sample evidence recorded against the controlled scoring key
INT-2026-0362,CAND-2026-0091,REQ-2026-ENG-G4,Structured Interview A,APD-INT-002,Hiring Manager,2026-01-25,2026-01-27,35.0,Yes,3.5,3.5,3.9,3.7,3.65,Behavioral evidence mapped to published BARS anchors
INT-2026-0363,CAND-2026-0091,REQ-2026-ENG-G4,Structured Interview B,APD-INT-003,Cross-functional Panelist,2026-01-27,2026-01-29,46.0,Yes,3.5,3.5,3.9,3.7,3.65,Independent follow-up evidence locked before panel release
INT-2026-0364,CAND-2026-0091,REQ-2026-ENG-G4,Calibration Review,APD-INT-004,Talent Acquisition Partner,2026-01-29,2026-01-30,20.0,Yes,3.5,3.5,3.9,3.7,3.65,Composite and decision evidence reviewed in calibration
INT-2026-0365,CAND-2026-0092,REQ-2026-ENG-G4,Work Sample Review,APD-INT-005,Technical Assessor,2026-01-30,2026-02-01,31.0,Yes,3.8,4.0,3.6,3.9,3.83,Work sample evidence recorded against the controlled scoring key
INT-2026-0366,CAND-2026-0092,REQ-2026-ENG-G4,Structured Interview A,APD-INT-006,Hiring Manager,2026-02-01,2026-02-03,42.0,Yes,3.8,4.0,3.6,3.9,3.83,Behavioral evidence mapped to published BARS anchors
INT-2026-0367,CAND-2026-0092,REQ-2026-ENG-G4,Structured Interview B,APD-INT-007,Cross-functional Panelist,2026-02-03,2026-02-04,16.0,Yes,3.8,4.0,3.6,3.9,3.83,Independent follow-up evidence locked before panel release
INT-2026-0368,CAND-2026-0092,REQ-2026-ENG-G4,Calibration Review,APD-INT-008,Talent Acquisition Partner,2026-02-05,2026-02-07,27.0,Yes,3.8,4.0,3.6,3.9,3.83,Composite and decision evidence reviewed in calibration
INT-2026-0369,CAND-2026-0093,REQ-2026-ENG-G4,Work Sample Review,APD-INT-009,Technical Assessor,2026-01-24,2026-01-26,38.0,Yes,4.1,3.4,3.3,4.1,3.73,Work sample evidence recorded against the controlled scoring key
INT-2026-0370,CAND-2026-0093,REQ-2026-ENG-G4,Structured Interview A,APD-INT-010,Hiring Manager,2026-01-26,2026-01-27,12.0,Yes,4.1,3.4,3.3,4.1,3.73,Behavioral evidence mapped to published BARS anchors
INT-2026-0371,CAND-2026-0093,REQ-2026-ENG-G4,Structured Interview B,APD-INT-011,Cross-functional Panelist,2026-01-28,2026-01-29,23.0,Yes,4.1,3.4,3.3,4.1,3.73,Independent follow-up evidence locked before panel release
INT-2026-0372,CAND-2026-0093,REQ-2026-ENG-G4,Calibration Review,APD-INT-012,Talent Acquisition Partner,2026-01-30,2026-02-01,34.0,Yes,4.1,3.4,3.3,4.1,3.73,Composite and decision evidence reviewed in calibration
INT-2026-0373,CAND-2026-0094,REQ-2026-ENG-G4,Work Sample Review,APD-INT-013,Technical Assessor,2026-01-31,2026-02-02,45.0,Yes,3.4,3.9,4.0,3.2,3.63,Work sample evidence recorded against the controlled scoring key
INT-2026-0374,CAND-2026-0094,REQ-2026-ENG-G4,Structured Interview A,APD-INT-014,Hiring Manager,2026-02-02,2026-02-03,19.0,Yes,3.4,3.9,4.0,3.2,3.63,Behavioral evidence mapped to published BARS anchors
INT-2026-0375,CAND-2026-0094,REQ-2026-ENG-G4,Structured Interview B,APD-INT-015,Cross-functional Panelist,2026-02-04,2026-02-06,30.0,Yes,3.4,3.9,4.0,3.2,3.63,Independent follow-up evidence locked before panel release
INT-2026-0376,CAND-2026-0094,REQ-2026-ENG-G4,Calibration Review,APD-INT-016,Talent Acquisition Partner,2026-02-06,2026-02-08,41.0,Yes,3.4,3.9,4.0,3.2,3.63,Composite and decision evidence reviewed in calibration
INT-2026-0377,CAND-2026-0095,REQ-2026-ENG-G4,Work Sample Review,APD-INT-017,Technical Assessor,2026-01-25,2026-01-26,15.0,Yes,3.7,3.3,3.7,3.4,3.53,Work sample evidence recorded against the controlled scoring key
INT-2026-0378,CAND-2026-0095,REQ-2026-ENG-G4,Structured Interview A,APD-INT-018,Hiring Manager,2026-01-27,2026-01-29,26.0,Yes,3.7,3.3,3.7,3.4,3.53,Behavioral evidence mapped to published BARS anchors
INT-2026-0379,CAND-2026-0095,REQ-2026-ENG-G4,Structured Interview B,APD-INT-019,Cross-functional Panelist,2026-01-29,2026-02-01,62.0,No,3.7,3.3,3.7,3.4,3.53,Independent follow-up evidence locked before panel release
INT-2026-0380,CAND-2026-0095,REQ-2026-ENG-G4,Calibration Review,APD-INT-020,Talent Acquisition Partner,2026-01-31,2026-02-03,69.0,No,3.7,3.3,3.7,3.4,3.53,Composite and decision evidence reviewed in calibration
INT-2026-0381,CAND-2026-0096,REQ-2026-ENG-G4,Work Sample Review,APD-INT-021,Technical Assessor,2026-02-01,2026-02-04,52.0,No,4.0,3.8,3.4,3.6,3.70,Work sample evidence recorded against the controlled scoring key
INT-2026-0382,CAND-2026-0096,REQ-2026-ENG-G4,Structured Interview A,APD-INT-022,Hiring Manager,2026-02-03,2026-02-06,59.0,No,4.0,3.8,3.4,3.6,3.70,Behavioral evidence mapped to published BARS anchors
INT-2026-0383,CAND-2026-0096,REQ-2026-ENG-G4,Structured Interview B,APD-INT-023,Cross-functional Panelist,2026-02-05,2026-02-07,44.0,Yes,4.0,3.8,3.4,3.6,3.70,Independent follow-up evidence locked before panel release
INT-2026-0384,CAND-2026-0096,REQ-2026-ENG-G4,Calibration Review,APD-INT-024,Talent Acquisition Partner,2026-02-07,2026-02-08,18.0,Yes,4.0,3.8,3.4,3.6,3.70,Composite and decision evidence reviewed in calibration
INT-2026-0385,CAND-2026-0097,REQ-2026-ENG-G4,Work Sample Review,APD-INT-025,Technical Assessor,2026-01-26,2026-01-28,29.0,Yes,3.3,3.2,4.1,3.8,3.60,Work sample evidence recorded against the controlled scoring key
INT-2026-0386,CAND-2026-0097,REQ-2026-ENG-G4,Structured Interview A,APD-INT-026,Hiring Manager,2026-01-28,2026-01-30,40.0,Yes,3.3,3.2,4.1,3.8,3.60,Behavioral evidence mapped to published BARS anchors
INT-2026-0387,CAND-2026-0097,REQ-2026-ENG-G4,Structured Interview B,APD-INT-027,Cross-functional Panelist,2026-01-30,2026-01-31,14.0,Yes,3.3,3.2,4.1,3.8,3.60,Independent follow-up evidence locked before panel release
INT-2026-0388,CAND-2026-0097,REQ-2026-ENG-G4,Calibration Review,APD-INT-028,Talent Acquisition Partner,2026-02-01,2026-02-03,25.0,Yes,3.3,3.2,4.1,3.8,3.60,Composite and decision evidence reviewed in calibration
INT-2026-0389,CAND-2026-0098,REQ-2026-ENG-G4,Work Sample Review,APD-INT-029,Technical Assessor,2026-02-02,2026-02-04,36.0,Yes,3.6,3.7,3.8,4.0,3.78,Work sample evidence recorded against the controlled scoring key
INT-2026-0390,CAND-2026-0098,REQ-2026-ENG-G4,Structured Interview A,APD-INT-030,Hiring Manager,2026-02-04,2026-02-06,47.0,Yes,3.6,3.7,3.8,4.0,3.78,Behavioral evidence mapped to published BARS anchors
INT-2026-0391,CAND-2026-0098,REQ-2026-ENG-G4,Structured Interview B,APD-INT-031,Cross-functional Panelist,2026-02-06,2026-02-07,21.0,Yes,3.6,3.7,3.8,4.0,3.78,Independent follow-up evidence locked before panel release
INT-2026-0392,CAND-2026-0098,REQ-2026-ENG-G4,Calibration Review,APD-INT-032,Talent Acquisition Partner,2026-02-08,2026-02-10,32.0,Yes,3.6,3.7,3.8,4.0,3.78,Composite and decision evidence reviewed in calibration
INT-2026-0393,CAND-2026-0099,REQ-2026-ENG-G4,Work Sample Review,APD-INT-033,Technical Assessor,2026-01-27,2026-01-29,43.0,Yes,3.9,3.1,3.5,3.1,3.40,Work sample evidence recorded against the controlled scoring key
INT-2026-0394,CAND-2026-0099,REQ-2026-ENG-G4,Structured Interview A,APD-INT-034,Hiring Manager,2026-01-29,2026-01-30,17.0,Yes,3.9,3.1,3.5,3.1,3.40,Behavioral evidence mapped to published BARS anchors
INT-2026-0395,CAND-2026-0099,REQ-2026-ENG-G4,Structured Interview B,APD-INT-035,Cross-functional Panelist,2026-01-31,2026-02-02,28.0,Yes,3.9,3.1,3.5,3.1,3.40,Independent follow-up evidence locked before panel release
INT-2026-0396,CAND-2026-0099,REQ-2026-ENG-G4,Calibration Review,APD-INT-036,Talent Acquisition Partner,2026-02-02,2026-02-04,39.0,Yes,3.9,3.1,3.5,3.1,3.40,Composite and decision evidence reviewed in calibration
INT-2026-0397,CAND-2026-0100,REQ-2026-ENG-G4,Work Sample Review,APD-INT-037,Technical Assessor,2026-02-03,2026-02-04,13.0,Yes,3.2,3.6,3.2,3.3,3.33,Work sample evidence recorded against the controlled scoring key
INT-2026-0398,CAND-2026-0100,REQ-2026-ENG-G4,Structured Interview A,APD-INT-038,Hiring Manager,2026-02-05,2026-02-06,24.0,Yes,3.2,3.6,3.2,3.3,3.33,Behavioral evidence mapped to published BARS anchors
INT-2026-0399,CAND-2026-0100,REQ-2026-ENG-G4,Structured Interview B,APD-INT-039,Cross-functional Panelist,2026-02-07,2026-02-09,35.0,Yes,3.2,3.6,3.2,3.3,3.33,Independent follow-up evidence locked before panel release
INT-2026-0400,CAND-2026-0100,REQ-2026-ENG-G4,Calibration Review,APD-INT-040,Talent Acquisition Partner,2026-02-09,2026-02-11,46.0,Yes,3.2,3.6,3.2,3.3,3.33,Composite and decision evidence reviewed in calibration
INT-2026-0401,CAND-2026-0801,REQ-2026-ENG-G1,Work Sample Review,APD-INT-041,Technical Assessor,2026-02-04,2026-02-05,20.0,Yes,4.5,4.6,4.7,4.8,4.65,Work sample evidence recorded against the controlled scoring key
INT-2026-0402,CAND-2026-0801,REQ-2026-ENG-G1,Structured Interview A,APD-INT-042,Hiring Manager,2026-02-06,2026-02-08,31.0,Yes,4.5,4.6,4.7,4.8,4.65,Behavioral evidence mapped to published BARS anchors
INT-2026-0403,CAND-2026-0801,REQ-2026-ENG-G1,Structured Interview B,APD-INT-043,Cross-functional Panelist,2026-02-08,2026-02-10,42.0,Yes,4.5,4.6,4.7,4.8,4.65,Independent follow-up evidence locked before panel release
INT-2026-0404,CAND-2026-0801,REQ-2026-ENG-G1,Calibration Review,APD-INT-044,Talent Acquisition Partner,2026-02-10,2026-02-11,16.0,Yes,4.5,4.6,4.7,4.8,4.65,Composite and decision evidence reviewed in calibration
INT-2026-0405,CAND-2026-0802,REQ-2026-ENG-G1,Work Sample Review,APD-INT-045,Technical Assessor,2026-01-29,2026-01-31,27.0,Yes,4.6,4.7,4.8,4.4,4.63,Work sample evidence recorded against the controlled scoring key
INT-2026-0406,CAND-2026-0802,REQ-2026-ENG-G1,Structured Interview A,APD-INT-046,Hiring Manager,2026-01-31,2026-02-02,38.0,Yes,4.6,4.7,4.8,4.4,4.63,Behavioral evidence mapped to published BARS anchors
INT-2026-0407,CAND-2026-0802,REQ-2026-ENG-G1,Structured Interview B,APD-INT-047,Cross-functional Panelist,2026-02-02,2026-02-03,12.0,Yes,4.6,4.7,4.8,4.4,4.63,Independent follow-up evidence locked before panel release
INT-2026-0408,CAND-2026-0802,REQ-2026-ENG-G1,Calibration Review,APD-INT-048,Talent Acquisition Partner,2026-02-04,2026-02-05,23.0,Yes,4.6,4.7,4.8,4.4,4.63,Composite and decision evidence reviewed in calibration
INT-2026-0409,CAND-2026-0803,REQ-2026-ENG-G1,Work Sample Review,APD-INT-049,Technical Assessor,2026-02-05,2026-02-07,34.0,Yes,4.7,4.8,4.4,4.5,4.60,Work sample evidence recorded against the controlled scoring key
INT-2026-0410,CAND-2026-0803,REQ-2026-ENG-G1,Structured Interview A,APD-INT-050,Hiring Manager,2026-02-07,2026-02-09,45.0,Yes,4.7,4.8,4.4,4.5,4.60,Behavioral evidence mapped to published BARS anchors
INT-2026-0411,CAND-2026-0803,REQ-2026-ENG-G1,Structured Interview B,APD-INT-051,Cross-functional Panelist,2026-02-09,2026-02-10,19.0,Yes,4.7,4.8,4.4,4.5,4.60,Independent follow-up evidence locked before panel release
INT-2026-0412,CAND-2026-0803,REQ-2026-ENG-G1,Calibration Review,APD-INT-052,Talent Acquisition Partner,2026-02-11,2026-02-13,30.0,Yes,4.7,4.8,4.4,4.5,4.60,Composite and decision evidence reviewed in calibration
INT-2026-0413,CAND-2026-0804,REQ-2026-ENG-G1,Work Sample Review,APD-INT-053,Technical Assessor,2026-01-30,2026-02-01,41.0,Yes,4.5,4.6,4.7,4.8,4.65,Work sample evidence recorded against the controlled scoring key
INT-2026-0414,CAND-2026-0804,REQ-2026-ENG-G1,Structured Interview A,APD-INT-054,Hiring Manager,2026-02-01,2026-02-02,15.0,Yes,4.5,4.6,4.7,4.8,4.65,Behavioral evidence mapped to published BARS anchors
INT-2026-0415,CAND-2026-0804,REQ-2026-ENG-G1,Structured Interview B,APD-INT-055,Cross-functional Panelist,2026-02-03,2026-02-05,26.0,Yes,4.5,4.6,4.7,4.8,4.65,Independent follow-up evidence locked before panel release
INT-2026-0416,CAND-2026-0804,REQ-2026-ENG-G1,Calibration Review,APD-INT-056,Talent Acquisition Partner,2026-02-05,2026-02-07,37.0,Yes,4.5,4.6,4.7,4.8,4.65,Composite and decision evidence reviewed in calibration
INT-2026-0417,CAND-2026-0805,REQ-2026-ENG-G1,Work Sample Review,APD-INT-057,Technical Assessor,2026-02-06,2026-02-08,48.0,Yes,4.6,4.7,4.8,4.4,4.63,Work sample evidence recorded against the controlled scoring key
INT-2026-0418,CAND-2026-0805,REQ-2026-ENG-G1,Structured Interview A,APD-INT-058,Hiring Manager,2026-02-08,2026-02-09,22.0,Yes,4.6,4.7,4.8,4.4,4.63,Behavioral evidence mapped to published BARS anchors
INT-2026-0419,CAND-2026-0805,REQ-2026-ENG-G1,Structured Interview B,APD-INT-059,Cross-functional Panelist,2026-02-10,2026-02-12,33.0,Yes,4.6,4.7,4.8,4.4,4.63,Independent follow-up evidence locked before panel release
INT-2026-0420,CAND-2026-0805,REQ-2026-ENG-G1,Calibration Review,APD-INT-060,Talent Acquisition Partner,2026-02-12,2026-02-14,44.0,Yes,4.6,4.7,4.8,4.4,4.63,Composite and decision evidence reviewed in calibration
INT-2026-0421,CAND-2026-0806,REQ-2026-ENG-G1,Work Sample Review,APD-INT-001,Technical Assessor,2026-01-31,2026-02-01,18.0,Yes,4.8,4.4,4.5,4.6,4.58,Work sample evidence recorded against the controlled scoring key
INT-2026-0422,CAND-2026-0806,REQ-2026-ENG-G1,Structured Interview A,APD-INT-002,Hiring Manager,2026-02-02,2026-02-04,29.0,Yes,4.8,4.4,4.5,4.6,4.58,Behavioral evidence mapped to published BARS anchors
INT-2026-0423,CAND-2026-0806,REQ-2026-ENG-G1,Structured Interview B,APD-INT-003,Cross-functional Panelist,2026-02-04,2026-02-06,40.0,Yes,4.8,4.4,4.5,4.6,4.58,Independent follow-up evidence locked before panel release
INT-2026-0424,CAND-2026-0806,REQ-2026-ENG-G1,Calibration Review,APD-INT-004,Talent Acquisition Partner,2026-02-06,2026-02-07,14.0,Yes,4.8,4.4,4.5,4.6,4.58,Composite and decision evidence reviewed in calibration
INT-2026-0425,CAND-2026-0807,REQ-2026-ENG-G1,Work Sample Review,APD-INT-005,Technical Assessor,2026-02-07,2026-02-09,25.0,Yes,4.4,4.5,4.6,4.7,4.55,Work sample evidence recorded against the controlled scoring key
INT-2026-0426,CAND-2026-0807,REQ-2026-ENG-G1,Structured Interview A,APD-INT-006,Hiring Manager,2026-02-09,2026-02-11,36.0,Yes,4.4,4.5,4.6,4.7,4.55,Behavioral evidence mapped to published BARS anchors
INT-2026-0427,CAND-2026-0807,REQ-2026-ENG-G1,Structured Interview B,APD-INT-007,Cross-functional Panelist,2026-02-11,2026-02-13,47.0,Yes,4.4,4.5,4.6,4.7,4.55,Independent follow-up evidence locked before panel release
INT-2026-0428,CAND-2026-0807,REQ-2026-ENG-G1,Calibration Review,APD-INT-008,Talent Acquisition Partner,2026-02-13,2026-02-14,21.0,Yes,4.4,4.5,4.6,4.7,4.55,Composite and decision evidence reviewed in calibration
INT-2026-0429,CAND-2026-0808,REQ-2026-ENG-G1,Work Sample Review,APD-INT-009,Technical Assessor,2026-02-01,2026-02-03,32.0,Yes,4.5,4.6,4.7,4.8,4.65,Work sample evidence recorded against the controlled scoring key
INT-2026-0430,CAND-2026-0808,REQ-2026-ENG-G1,Structured Interview A,APD-INT-010,Hiring Manager,2026-02-03,2026-02-05,43.0,Yes,4.5,4.6,4.7,4.8,4.65,Behavioral evidence mapped to published BARS anchors
INT-2026-0431,CAND-2026-0808,REQ-2026-ENG-G1,Structured Interview B,APD-INT-011,Cross-functional Panelist,2026-02-05,2026-02-06,17.0,Yes,4.5,4.6,4.7,4.8,4.65,Independent follow-up evidence locked before panel release
INT-2026-0432,CAND-2026-0808,REQ-2026-ENG-G1,Calibration Review,APD-INT-012,Talent Acquisition Partner,2026-02-07,2026-02-09,28.0,Yes,4.5,4.6,4.7,4.8,4.65,Composite and decision evidence reviewed in calibration
INT-2026-0433,CAND-2026-0809,REQ-2026-ENG-G1,Work Sample Review,APD-INT-013,Technical Assessor,2026-02-08,2026-02-11,56.0,No,4.7,4.8,4.4,4.5,4.60,Work sample evidence recorded against the controlled scoring key
INT-2026-0434,CAND-2026-0809,REQ-2026-ENG-G1,Structured Interview A,APD-INT-014,Hiring Manager,2026-02-10,2026-02-13,63.0,No,4.7,4.8,4.4,4.5,4.60,Behavioral evidence mapped to published BARS anchors
INT-2026-0435,CAND-2026-0809,REQ-2026-ENG-G1,Structured Interview B,APD-INT-015,Cross-functional Panelist,2026-02-12,2026-02-15,70.0,No,4.7,4.8,4.4,4.5,4.60,Independent follow-up evidence locked before panel release
INT-2026-0436,CAND-2026-0809,REQ-2026-ENG-G1,Calibration Review,APD-INT-016,Talent Acquisition Partner,2026-02-14,2026-02-17,53.0,No,4.7,4.8,4.4,4.5,4.60,Composite and decision evidence reviewed in calibration
INT-2026-0437,CAND-2026-0810,REQ-2026-ENG-G1,Work Sample Review,APD-INT-017,Technical Assessor,2026-02-02,2026-02-04,46.0,Yes,4.8,4.4,4.5,4.6,4.58,Work sample evidence recorded against the controlled scoring key
INT-2026-0438,CAND-2026-0810,REQ-2026-ENG-G1,Structured Interview A,APD-INT-018,Hiring Manager,2026-02-04,2026-02-05,20.0,Yes,4.8,4.4,4.5,4.6,4.58,Behavioral evidence mapped to published BARS anchors
INT-2026-0439,CAND-2026-0810,REQ-2026-ENG-G1,Structured Interview B,APD-INT-019,Cross-functional Panelist,2026-02-06,2026-02-08,31.0,Yes,4.8,4.4,4.5,4.6,4.58,Independent follow-up evidence locked before panel release
INT-2026-0440,CAND-2026-0810,REQ-2026-ENG-G1,Calibration Review,APD-INT-020,Talent Acquisition Partner,2026-02-08,2026-02-10,42.0,Yes,4.8,4.4,4.5,4.6,4.58,Composite and decision evidence reviewed in calibration
INT-2026-0441,CAND-2026-0811,REQ-2026-ENG-G1,Work Sample Review,APD-INT-021,Technical Assessor,2026-02-09,2026-02-10,16.0,Yes,4.6,4.7,4.8,4.4,4.63,Work sample evidence recorded against the controlled scoring key
INT-2026-0442,CAND-2026-0811,REQ-2026-ENG-G1,Structured Interview A,APD-INT-022,Hiring Manager,2026-02-11,2026-02-13,27.0,Yes,4.6,4.7,4.8,4.4,4.63,Behavioral evidence mapped to published BARS anchors
INT-2026-0443,CAND-2026-0811,REQ-2026-ENG-G1,Structured Interview B,APD-INT-023,Cross-functional Panelist,2026-02-13,2026-02-15,38.0,Yes,4.6,4.7,4.8,4.4,4.63,Independent follow-up evidence locked before panel release
INT-2026-0444,CAND-2026-0811,REQ-2026-ENG-G1,Calibration Review,APD-INT-024,Talent Acquisition Partner,2026-02-15,2026-02-16,12.0,Yes,4.6,4.7,4.8,4.4,4.63,Composite and decision evidence reviewed in calibration
INT-2026-0445,CAND-2026-0812,REQ-2026-ENG-G1,Work Sample Review,APD-INT-025,Technical Assessor,2026-02-03,2026-02-04,23.0,Yes,4.7,4.8,4.4,4.5,4.60,Work sample evidence recorded against the controlled scoring key
INT-2026-0446,CAND-2026-0812,REQ-2026-ENG-G1,Structured Interview A,APD-INT-026,Hiring Manager,2026-02-05,2026-02-07,34.0,Yes,4.7,4.8,4.4,4.5,4.60,Behavioral evidence mapped to published BARS anchors
INT-2026-0447,CAND-2026-0812,REQ-2026-ENG-G1,Structured Interview B,APD-INT-027,Cross-functional Panelist,2026-02-07,2026-02-09,45.0,Yes,4.7,4.8,4.4,4.5,4.60,Independent follow-up evidence locked before panel release
INT-2026-0448,CAND-2026-0812,REQ-2026-ENG-G1,Calibration Review,APD-INT-028,Talent Acquisition Partner,2026-02-09,2026-02-10,19.0,Yes,4.7,4.8,4.4,4.5,4.60,Composite and decision evidence reviewed in calibration
INT-2026-0449,CAND-2026-0813,REQ-2026-ENG-G1,Work Sample Review,APD-INT-029,Technical Assessor,2026-01-28,2026-01-30,30.0,Yes,4.8,4.4,4.5,4.6,4.58,Work sample evidence recorded against the controlled scoring key
INT-2026-0450,CAND-2026-0813,REQ-2026-ENG-G1,Structured Interview A,APD-INT-030,Hiring Manager,2026-01-30,2026-02-01,41.0,Yes,4.8,4.4,4.5,4.6,4.58,Behavioral evidence mapped to published BARS anchors
INT-2026-0451,CAND-2026-0813,REQ-2026-ENG-G1,Structured Interview B,APD-INT-031,Cross-functional Panelist,2026-02-01,2026-02-02,15.0,Yes,4.8,4.4,4.5,4.6,4.58,Independent follow-up evidence locked before panel release
INT-2026-0452,CAND-2026-0813,REQ-2026-ENG-G1,Calibration Review,APD-INT-032,Talent Acquisition Partner,2026-02-03,2026-02-05,26.0,Yes,4.8,4.4,4.5,4.6,4.58,Composite and decision evidence reviewed in calibration
INT-2026-0453,CAND-2026-0814,REQ-2026-ENG-G1,Work Sample Review,APD-INT-033,Technical Assessor,2026-02-04,2026-02-06,37.0,Yes,4.4,4.5,4.6,4.7,4.55,Work sample evidence recorded against the controlled scoring key
INT-2026-0454,CAND-2026-0814,REQ-2026-ENG-G1,Structured Interview A,APD-INT-034,Hiring Manager,2026-02-06,2026-02-08,48.0,Yes,4.4,4.5,4.6,4.7,4.55,Behavioral evidence mapped to published BARS anchors
INT-2026-0455,CAND-2026-0814,REQ-2026-ENG-G1,Structured Interview B,APD-INT-035,Cross-functional Panelist,2026-02-08,2026-02-09,22.0,Yes,4.4,4.5,4.6,4.7,4.55,Independent follow-up evidence locked before panel release
INT-2026-0456,CAND-2026-0814,REQ-2026-ENG-G1,Calibration Review,APD-INT-036,Talent Acquisition Partner,2026-02-10,2026-02-12,33.0,Yes,4.4,4.5,4.6,4.7,4.55,Composite and decision evidence reviewed in calibration
INT-2026-0457,CAND-2026-0815,REQ-2026-ENG-G1,Work Sample Review,APD-INT-037,Technical Assessor,2026-01-29,2026-01-31,44.0,Yes,4.5,4.6,4.7,4.8,4.65,Work sample evidence recorded against the controlled scoring key
INT-2026-0458,CAND-2026-0815,REQ-2026-ENG-G1,Structured Interview A,APD-INT-038,Hiring Manager,2026-01-31,2026-02-01,18.0,Yes,4.5,4.6,4.7,4.8,4.65,Behavioral evidence mapped to published BARS anchors
INT-2026-0459,CAND-2026-0815,REQ-2026-ENG-G1,Structured Interview B,APD-INT-039,Cross-functional Panelist,2026-02-02,2026-02-04,29.0,Yes,4.5,4.6,4.7,4.8,4.65,Independent follow-up evidence locked before panel release
INT-2026-0460,CAND-2026-0815,REQ-2026-ENG-G1,Calibration Review,APD-INT-040,Talent Acquisition Partner,2026-02-04,2026-02-06,40.0,Yes,4.5,4.6,4.7,4.8,4.65,Composite and decision evidence reviewed in calibration
INT-2026-0461,CAND-2026-0816,REQ-2026-ENG-G1,Work Sample Review,APD-INT-041,Technical Assessor,2026-02-05,2026-02-06,14.0,Yes,4.4,4.5,4.6,4.7,4.55,Work sample evidence recorded against the controlled scoring key
INT-2026-0462,CAND-2026-0816,REQ-2026-ENG-G1,Structured Interview A,APD-INT-042,Hiring Manager,2026-02-07,2026-02-09,25.0,Yes,4.4,4.5,4.6,4.7,4.55,Behavioral evidence mapped to published BARS anchors
INT-2026-0463,CAND-2026-0816,REQ-2026-ENG-G1,Structured Interview B,APD-INT-043,Cross-functional Panelist,2026-02-09,2026-02-11,36.0,Yes,4.4,4.5,4.6,4.7,4.55,Independent follow-up evidence locked before panel release
INT-2026-0464,CAND-2026-0816,REQ-2026-ENG-G1,Calibration Review,APD-INT-044,Talent Acquisition Partner,2026-02-11,2026-02-13,47.0,Yes,4.4,4.5,4.6,4.7,4.55,Composite and decision evidence reviewed in calibration
INT-2026-0465,CAND-2026-0817,REQ-2026-ENG-G1,Work Sample Review,APD-INT-045,Technical Assessor,2026-01-30,2026-01-31,21.0,Yes,4.5,4.6,4.7,4.8,4.65,Work sample evidence recorded against the controlled scoring key
INT-2026-0466,CAND-2026-0817,REQ-2026-ENG-G1,Structured Interview A,APD-INT-046,Hiring Manager,2026-02-01,2026-02-03,32.0,Yes,4.5,4.6,4.7,4.8,4.65,Behavioral evidence mapped to published BARS anchors
INT-2026-0467,CAND-2026-0817,REQ-2026-ENG-G1,Structured Interview B,APD-INT-047,Cross-functional Panelist,2026-02-03,2026-02-05,43.0,Yes,4.5,4.6,4.7,4.8,4.65,Independent follow-up evidence locked before panel release
INT-2026-0468,CAND-2026-0817,REQ-2026-ENG-G1,Calibration Review,APD-INT-048,Talent Acquisition Partner,2026-02-05,2026-02-06,17.0,Yes,4.5,4.6,4.7,4.8,4.65,Composite and decision evidence reviewed in calibration
INT-2026-0469,CAND-2026-0818,REQ-2026-ENG-G1,Work Sample Review,APD-INT-049,Technical Assessor,2026-02-06,2026-02-08,28.0,Yes,4.6,4.7,4.8,4.4,4.63,Work sample evidence recorded against the controlled scoring key
INT-2026-0470,CAND-2026-0818,REQ-2026-ENG-G1,Structured Interview A,APD-INT-050,Hiring Manager,2026-02-08,2026-02-10,39.0,Yes,4.6,4.7,4.8,4.4,4.63,Behavioral evidence mapped to published BARS anchors
INT-2026-0471,CAND-2026-0818,REQ-2026-ENG-G1,Structured Interview B,APD-INT-051,Cross-functional Panelist,2026-02-10,2026-02-11,13.0,Yes,4.6,4.7,4.8,4.4,4.63,Independent follow-up evidence locked before panel release
INT-2026-0472,CAND-2026-0818,REQ-2026-ENG-G1,Calibration Review,APD-INT-052,Talent Acquisition Partner,2026-02-12,2026-02-13,24.0,Yes,4.6,4.7,4.8,4.4,4.63,Composite and decision evidence reviewed in calibration
INT-2026-0473,CAND-2026-0819,REQ-2026-ENG-G1,Work Sample Review,APD-INT-053,Technical Assessor,2026-01-31,2026-02-02,35.0,Yes,4.6,4.7,4.8,4.4,4.63,Work sample evidence recorded against the controlled scoring key
INT-2026-0474,CAND-2026-0819,REQ-2026-ENG-G1,Structured Interview A,APD-INT-054,Hiring Manager,2026-02-02,2026-02-04,46.0,Yes,4.6,4.7,4.8,4.4,4.63,Behavioral evidence mapped to published BARS anchors
INT-2026-0475,CAND-2026-0819,REQ-2026-ENG-G1,Structured Interview B,APD-INT-055,Cross-functional Panelist,2026-02-04,2026-02-05,20.0,Yes,4.6,4.7,4.8,4.4,4.63,Independent follow-up evidence locked before panel release
INT-2026-0476,CAND-2026-0819,REQ-2026-ENG-G1,Calibration Review,APD-INT-056,Talent Acquisition Partner,2026-02-06,2026-02-08,31.0,Yes,4.6,4.7,4.8,4.4,4.63,Composite and decision evidence reviewed in calibration
INT-2026-0477,CAND-2026-0820,REQ-2026-ENG-G1,Work Sample Review,APD-INT-057,Technical Assessor,2026-02-07,2026-02-09,42.0,Yes,4.7,4.8,4.4,4.5,4.60,Work sample evidence recorded against the controlled scoring key
INT-2026-0478,CAND-2026-0820,REQ-2026-ENG-G1,Structured Interview A,APD-INT-058,Hiring Manager,2026-02-09,2026-02-10,16.0,Yes,4.7,4.8,4.4,4.5,4.60,Behavioral evidence mapped to published BARS anchors
INT-2026-0479,CAND-2026-0820,REQ-2026-ENG-G1,Structured Interview B,APD-INT-059,Cross-functional Panelist,2026-02-11,2026-02-13,27.0,Yes,4.7,4.8,4.4,4.5,4.60,Independent follow-up evidence locked before panel release
INT-2026-0480,CAND-2026-0820,REQ-2026-ENG-G1,Calibration Review,APD-INT-060,Talent Acquisition Partner,2026-02-13,2026-02-15,38.0,Yes,4.7,4.8,4.4,4.5,4.60,Composite and decision evidence reviewed in calibration
INT-2026-0481,CAND-2026-0821,REQ-2026-ENG-G1,Work Sample Review,APD-INT-001,Technical Assessor,2026-02-01,2026-02-02,12.0,Yes,4.7,4.8,4.4,4.5,4.60,Work sample evidence recorded against the controlled scoring key
INT-2026-0482,CAND-2026-0821,REQ-2026-ENG-G1,Structured Interview A,APD-INT-002,Hiring Manager,2026-02-03,2026-02-04,23.0,Yes,4.7,4.8,4.4,4.5,4.60,Behavioral evidence mapped to published BARS anchors
INT-2026-0483,CAND-2026-0821,REQ-2026-ENG-G1,Structured Interview B,APD-INT-003,Cross-functional Panelist,2026-02-05,2026-02-07,34.0,Yes,4.7,4.8,4.4,4.5,4.60,Independent follow-up evidence locked before panel release
INT-2026-0484,CAND-2026-0821,REQ-2026-ENG-G1,Calibration Review,APD-INT-004,Talent Acquisition Partner,2026-02-07,2026-02-09,45.0,Yes,4.7,4.8,4.4,4.5,4.60,Composite and decision evidence reviewed in calibration
INT-2026-0485,CAND-2026-0822,REQ-2026-ENG-G1,Work Sample Review,APD-INT-005,Technical Assessor,2026-02-08,2026-02-09,19.0,Yes,4.8,4.4,4.5,4.6,4.58,Work sample evidence recorded against the controlled scoring key
INT-2026-0486,CAND-2026-0822,REQ-2026-ENG-G1,Structured Interview A,APD-INT-006,Hiring Manager,2026-02-10,2026-02-12,30.0,Yes,4.8,4.4,4.5,4.6,4.58,Behavioral evidence mapped to published BARS anchors
INT-2026-0487,CAND-2026-0822,REQ-2026-ENG-G1,Structured Interview B,APD-INT-007,Cross-functional Panelist,2026-02-12,2026-02-15,50.0,No,4.8,4.4,4.5,4.6,4.58,Independent follow-up evidence locked before panel release
INT-2026-0488,CAND-2026-0822,REQ-2026-ENG-G1,Calibration Review,APD-INT-008,Talent Acquisition Partner,2026-02-14,2026-02-17,57.0,No,4.8,4.4,4.5,4.6,4.58,Composite and decision evidence reviewed in calibration
INT-2026-0489,CAND-2026-0823,REQ-2026-ENG-G1,Work Sample Review,APD-INT-009,Technical Assessor,2026-02-02,2026-02-05,64.0,No,4.4,4.5,4.6,4.7,4.55,Work sample evidence recorded against the controlled scoring key
INT-2026-0490,CAND-2026-0823,REQ-2026-ENG-G1,Structured Interview A,APD-INT-010,Hiring Manager,2026-02-04,2026-02-07,71.0,No,4.4,4.5,4.6,4.7,4.55,Behavioral evidence mapped to published BARS anchors
INT-2026-0491,CAND-2026-0823,REQ-2026-ENG-G1,Structured Interview B,APD-INT-011,Cross-functional Panelist,2026-02-06,2026-02-08,48.0,Yes,4.4,4.5,4.6,4.7,4.55,Independent follow-up evidence locked before panel release
INT-2026-0492,CAND-2026-0823,REQ-2026-ENG-G1,Calibration Review,APD-INT-012,Talent Acquisition Partner,2026-02-08,2026-02-09,22.0,Yes,4.4,4.5,4.6,4.7,4.55,Composite and decision evidence reviewed in calibration
INT-2026-0493,CAND-2026-0824,REQ-2026-ENG-G1,Work Sample Review,APD-INT-013,Technical Assessor,2026-02-09,2026-02-11,33.0,Yes,4.8,4.4,4.5,4.6,4.58,Work sample evidence recorded against the controlled scoring key
INT-2026-0494,CAND-2026-0824,REQ-2026-ENG-G1,Structured Interview A,APD-INT-014,Hiring Manager,2026-02-11,2026-02-13,44.0,Yes,4.8,4.4,4.5,4.6,4.58,Behavioral evidence mapped to published BARS anchors
INT-2026-0495,CAND-2026-0824,REQ-2026-ENG-G1,Structured Interview B,APD-INT-015,Cross-functional Panelist,2026-02-13,2026-02-14,18.0,Yes,4.8,4.4,4.5,4.6,4.58,Independent follow-up evidence locked before panel release
INT-2026-0496,CAND-2026-0824,REQ-2026-ENG-G1,Calibration Review,APD-INT-016,Talent Acquisition Partner,2026-02-15,2026-02-17,29.0,Yes,4.8,4.4,4.5,4.6,4.58,Composite and decision evidence reviewed in calibration
INT-2026-0497,CAND-2026-0825,REQ-2026-ENG-G1,Work Sample Review,APD-INT-017,Technical Assessor,2026-02-03,2026-02-05,40.0,Yes,4.4,4.5,4.6,4.7,4.55,Work sample evidence recorded against the controlled scoring key
INT-2026-0498,CAND-2026-0825,REQ-2026-ENG-G1,Structured Interview A,APD-INT-018,Hiring Manager,2026-02-05,2026-02-06,14.0,Yes,4.4,4.5,4.6,4.7,4.55,Behavioral evidence mapped to published BARS anchors
INT-2026-0499,CAND-2026-0825,REQ-2026-ENG-G1,Structured Interview B,APD-INT-019,Cross-functional Panelist,2026-02-07,2026-02-09,25.0,Yes,4.4,4.5,4.6,4.7,4.55,Independent follow-up evidence locked before panel release
INT-2026-0500,CAND-2026-0825,REQ-2026-ENG-G1,Calibration Review,APD-INT-020,Talent Acquisition Partner,2026-02-09,2026-02-11,36.0,Yes,4.4,4.5,4.6,4.7,4.55,Composite and decision evidence reviewed in calibration
INT-2026-0501,CAND-2026-0826,REQ-2026-ENG-G1,Work Sample Review,APD-INT-021,Technical Assessor,2026-01-28,2026-01-30,47.0,Yes,4.5,4.6,4.7,4.8,4.65,Work sample evidence recorded against the controlled scoring key
INT-2026-0502,CAND-2026-0826,REQ-2026-ENG-G1,Structured Interview A,APD-INT-022,Hiring Manager,2026-01-30,2026-01-31,21.0,Yes,4.5,4.6,4.7,4.8,4.65,Behavioral evidence mapped to published BARS anchors
INT-2026-0503,CAND-2026-0826,REQ-2026-ENG-G1,Structured Interview B,APD-INT-023,Cross-functional Panelist,2026-02-01,2026-02-03,32.0,Yes,4.5,4.6,4.7,4.8,4.65,Independent follow-up evidence locked before panel release
INT-2026-0504,CAND-2026-0826,REQ-2026-ENG-G1,Calibration Review,APD-INT-024,Talent Acquisition Partner,2026-02-03,2026-02-05,43.0,Yes,4.5,4.6,4.7,4.8,4.65,Composite and decision evidence reviewed in calibration
INT-2026-0505,CAND-2026-0827,REQ-2026-ENG-G1,Work Sample Review,APD-INT-025,Technical Assessor,2026-02-04,2026-02-05,17.0,Yes,4.6,4.7,4.8,4.4,4.63,Work sample evidence recorded against the controlled scoring key
INT-2026-0506,CAND-2026-0827,REQ-2026-ENG-G1,Structured Interview A,APD-INT-026,Hiring Manager,2026-02-06,2026-02-08,28.0,Yes,4.6,4.7,4.8,4.4,4.63,Behavioral evidence mapped to published BARS anchors
INT-2026-0507,CAND-2026-0827,REQ-2026-ENG-G1,Structured Interview B,APD-INT-027,Cross-functional Panelist,2026-02-08,2026-02-10,39.0,Yes,4.6,4.7,4.8,4.4,4.63,Independent follow-up evidence locked before panel release
INT-2026-0508,CAND-2026-0827,REQ-2026-ENG-G1,Calibration Review,APD-INT-028,Talent Acquisition Partner,2026-02-10,2026-02-11,13.0,Yes,4.6,4.7,4.8,4.4,4.63,Composite and decision evidence reviewed in calibration
INT-2026-0509,CAND-2026-0828,REQ-2026-ENG-G1,Work Sample Review,APD-INT-029,Technical Assessor,2026-01-29,2026-01-30,24.0,Yes,4.7,4.8,4.4,4.5,4.60,Work sample evidence recorded against the controlled scoring key
INT-2026-0510,CAND-2026-0828,REQ-2026-ENG-G1,Structured Interview A,APD-INT-030,Hiring Manager,2026-01-31,2026-02-02,35.0,Yes,4.7,4.8,4.4,4.5,4.60,Behavioral evidence mapped to published BARS anchors
INT-2026-0511,CAND-2026-0828,REQ-2026-ENG-G1,Structured Interview B,APD-INT-031,Cross-functional Panelist,2026-02-02,2026-02-04,46.0,Yes,4.7,4.8,4.4,4.5,4.60,Independent follow-up evidence locked before panel release
INT-2026-0512,CAND-2026-0828,REQ-2026-ENG-G1,Calibration Review,APD-INT-032,Talent Acquisition Partner,2026-02-04,2026-02-05,20.0,Yes,4.7,4.8,4.4,4.5,4.60,Composite and decision evidence reviewed in calibration
INT-2026-0513,CAND-2026-0829,REQ-2026-ENG-G1,Work Sample Review,APD-INT-033,Technical Assessor,2026-02-05,2026-02-07,31.0,Yes,4.5,4.6,4.7,4.8,4.65,Work sample evidence recorded against the controlled scoring key
INT-2026-0514,CAND-2026-0829,REQ-2026-ENG-G1,Structured Interview A,APD-INT-034,Hiring Manager,2026-02-07,2026-02-09,42.0,Yes,4.5,4.6,4.7,4.8,4.65,Behavioral evidence mapped to published BARS anchors
INT-2026-0515,CAND-2026-0829,REQ-2026-ENG-G1,Structured Interview B,APD-INT-035,Cross-functional Panelist,2026-02-09,2026-02-10,16.0,Yes,4.5,4.6,4.7,4.8,4.65,Independent follow-up evidence locked before panel release
INT-2026-0516,CAND-2026-0829,REQ-2026-ENG-G1,Calibration Review,APD-INT-036,Talent Acquisition Partner,2026-02-11,2026-02-13,27.0,Yes,4.5,4.6,4.7,4.8,4.65,Composite and decision evidence reviewed in calibration
INT-2026-0517,CAND-2026-0830,REQ-2026-ENG-G1,Work Sample Review,APD-INT-037,Technical Assessor,2026-01-30,2026-02-01,38.0,Yes,4.6,4.7,4.8,4.4,4.63,Work sample evidence recorded against the controlled scoring key
INT-2026-0518,CAND-2026-0830,REQ-2026-ENG-G1,Structured Interview A,APD-INT-038,Hiring Manager,2026-02-01,2026-02-02,12.0,Yes,4.6,4.7,4.8,4.4,4.63,Behavioral evidence mapped to published BARS anchors
INT-2026-0519,CAND-2026-0830,REQ-2026-ENG-G1,Structured Interview B,APD-INT-039,Cross-functional Panelist,2026-02-03,2026-02-04,23.0,Yes,4.6,4.7,4.8,4.4,4.63,Independent follow-up evidence locked before panel release
INT-2026-0520,CAND-2026-0830,REQ-2026-ENG-G1,Calibration Review,APD-INT-040,Talent Acquisition Partner,2026-02-05,2026-02-07,34.0,Yes,4.6,4.7,4.8,4.4,4.63,Composite and decision evidence reviewed in calibration
INT-2026-0521,CAND-2026-0831,REQ-2026-ENG-G1,Work Sample Review,APD-INT-041,Technical Assessor,2026-02-06,2026-02-08,45.0,Yes,4.8,4.4,4.5,4.6,4.58,Work sample evidence recorded against the controlled scoring key
INT-2026-0522,CAND-2026-0831,REQ-2026-ENG-G1,Structured Interview A,APD-INT-042,Hiring Manager,2026-02-08,2026-02-09,19.0,Yes,4.8,4.4,4.5,4.6,4.58,Behavioral evidence mapped to published BARS anchors
INT-2026-0523,CAND-2026-0831,REQ-2026-ENG-G1,Structured Interview B,APD-INT-043,Cross-functional Panelist,2026-02-10,2026-02-12,30.0,Yes,4.8,4.4,4.5,4.6,4.58,Independent follow-up evidence locked before panel release
INT-2026-0524,CAND-2026-0831,REQ-2026-ENG-G1,Calibration Review,APD-INT-044,Talent Acquisition Partner,2026-02-12,2026-02-14,41.0,Yes,4.8,4.4,4.5,4.6,4.58,Composite and decision evidence reviewed in calibration
INT-2026-0525,CAND-2026-0832,REQ-2026-ENG-G1,Work Sample Review,APD-INT-045,Technical Assessor,2026-01-31,2026-02-01,15.0,Yes,4.4,4.5,4.6,4.7,4.55,Work sample evidence recorded against the controlled scoring key
INT-2026-0526,CAND-2026-0832,REQ-2026-ENG-G1,Structured Interview A,APD-INT-046,Hiring Manager,2026-02-02,2026-02-04,26.0,Yes,4.4,4.5,4.6,4.7,4.55,Behavioral evidence mapped to published BARS anchors
INT-2026-0527,CAND-2026-0832,REQ-2026-ENG-G1,Structured Interview B,APD-INT-047,Cross-functional Panelist,2026-02-04,2026-02-06,37.0,Yes,4.4,4.5,4.6,4.7,4.55,Independent follow-up evidence locked before panel release
INT-2026-0528,CAND-2026-0832,REQ-2026-ENG-G1,Calibration Review,APD-INT-048,Talent Acquisition Partner,2026-02-06,2026-02-08,48.0,Yes,4.4,4.5,4.6,4.7,4.55,Composite and decision evidence reviewed in calibration
INT-2026-0529,CAND-2026-0833,REQ-2026-ENG-G1,Work Sample Review,APD-INT-049,Technical Assessor,2026-02-07,2026-02-08,22.0,Yes,4.5,4.6,4.7,4.8,4.65,Work sample evidence recorded against the controlled scoring key
INT-2026-0530,CAND-2026-0833,REQ-2026-ENG-G1,Structured Interview A,APD-INT-050,Hiring Manager,2026-02-09,2026-02-11,33.0,Yes,4.5,4.6,4.7,4.8,4.65,Behavioral evidence mapped to published BARS anchors
INT-2026-0531,CAND-2026-0833,REQ-2026-ENG-G1,Structured Interview B,APD-INT-051,Cross-functional Panelist,2026-02-11,2026-02-13,44.0,Yes,4.5,4.6,4.7,4.8,4.65,Independent follow-up evidence locked before panel release
INT-2026-0532,CAND-2026-0833,REQ-2026-ENG-G1,Calibration Review,APD-INT-052,Talent Acquisition Partner,2026-02-13,2026-02-14,18.0,Yes,4.5,4.6,4.7,4.8,4.65,Composite and decision evidence reviewed in calibration
INT-2026-0533,CAND-2026-0834,REQ-2026-ENG-G1,Work Sample Review,APD-INT-053,Technical Assessor,2026-02-01,2026-02-03,29.0,Yes,4.7,4.8,4.4,4.5,4.60,Work sample evidence recorded against the controlled scoring key
INT-2026-0534,CAND-2026-0834,REQ-2026-ENG-G1,Structured Interview A,APD-INT-054,Hiring Manager,2026-02-03,2026-02-05,40.0,Yes,4.7,4.8,4.4,4.5,4.60,Behavioral evidence mapped to published BARS anchors
INT-2026-0535,CAND-2026-0834,REQ-2026-ENG-G1,Structured Interview B,APD-INT-055,Cross-functional Panelist,2026-02-05,2026-02-06,14.0,Yes,4.7,4.8,4.4,4.5,4.60,Independent follow-up evidence locked before panel release
INT-2026-0536,CAND-2026-0834,REQ-2026-ENG-G1,Calibration Review,APD-INT-056,Talent Acquisition Partner,2026-02-07,2026-02-09,25.0,Yes,4.7,4.8,4.4,4.5,4.60,Composite and decision evidence reviewed in calibration
INT-2026-0537,CAND-2026-0835,REQ-2026-ENG-G1,Work Sample Review,APD-INT-057,Technical Assessor,2026-02-08,2026-02-10,36.0,Yes,4.8,4.4,4.5,4.6,4.58,Work sample evidence recorded against the controlled scoring key
INT-2026-0538,CAND-2026-0835,REQ-2026-ENG-G1,Structured Interview A,APD-INT-058,Hiring Manager,2026-02-10,2026-02-12,47.0,Yes,4.8,4.4,4.5,4.6,4.58,Behavioral evidence mapped to published BARS anchors
INT-2026-0539,CAND-2026-0835,REQ-2026-ENG-G1,Structured Interview B,APD-INT-059,Cross-functional Panelist,2026-02-12,2026-02-13,21.0,Yes,4.8,4.4,4.5,4.6,4.58,Independent follow-up evidence locked before panel release
INT-2026-0540,CAND-2026-0835,REQ-2026-ENG-G1,Calibration Review,APD-INT-060,Talent Acquisition Partner,2026-02-14,2026-02-16,32.0,Yes,4.8,4.4,4.5,4.6,4.58,Composite and decision evidence reviewed in calibration
INT-2026-0541,CAND-2026-0836,REQ-2026-ENG-G1,Work Sample Review,APD-INT-001,Technical Assessor,2026-02-02,2026-02-05,68.0,No,4.6,4.7,4.8,4.4,4.63,Work sample evidence recorded against the controlled scoring key
INT-2026-0542,CAND-2026-0836,REQ-2026-ENG-G1,Structured Interview A,APD-INT-002,Hiring Manager,2026-02-04,2026-02-07,51.0,No,4.6,4.7,4.8,4.4,4.63,Behavioral evidence mapped to published BARS anchors
INT-2026-0543,CAND-2026-0836,REQ-2026-ENG-G1,Structured Interview B,APD-INT-003,Cross-functional Panelist,2026-02-06,2026-02-09,58.0,No,4.6,4.7,4.8,4.4,4.63,Independent follow-up evidence locked before panel release
INT-2026-0544,CAND-2026-0836,REQ-2026-ENG-G1,Calibration Review,APD-INT-004,Talent Acquisition Partner,2026-02-08,2026-02-11,65.0,No,4.6,4.7,4.8,4.4,4.63,Composite and decision evidence reviewed in calibration
INT-2026-0545,CAND-2026-0837,REQ-2026-ENG-G1,Work Sample Review,APD-INT-005,Technical Assessor,2026-02-09,2026-02-10,13.0,Yes,4.7,4.8,4.4,4.5,4.60,Work sample evidence recorded against the controlled scoring key
INT-2026-0546,CAND-2026-0837,REQ-2026-ENG-G1,Structured Interview A,APD-INT-006,Hiring Manager,2026-02-11,2026-02-12,24.0,Yes,4.7,4.8,4.4,4.5,4.60,Behavioral evidence mapped to published BARS anchors
INT-2026-0547,CAND-2026-0837,REQ-2026-ENG-G1,Structured Interview B,APD-INT-007,Cross-functional Panelist,2026-02-13,2026-02-15,35.0,Yes,4.7,4.8,4.4,4.5,4.60,Independent follow-up evidence locked before panel release
INT-2026-0548,CAND-2026-0837,REQ-2026-ENG-G1,Calibration Review,APD-INT-008,Talent Acquisition Partner,2026-02-15,2026-02-17,46.0,Yes,4.7,4.8,4.4,4.5,4.60,Composite and decision evidence reviewed in calibration
INT-2026-0549,CAND-2026-0838,REQ-2026-ENG-G1,Work Sample Review,APD-INT-009,Technical Assessor,2026-02-03,2026-02-04,20.0,Yes,4.8,4.4,4.5,4.6,4.58,Work sample evidence recorded against the controlled scoring key
INT-2026-0550,CAND-2026-0838,REQ-2026-ENG-G1,Structured Interview A,APD-INT-010,Hiring Manager,2026-02-05,2026-02-07,31.0,Yes,4.8,4.4,4.5,4.6,4.58,Behavioral evidence mapped to published BARS anchors
INT-2026-0551,CAND-2026-0838,REQ-2026-ENG-G1,Structured Interview B,APD-INT-011,Cross-functional Panelist,2026-02-07,2026-02-09,42.0,Yes,4.8,4.4,4.5,4.6,4.58,Independent follow-up evidence locked before panel release
INT-2026-0552,CAND-2026-0838,REQ-2026-ENG-G1,Calibration Review,APD-INT-012,Talent Acquisition Partner,2026-02-09,2026-02-10,16.0,Yes,4.8,4.4,4.5,4.6,4.58,Composite and decision evidence reviewed in calibration
INT-2026-0553,CAND-2026-0839,REQ-2026-ENG-G1,Work Sample Review,APD-INT-013,Technical Assessor,2026-01-28,2026-01-30,27.0,Yes,4.4,4.5,4.6,4.7,4.55,Work sample evidence recorded against the controlled scoring key
INT-2026-0554,CAND-2026-0839,REQ-2026-ENG-G1,Structured Interview A,APD-INT-014,Hiring Manager,2026-01-30,2026-02-01,38.0,Yes,4.4,4.5,4.6,4.7,4.55,Behavioral evidence mapped to published BARS anchors
INT-2026-0555,CAND-2026-0839,REQ-2026-ENG-G1,Structured Interview B,APD-INT-015,Cross-functional Panelist,2026-02-01,2026-02-02,12.0,Yes,4.4,4.5,4.6,4.7,4.55,Independent follow-up evidence locked before panel release
INT-2026-0556,CAND-2026-0839,REQ-2026-ENG-G1,Calibration Review,APD-INT-016,Talent Acquisition Partner,2026-02-03,2026-02-04,23.0,Yes,4.4,4.5,4.6,4.7,4.55,Composite and decision evidence reviewed in calibration
INT-2026-0557,CAND-2026-0840,REQ-2026-ENG-G1,Work Sample Review,APD-INT-017,Technical Assessor,2026-02-04,2026-02-06,34.0,Yes,4.5,4.6,4.7,4.8,4.65,Work sample evidence recorded against the controlled scoring key
INT-2026-0558,CAND-2026-0840,REQ-2026-ENG-G1,Structured Interview A,APD-INT-018,Hiring Manager,2026-02-06,2026-02-08,45.0,Yes,4.5,4.6,4.7,4.8,4.65,Behavioral evidence mapped to published BARS anchors
INT-2026-0559,CAND-2026-0840,REQ-2026-ENG-G1,Structured Interview B,APD-INT-019,Cross-functional Panelist,2026-02-08,2026-02-09,19.0,Yes,4.5,4.6,4.7,4.8,4.65,Independent follow-up evidence locked before panel release
INT-2026-0560,CAND-2026-0840,REQ-2026-ENG-G1,Calibration Review,APD-INT-020,Talent Acquisition Partner,2026-02-10,2026-02-12,30.0,Yes,4.5,4.6,4.7,4.8,4.65,Composite and decision evidence reviewed in calibration
INT-2026-0561,CAND-2026-0841,REQ-2026-ENG-G1,Work Sample Review,APD-INT-021,Technical Assessor,2026-01-29,2026-01-31,41.0,Yes,4.4,4.5,4.6,4.7,4.55,Work sample evidence recorded against the controlled scoring key
INT-2026-0562,CAND-2026-0841,REQ-2026-ENG-G1,Structured Interview A,APD-INT-022,Hiring Manager,2026-01-31,2026-02-01,15.0,Yes,4.4,4.5,4.6,4.7,4.55,Behavioral evidence mapped to published BARS anchors
INT-2026-0563,CAND-2026-0841,REQ-2026-ENG-G1,Structured Interview B,APD-INT-023,Cross-functional Panelist,2026-02-02,2026-02-04,26.0,Yes,4.4,4.5,4.6,4.7,4.55,Independent follow-up evidence locked before panel release
INT-2026-0564,CAND-2026-0841,REQ-2026-ENG-G1,Calibration Review,APD-INT-024,Talent Acquisition Partner,2026-02-04,2026-02-06,37.0,Yes,4.4,4.5,4.6,4.7,4.55,Composite and decision evidence reviewed in calibration
INT-2026-0565,CAND-2026-0842,REQ-2026-ENG-G1,Work Sample Review,APD-INT-025,Technical Assessor,2026-02-05,2026-02-07,48.0,Yes,4.5,4.6,4.7,4.8,4.65,Work sample evidence recorded against the controlled scoring key
INT-2026-0566,CAND-2026-0842,REQ-2026-ENG-G1,Structured Interview A,APD-INT-026,Hiring Manager,2026-02-07,2026-02-08,22.0,Yes,4.5,4.6,4.7,4.8,4.65,Behavioral evidence mapped to published BARS anchors
INT-2026-0567,CAND-2026-0842,REQ-2026-ENG-G1,Structured Interview B,APD-INT-027,Cross-functional Panelist,2026-02-09,2026-02-11,33.0,Yes,4.5,4.6,4.7,4.8,4.65,Independent follow-up evidence locked before panel release
INT-2026-0568,CAND-2026-0842,REQ-2026-ENG-G1,Calibration Review,APD-INT-028,Talent Acquisition Partner,2026-02-11,2026-02-13,44.0,Yes,4.5,4.6,4.7,4.8,4.65,Composite and decision evidence reviewed in calibration
INT-2026-0569,CAND-2026-0843,REQ-2026-ENG-G1,Work Sample Review,APD-INT-029,Technical Assessor,2026-01-30,2026-01-31,18.0,Yes,4.6,4.7,4.8,4.4,4.63,Work sample evidence recorded against the controlled scoring key
INT-2026-0570,CAND-2026-0843,REQ-2026-ENG-G1,Structured Interview A,APD-INT-030,Hiring Manager,2026-02-01,2026-02-03,29.0,Yes,4.6,4.7,4.8,4.4,4.63,Behavioral evidence mapped to published BARS anchors
INT-2026-0571,CAND-2026-0843,REQ-2026-ENG-G1,Structured Interview B,APD-INT-031,Cross-functional Panelist,2026-02-03,2026-02-05,40.0,Yes,4.6,4.7,4.8,4.4,4.63,Independent follow-up evidence locked before panel release
INT-2026-0572,CAND-2026-0843,REQ-2026-ENG-G1,Calibration Review,APD-INT-032,Talent Acquisition Partner,2026-02-05,2026-02-06,14.0,Yes,4.6,4.7,4.8,4.4,4.63,Composite and decision evidence reviewed in calibration
INT-2026-0573,CAND-2026-0844,REQ-2026-ENG-G1,Work Sample Review,APD-INT-033,Technical Assessor,2026-02-06,2026-02-08,25.0,Yes,4.6,4.7,4.8,4.4,4.63,Work sample evidence recorded against the controlled scoring key
INT-2026-0574,CAND-2026-0844,REQ-2026-ENG-G1,Structured Interview A,APD-INT-034,Hiring Manager,2026-02-08,2026-02-10,36.0,Yes,4.6,4.7,4.8,4.4,4.63,Behavioral evidence mapped to published BARS anchors
INT-2026-0575,CAND-2026-0844,REQ-2026-ENG-G1,Structured Interview B,APD-INT-035,Cross-functional Panelist,2026-02-10,2026-02-12,47.0,Yes,4.6,4.7,4.8,4.4,4.63,Independent follow-up evidence locked before panel release
INT-2026-0576,CAND-2026-0844,REQ-2026-ENG-G1,Calibration Review,APD-INT-036,Talent Acquisition Partner,2026-02-12,2026-02-13,21.0,Yes,4.6,4.7,4.8,4.4,4.63,Composite and decision evidence reviewed in calibration
INT-2026-0577,CAND-2026-0845,REQ-2026-ENG-G1,Work Sample Review,APD-INT-037,Technical Assessor,2026-01-31,2026-02-02,32.0,Yes,4.7,4.8,4.4,4.5,4.60,Work sample evidence recorded against the controlled scoring key
INT-2026-0578,CAND-2026-0845,REQ-2026-ENG-G1,Structured Interview A,APD-INT-038,Hiring Manager,2026-02-02,2026-02-04,43.0,Yes,4.7,4.8,4.4,4.5,4.60,Behavioral evidence mapped to published BARS anchors
INT-2026-0579,CAND-2026-0845,REQ-2026-ENG-G1,Structured Interview B,APD-INT-039,Cross-functional Panelist,2026-02-04,2026-02-05,17.0,Yes,4.7,4.8,4.4,4.5,4.60,Independent follow-up evidence locked before panel release
INT-2026-0580,CAND-2026-0845,REQ-2026-ENG-G1,Calibration Review,APD-INT-040,Talent Acquisition Partner,2026-02-06,2026-02-08,28.0,Yes,4.7,4.8,4.4,4.5,4.60,Composite and decision evidence reviewed in calibration
INT-2026-0581,CAND-2026-0846,REQ-2026-ENG-G1,Work Sample Review,APD-INT-041,Technical Assessor,2026-02-07,2026-02-09,39.0,Yes,4.7,4.8,4.4,4.5,4.60,Work sample evidence recorded against the controlled scoring key
INT-2026-0582,CAND-2026-0846,REQ-2026-ENG-G1,Structured Interview A,APD-INT-042,Hiring Manager,2026-02-09,2026-02-10,13.0,Yes,4.7,4.8,4.4,4.5,4.60,Behavioral evidence mapped to published BARS anchors
INT-2026-0583,CAND-2026-0846,REQ-2026-ENG-G1,Structured Interview B,APD-INT-043,Cross-functional Panelist,2026-02-11,2026-02-12,24.0,Yes,4.7,4.8,4.4,4.5,4.60,Independent follow-up evidence locked before panel release
INT-2026-0584,CAND-2026-0846,REQ-2026-ENG-G1,Calibration Review,APD-INT-044,Talent Acquisition Partner,2026-02-13,2026-02-15,35.0,Yes,4.7,4.8,4.4,4.5,4.60,Composite and decision evidence reviewed in calibration
INT-2026-0585,CAND-2026-0847,REQ-2026-ENG-G1,Work Sample Review,APD-INT-045,Technical Assessor,2026-02-01,2026-02-03,46.0,Yes,4.8,4.4,4.5,4.6,4.58,Work sample evidence recorded against the controlled scoring key
INT-2026-0586,CAND-2026-0847,REQ-2026-ENG-G1,Structured Interview A,APD-INT-046,Hiring Manager,2026-02-03,2026-02-04,20.0,Yes,4.8,4.4,4.5,4.6,4.58,Behavioral evidence mapped to published BARS anchors
INT-2026-0587,CAND-2026-0847,REQ-2026-ENG-G1,Structured Interview B,APD-INT-047,Cross-functional Panelist,2026-02-05,2026-02-07,31.0,Yes,4.8,4.4,4.5,4.6,4.58,Independent follow-up evidence locked before panel release
INT-2026-0588,CAND-2026-0847,REQ-2026-ENG-G1,Calibration Review,APD-INT-048,Talent Acquisition Partner,2026-02-07,2026-02-09,42.0,Yes,4.8,4.4,4.5,4.6,4.58,Composite and decision evidence reviewed in calibration
INT-2026-0589,CAND-2026-0848,REQ-2026-ENG-G1,Work Sample Review,APD-INT-049,Technical Assessor,2026-02-08,2026-02-09,16.0,Yes,4.4,4.5,4.6,4.7,4.55,Work sample evidence recorded against the controlled scoring key
INT-2026-0590,CAND-2026-0848,REQ-2026-ENG-G1,Structured Interview A,APD-INT-050,Hiring Manager,2026-02-10,2026-02-12,27.0,Yes,4.4,4.5,4.6,4.7,4.55,Behavioral evidence mapped to published BARS anchors
INT-2026-0591,CAND-2026-0848,REQ-2026-ENG-G1,Structured Interview B,APD-INT-051,Cross-functional Panelist,2026-02-12,2026-02-14,38.0,Yes,4.4,4.5,4.6,4.7,4.55,Independent follow-up evidence locked before panel release
INT-2026-0592,CAND-2026-0848,REQ-2026-ENG-G1,Calibration Review,APD-INT-052,Talent Acquisition Partner,2026-02-14,2026-02-15,12.0,Yes,4.4,4.5,4.6,4.7,4.55,Composite and decision evidence reviewed in calibration
INT-2026-0593,CAND-2026-0849,REQ-2026-ENG-G1,Work Sample Review,APD-INT-053,Technical Assessor,2026-02-02,2026-02-03,23.0,Yes,4.8,4.4,4.5,4.6,4.58,Work sample evidence recorded against the controlled scoring key
INT-2026-0594,CAND-2026-0849,REQ-2026-ENG-G1,Structured Interview A,APD-INT-054,Hiring Manager,2026-02-04,2026-02-06,34.0,Yes,4.8,4.4,4.5,4.6,4.58,Behavioral evidence mapped to published BARS anchors
INT-2026-0595,CAND-2026-0849,REQ-2026-ENG-G1,Structured Interview B,APD-INT-055,Cross-functional Panelist,2026-02-06,2026-02-09,62.0,No,4.8,4.4,4.5,4.6,4.58,Independent follow-up evidence locked before panel release
INT-2026-0596,CAND-2026-0849,REQ-2026-ENG-G1,Calibration Review,APD-INT-056,Talent Acquisition Partner,2026-02-08,2026-02-11,69.0,No,4.8,4.4,4.5,4.6,4.58,Composite and decision evidence reviewed in calibration
INT-2026-0597,CAND-2026-0850,REQ-2026-ENG-G1,Work Sample Review,APD-INT-057,Technical Assessor,2026-02-09,2026-02-12,52.0,No,4.4,4.5,4.6,4.7,4.55,Work sample evidence recorded against the controlled scoring key
INT-2026-0598,CAND-2026-0850,REQ-2026-ENG-G1,Structured Interview A,APD-INT-058,Hiring Manager,2026-02-11,2026-02-14,59.0,No,4.4,4.5,4.6,4.7,4.55,Behavioral evidence mapped to published BARS anchors
INT-2026-0599,CAND-2026-0850,REQ-2026-ENG-G1,Structured Interview B,APD-INT-059,Cross-functional Panelist,2026-02-13,2026-02-16,66.0,No,4.4,4.5,4.6,4.7,4.55,Independent follow-up evidence locked before panel release
INT-2026-0600,CAND-2026-0850,REQ-2026-ENG-G1,Calibration Review,APD-INT-060,Talent Acquisition Partner,2026-02-15,2026-02-17,26.0,Yes,4.4,4.5,4.6,4.7,4.55,Composite and decision evidence reviewed in calibration
INT-2026-0601,CAND-2026-0851,REQ-2026-ENG-G1,Work Sample Review,APD-INT-001,Technical Assessor,2026-02-03,2026-02-05,37.0,Yes,4.5,4.6,4.7,4.8,4.65,Work sample evidence recorded against the controlled scoring key
INT-2026-0602,CAND-2026-0851,REQ-2026-ENG-G1,Structured Interview A,APD-INT-002,Hiring Manager,2026-02-05,2026-02-07,48.0,Yes,4.5,4.6,4.7,4.8,4.65,Behavioral evidence mapped to published BARS anchors
INT-2026-0603,CAND-2026-0851,REQ-2026-ENG-G1,Structured Interview B,APD-INT-003,Cross-functional Panelist,2026-02-07,2026-02-08,22.0,Yes,4.5,4.6,4.7,4.8,4.65,Independent follow-up evidence locked before panel release
INT-2026-0604,CAND-2026-0851,REQ-2026-ENG-G1,Calibration Review,APD-INT-004,Talent Acquisition Partner,2026-02-09,2026-02-11,33.0,Yes,4.5,4.6,4.7,4.8,4.65,Composite and decision evidence reviewed in calibration
INT-2026-0605,CAND-2026-0852,REQ-2026-ENG-G1,Work Sample Review,APD-INT-005,Technical Assessor,2026-01-28,2026-01-30,44.0,Yes,4.6,4.7,4.8,4.4,4.63,Work sample evidence recorded against the controlled scoring key
INT-2026-0606,CAND-2026-0852,REQ-2026-ENG-G1,Structured Interview A,APD-INT-006,Hiring Manager,2026-01-30,2026-01-31,18.0,Yes,4.6,4.7,4.8,4.4,4.63,Behavioral evidence mapped to published BARS anchors
INT-2026-0607,CAND-2026-0852,REQ-2026-ENG-G1,Structured Interview B,APD-INT-007,Cross-functional Panelist,2026-02-01,2026-02-03,29.0,Yes,4.6,4.7,4.8,4.4,4.63,Independent follow-up evidence locked before panel release
INT-2026-0608,CAND-2026-0852,REQ-2026-ENG-G1,Calibration Review,APD-INT-008,Talent Acquisition Partner,2026-02-03,2026-02-05,40.0,Yes,4.6,4.7,4.8,4.4,4.63,Composite and decision evidence reviewed in calibration
INT-2026-0609,CAND-2026-0853,REQ-2026-ENG-G1,Work Sample Review,APD-INT-009,Technical Assessor,2026-02-04,2026-02-05,14.0,Yes,4.7,4.8,4.4,4.5,4.60,Work sample evidence recorded against the controlled scoring key
INT-2026-0610,CAND-2026-0853,REQ-2026-ENG-G1,Structured Interview A,APD-INT-010,Hiring Manager,2026-02-06,2026-02-08,25.0,Yes,4.7,4.8,4.4,4.5,4.60,Behavioral evidence mapped to published BARS anchors
INT-2026-0611,CAND-2026-0853,REQ-2026-ENG-G1,Structured Interview B,APD-INT-011,Cross-functional Panelist,2026-02-08,2026-02-10,36.0,Yes,4.7,4.8,4.4,4.5,4.60,Independent follow-up evidence locked before panel release
INT-2026-0612,CAND-2026-0853,REQ-2026-ENG-G1,Calibration Review,APD-INT-012,Talent Acquisition Partner,2026-02-10,2026-02-12,47.0,Yes,4.7,4.8,4.4,4.5,4.60,Composite and decision evidence reviewed in calibration
INT-2026-0613,CAND-2026-0854,REQ-2026-ENG-G1,Work Sample Review,APD-INT-013,Technical Assessor,2026-01-29,2026-01-30,21.0,Yes,4.5,4.6,4.7,4.8,4.65,Work sample evidence recorded against the controlled scoring key
INT-2026-0614,CAND-2026-0854,REQ-2026-ENG-G1,Structured Interview A,APD-INT-014,Hiring Manager,2026-01-31,2026-02-02,32.0,Yes,4.5,4.6,4.7,4.8,4.65,Behavioral evidence mapped to published BARS anchors
INT-2026-0615,CAND-2026-0854,REQ-2026-ENG-G1,Structured Interview B,APD-INT-015,Cross-functional Panelist,2026-02-02,2026-02-04,43.0,Yes,4.5,4.6,4.7,4.8,4.65,Independent follow-up evidence locked before panel release
INT-2026-0616,CAND-2026-0854,REQ-2026-ENG-G1,Calibration Review,APD-INT-016,Talent Acquisition Partner,2026-02-04,2026-02-05,17.0,Yes,4.5,4.6,4.7,4.8,4.65,Composite and decision evidence reviewed in calibration
INT-2026-0617,CAND-2026-0855,REQ-2026-ENG-G1,Work Sample Review,APD-INT-017,Technical Assessor,2026-02-05,2026-02-07,28.0,Yes,4.6,4.7,4.8,4.4,4.63,Work sample evidence recorded against the controlled scoring key
INT-2026-0618,CAND-2026-0855,REQ-2026-ENG-G1,Structured Interview A,APD-INT-018,Hiring Manager,2026-02-07,2026-02-09,39.0,Yes,4.6,4.7,4.8,4.4,4.63,Behavioral evidence mapped to published BARS anchors
INT-2026-0619,CAND-2026-0855,REQ-2026-ENG-G1,Structured Interview B,APD-INT-019,Cross-functional Panelist,2026-02-09,2026-02-10,13.0,Yes,4.6,4.7,4.8,4.4,4.63,Independent follow-up evidence locked before panel release
INT-2026-0620,CAND-2026-0855,REQ-2026-ENG-G1,Calibration Review,APD-INT-020,Talent Acquisition Partner,2026-02-11,2026-02-12,24.0,Yes,4.6,4.7,4.8,4.4,4.63,Composite and decision evidence reviewed in calibration
INT-2026-0621,CAND-2026-0856,REQ-2026-ENG-G1,Work Sample Review,APD-INT-021,Technical Assessor,2026-01-30,2026-02-01,35.0,Yes,4.8,4.4,4.5,4.6,4.58,Work sample evidence recorded against the controlled scoring key
INT-2026-0622,CAND-2026-0856,REQ-2026-ENG-G1,Structured Interview A,APD-INT-022,Hiring Manager,2026-02-01,2026-02-03,46.0,Yes,4.8,4.4,4.5,4.6,4.58,Behavioral evidence mapped to published BARS anchors
INT-2026-0623,CAND-2026-0856,REQ-2026-ENG-G1,Structured Interview B,APD-INT-023,Cross-functional Panelist,2026-02-03,2026-02-04,20.0,Yes,4.8,4.4,4.5,4.6,4.58,Independent follow-up evidence locked before panel release
INT-2026-0624,CAND-2026-0856,REQ-2026-ENG-G1,Calibration Review,APD-INT-024,Talent Acquisition Partner,2026-02-05,2026-02-07,31.0,Yes,4.8,4.4,4.5,4.6,4.58,Composite and decision evidence reviewed in calibration
INT-2026-0625,CAND-2026-0857,REQ-2026-ENG-G1,Work Sample Review,APD-INT-025,Technical Assessor,2026-02-06,2026-02-08,42.0,Yes,4.4,4.5,4.6,4.7,4.55,Work sample evidence recorded against the controlled scoring key
INT-2026-0626,CAND-2026-0857,REQ-2026-ENG-G1,Structured Interview A,APD-INT-026,Hiring Manager,2026-02-08,2026-02-09,16.0,Yes,4.4,4.5,4.6,4.7,4.55,Behavioral evidence mapped to published BARS anchors
INT-2026-0627,CAND-2026-0857,REQ-2026-ENG-G1,Structured Interview B,APD-INT-027,Cross-functional Panelist,2026-02-10,2026-02-12,27.0,Yes,4.4,4.5,4.6,4.7,4.55,Independent follow-up evidence locked before panel release
INT-2026-0628,CAND-2026-0857,REQ-2026-ENG-G1,Calibration Review,APD-INT-028,Talent Acquisition Partner,2026-02-12,2026-02-14,38.0,Yes,4.4,4.5,4.6,4.7,4.55,Composite and decision evidence reviewed in calibration
INT-2026-0629,CAND-2026-0858,REQ-2026-ENG-G1,Work Sample Review,APD-INT-029,Technical Assessor,2026-01-31,2026-02-01,12.0,Yes,4.5,4.6,4.7,4.8,4.65,Work sample evidence recorded against the controlled scoring key
INT-2026-0630,CAND-2026-0858,REQ-2026-ENG-G1,Structured Interview A,APD-INT-030,Hiring Manager,2026-02-02,2026-02-03,23.0,Yes,4.5,4.6,4.7,4.8,4.65,Behavioral evidence mapped to published BARS anchors
INT-2026-0631,CAND-2026-0858,REQ-2026-ENG-G1,Structured Interview B,APD-INT-031,Cross-functional Panelist,2026-02-04,2026-02-06,34.0,Yes,4.5,4.6,4.7,4.8,4.65,Independent follow-up evidence locked before panel release
INT-2026-0632,CAND-2026-0858,REQ-2026-ENG-G1,Calibration Review,APD-INT-032,Talent Acquisition Partner,2026-02-06,2026-02-08,45.0,Yes,4.5,4.6,4.7,4.8,4.65,Composite and decision evidence reviewed in calibration
INT-2026-0633,CAND-2026-0859,REQ-2026-ENG-G1,Work Sample Review,APD-INT-033,Technical Assessor,2026-02-07,2026-02-08,19.0,Yes,4.7,4.8,4.4,4.5,4.60,Work sample evidence recorded against the controlled scoring key
INT-2026-0634,CAND-2026-0859,REQ-2026-ENG-G1,Structured Interview A,APD-INT-034,Hiring Manager,2026-02-09,2026-02-11,30.0,Yes,4.7,4.8,4.4,4.5,4.60,Behavioral evidence mapped to published BARS anchors
INT-2026-0635,CAND-2026-0859,REQ-2026-ENG-G1,Structured Interview B,APD-INT-035,Cross-functional Panelist,2026-02-11,2026-02-13,41.0,Yes,4.7,4.8,4.4,4.5,4.60,Independent follow-up evidence locked before panel release
INT-2026-0636,CAND-2026-0859,REQ-2026-ENG-G1,Calibration Review,APD-INT-036,Talent Acquisition Partner,2026-02-13,2026-02-14,15.0,Yes,4.7,4.8,4.4,4.5,4.60,Composite and decision evidence reviewed in calibration
INT-2026-0637,CAND-2026-0860,REQ-2026-ENG-G1,Work Sample Review,APD-INT-037,Technical Assessor,2026-02-01,2026-02-03,26.0,Yes,4.8,4.4,4.5,4.6,4.58,Work sample evidence recorded against the controlled scoring key
INT-2026-0638,CAND-2026-0860,REQ-2026-ENG-G1,Structured Interview A,APD-INT-038,Hiring Manager,2026-02-03,2026-02-05,37.0,Yes,4.8,4.4,4.5,4.6,4.58,Behavioral evidence mapped to published BARS anchors
INT-2026-0639,CAND-2026-0860,REQ-2026-ENG-G1,Structured Interview B,APD-INT-039,Cross-functional Panelist,2026-02-05,2026-02-07,48.0,Yes,4.8,4.4,4.5,4.6,4.58,Independent follow-up evidence locked before panel release
INT-2026-0640,CAND-2026-0860,REQ-2026-ENG-G1,Calibration Review,APD-INT-040,Talent Acquisition Partner,2026-02-07,2026-02-08,22.0,Yes,4.8,4.4,4.5,4.6,4.58,Composite and decision evidence reviewed in calibration
INT-2026-0641,CAND-2026-0861,REQ-2026-ENG-G1,Work Sample Review,APD-INT-041,Technical Assessor,2026-02-08,2026-02-10,33.0,Yes,3.5,3.5,3.9,3.7,3.65,Work sample evidence recorded against the controlled scoring key
INT-2026-0642,CAND-2026-0861,REQ-2026-ENG-G1,Structured Interview A,APD-INT-042,Hiring Manager,2026-02-10,2026-02-12,44.0,Yes,3.5,3.5,3.9,3.7,3.65,Behavioral evidence mapped to published BARS anchors
INT-2026-0643,CAND-2026-0861,REQ-2026-ENG-G1,Structured Interview B,APD-INT-043,Cross-functional Panelist,2026-02-12,2026-02-13,18.0,Yes,3.5,3.5,3.9,3.7,3.65,Independent follow-up evidence locked before panel release
INT-2026-0644,CAND-2026-0861,REQ-2026-ENG-G1,Calibration Review,APD-INT-044,Talent Acquisition Partner,2026-02-14,2026-02-16,29.0,Yes,3.5,3.5,3.9,3.7,3.65,Composite and decision evidence reviewed in calibration
INT-2026-0645,CAND-2026-0862,REQ-2026-ENG-G1,Work Sample Review,APD-INT-045,Technical Assessor,2026-02-02,2026-02-04,40.0,Yes,3.8,4.0,3.6,3.9,3.83,Work sample evidence recorded against the controlled scoring key
INT-2026-0646,CAND-2026-0862,REQ-2026-ENG-G1,Structured Interview A,APD-INT-046,Hiring Manager,2026-02-04,2026-02-05,14.0,Yes,3.8,4.0,3.6,3.9,3.83,Behavioral evidence mapped to published BARS anchors
INT-2026-0647,CAND-2026-0862,REQ-2026-ENG-G1,Structured Interview B,APD-INT-047,Cross-functional Panelist,2026-02-06,2026-02-08,25.0,Yes,3.8,4.0,3.6,3.9,3.83,Independent follow-up evidence locked before panel release
INT-2026-0648,CAND-2026-0862,REQ-2026-ENG-G1,Calibration Review,APD-INT-048,Talent Acquisition Partner,2026-02-08,2026-02-10,36.0,Yes,3.8,4.0,3.6,3.9,3.83,Composite and decision evidence reviewed in calibration
INT-2026-0649,CAND-2026-0863,REQ-2026-ENG-G1,Work Sample Review,APD-INT-049,Technical Assessor,2026-02-09,2026-02-12,56.0,No,4.1,3.4,3.3,4.1,3.73,Work sample evidence recorded against the controlled scoring key
INT-2026-0650,CAND-2026-0863,REQ-2026-ENG-G1,Structured Interview A,APD-INT-050,Hiring Manager,2026-02-11,2026-02-14,63.0,No,4.1,3.4,3.3,4.1,3.73,Behavioral evidence mapped to published BARS anchors
INT-2026-0651,CAND-2026-0863,REQ-2026-ENG-G1,Structured Interview B,APD-INT-051,Cross-functional Panelist,2026-02-13,2026-02-16,70.0,No,4.1,3.4,3.3,4.1,3.73,Independent follow-up evidence locked before panel release
INT-2026-0652,CAND-2026-0863,REQ-2026-ENG-G1,Calibration Review,APD-INT-052,Talent Acquisition Partner,2026-02-15,2026-02-18,53.0,No,4.1,3.4,3.3,4.1,3.73,Composite and decision evidence reviewed in calibration
INT-2026-0653,CAND-2026-0864,REQ-2026-ENG-G1,Work Sample Review,APD-INT-053,Technical Assessor,2026-02-03,2026-02-06,60.0,No,3.4,3.9,4.0,3.2,3.63,Work sample evidence recorded against the controlled scoring key
INT-2026-0654,CAND-2026-0864,REQ-2026-ENG-G1,Structured Interview A,APD-INT-054,Hiring Manager,2026-02-05,2026-02-07,28.0,Yes,3.4,3.9,4.0,3.2,3.63,Behavioral evidence mapped to published BARS anchors
INT-2026-0655,CAND-2026-0864,REQ-2026-ENG-G1,Structured Interview B,APD-INT-055,Cross-functional Panelist,2026-02-07,2026-02-09,39.0,Yes,3.4,3.9,4.0,3.2,3.63,Independent follow-up evidence locked before panel release
INT-2026-0656,CAND-2026-0864,REQ-2026-ENG-G1,Calibration Review,APD-INT-056,Talent Acquisition Partner,2026-02-09,2026-02-10,13.0,Yes,3.4,3.9,4.0,3.2,3.63,Composite and decision evidence reviewed in calibration
INT-2026-0657,CAND-2026-0865,REQ-2026-ENG-G1,Work Sample Review,APD-INT-057,Technical Assessor,2026-01-28,2026-01-29,24.0,Yes,3.7,3.3,3.7,3.4,3.53,Work sample evidence recorded against the controlled scoring key
INT-2026-0658,CAND-2026-0865,REQ-2026-ENG-G1,Structured Interview A,APD-INT-058,Hiring Manager,2026-01-30,2026-02-01,35.0,Yes,3.7,3.3,3.7,3.4,3.53,Behavioral evidence mapped to published BARS anchors
INT-2026-0659,CAND-2026-0865,REQ-2026-ENG-G1,Structured Interview B,APD-INT-059,Cross-functional Panelist,2026-02-01,2026-02-03,46.0,Yes,3.7,3.3,3.7,3.4,3.53,Independent follow-up evidence locked before panel release
INT-2026-0660,CAND-2026-0865,REQ-2026-ENG-G1,Calibration Review,APD-INT-060,Talent Acquisition Partner,2026-02-03,2026-02-04,20.0,Yes,3.7,3.3,3.7,3.4,3.53,Composite and decision evidence reviewed in calibration
INT-2026-0661,CAND-2026-0866,REQ-2026-ENG-G1,Work Sample Review,APD-INT-001,Technical Assessor,2026-02-04,2026-02-06,31.0,Yes,4.0,3.8,3.4,3.6,3.70,Work sample evidence recorded against the controlled scoring key
INT-2026-0662,CAND-2026-0866,REQ-2026-ENG-G1,Structured Interview A,APD-INT-002,Hiring Manager,2026-02-06,2026-02-08,42.0,Yes,4.0,3.8,3.4,3.6,3.70,Behavioral evidence mapped to published BARS anchors
INT-2026-0663,CAND-2026-0866,REQ-2026-ENG-G1,Structured Interview B,APD-INT-003,Cross-functional Panelist,2026-02-08,2026-02-09,16.0,Yes,4.0,3.8,3.4,3.6,3.70,Independent follow-up evidence locked before panel release
INT-2026-0664,CAND-2026-0866,REQ-2026-ENG-G1,Calibration Review,APD-INT-004,Talent Acquisition Partner,2026-02-10,2026-02-12,27.0,Yes,4.0,3.8,3.4,3.6,3.70,Composite and decision evidence reviewed in calibration
INT-2026-0665,CAND-2026-0867,REQ-2026-ENG-G1,Work Sample Review,APD-INT-005,Technical Assessor,2026-01-29,2026-01-31,38.0,Yes,3.3,3.2,4.1,3.8,3.60,Work sample evidence recorded against the controlled scoring key
INT-2026-0666,CAND-2026-0867,REQ-2026-ENG-G1,Structured Interview A,APD-INT-006,Hiring Manager,2026-01-31,2026-02-01,12.0,Yes,3.3,3.2,4.1,3.8,3.60,Behavioral evidence mapped to published BARS anchors
INT-2026-0667,CAND-2026-0867,REQ-2026-ENG-G1,Structured Interview B,APD-INT-007,Cross-functional Panelist,2026-02-02,2026-02-03,23.0,Yes,3.3,3.2,4.1,3.8,3.60,Independent follow-up evidence locked before panel release
INT-2026-0668,CAND-2026-0867,REQ-2026-ENG-G1,Calibration Review,APD-INT-008,Talent Acquisition Partner,2026-02-04,2026-02-06,34.0,Yes,3.3,3.2,4.1,3.8,3.60,Composite and decision evidence reviewed in calibration
INT-2026-0669,CAND-2026-0868,REQ-2026-ENG-G1,Work Sample Review,APD-INT-009,Technical Assessor,2026-02-05,2026-02-07,45.0,Yes,3.6,3.7,3.8,4.0,3.78,Work sample evidence recorded against the controlled scoring key
INT-2026-0670,CAND-2026-0868,REQ-2026-ENG-G1,Structured Interview A,APD-INT-010,Hiring Manager,2026-02-07,2026-02-08,19.0,Yes,3.6,3.7,3.8,4.0,3.78,Behavioral evidence mapped to published BARS anchors
INT-2026-0671,CAND-2026-0868,REQ-2026-ENG-G1,Structured Interview B,APD-INT-011,Cross-functional Panelist,2026-02-09,2026-02-11,30.0,Yes,3.6,3.7,3.8,4.0,3.78,Independent follow-up evidence locked before panel release
INT-2026-0672,CAND-2026-0868,REQ-2026-ENG-G1,Calibration Review,APD-INT-012,Talent Acquisition Partner,2026-02-11,2026-02-13,41.0,Yes,3.6,3.7,3.8,4.0,3.78,Composite and decision evidence reviewed in calibration
INT-2026-0673,CAND-2026-0869,REQ-2026-ENG-G1,Work Sample Review,APD-INT-013,Technical Assessor,2026-01-30,2026-01-31,15.0,Yes,3.9,3.1,3.5,3.1,3.40,Work sample evidence recorded against the controlled scoring key
INT-2026-0674,CAND-2026-0869,REQ-2026-ENG-G1,Structured Interview A,APD-INT-014,Hiring Manager,2026-02-01,2026-02-03,26.0,Yes,3.9,3.1,3.5,3.1,3.40,Behavioral evidence mapped to published BARS anchors
INT-2026-0675,CAND-2026-0869,REQ-2026-ENG-G1,Structured Interview B,APD-INT-015,Cross-functional Panelist,2026-02-03,2026-02-05,37.0,Yes,3.9,3.1,3.5,3.1,3.40,Independent follow-up evidence locked before panel release
INT-2026-0676,CAND-2026-0869,REQ-2026-ENG-G1,Calibration Review,APD-INT-016,Talent Acquisition Partner,2026-02-05,2026-02-07,48.0,Yes,3.9,3.1,3.5,3.1,3.40,Composite and decision evidence reviewed in calibration
INT-2026-0677,CAND-2026-0870,REQ-2026-ENG-G1,Work Sample Review,APD-INT-017,Technical Assessor,2026-02-06,2026-02-07,22.0,Yes,3.2,3.6,3.2,3.3,3.33,Work sample evidence recorded against the controlled scoring key
INT-2026-0678,CAND-2026-0870,REQ-2026-ENG-G1,Structured Interview A,APD-INT-018,Hiring Manager,2026-02-08,2026-02-10,33.0,Yes,3.2,3.6,3.2,3.3,3.33,Behavioral evidence mapped to published BARS anchors
INT-2026-0679,CAND-2026-0870,REQ-2026-ENG-G1,Structured Interview B,APD-INT-019,Cross-functional Panelist,2026-02-10,2026-02-12,44.0,Yes,3.2,3.6,3.2,3.3,3.33,Independent follow-up evidence locked before panel release
INT-2026-0680,CAND-2026-0870,REQ-2026-ENG-G1,Calibration Review,APD-INT-020,Talent Acquisition Partner,2026-02-12,2026-02-13,18.0,Yes,3.2,3.6,3.2,3.3,3.33,Composite and decision evidence reviewed in calibration
INT-2026-0681,CAND-2026-0871,REQ-2026-ENG-G1,Work Sample Review,APD-INT-021,Technical Assessor,2026-01-31,2026-02-02,29.0,Yes,3.5,4.1,3.9,3.5,3.75,Work sample evidence recorded against the controlled scoring key
INT-2026-0682,CAND-2026-0871,REQ-2026-ENG-G1,Structured Interview A,APD-INT-022,Hiring Manager,2026-02-02,2026-02-04,40.0,Yes,3.5,4.1,3.9,3.5,3.75,Behavioral evidence mapped to published BARS anchors
INT-2026-0683,CAND-2026-0871,REQ-2026-ENG-G1,Structured Interview B,APD-INT-023,Cross-functional Panelist,2026-02-04,2026-02-05,14.0,Yes,3.5,4.1,3.9,3.5,3.75,Independent follow-up evidence locked before panel release
INT-2026-0684,CAND-2026-0871,REQ-2026-ENG-G1,Calibration Review,APD-INT-024,Talent Acquisition Partner,2026-02-06,2026-02-08,25.0,Yes,3.5,4.1,3.9,3.5,3.75,Composite and decision evidence reviewed in calibration
INT-2026-0685,CAND-2026-0872,REQ-2026-ENG-G1,Work Sample Review,APD-INT-025,Technical Assessor,2026-02-07,2026-02-09,36.0,Yes,3.8,3.5,3.6,3.7,3.65,Work sample evidence recorded against the controlled scoring key
INT-2026-0686,CAND-2026-0872,REQ-2026-ENG-G1,Structured Interview A,APD-INT-026,Hiring Manager,2026-02-09,2026-02-11,47.0,Yes,3.8,3.5,3.6,3.7,3.65,Behavioral evidence mapped to published BARS anchors
INT-2026-0687,CAND-2026-0872,REQ-2026-ENG-G1,Structured Interview B,APD-INT-027,Cross-functional Panelist,2026-02-11,2026-02-12,21.0,Yes,3.8,3.5,3.6,3.7,3.65,Independent follow-up evidence locked before panel release
INT-2026-0688,CAND-2026-0872,REQ-2026-ENG-G1,Calibration Review,APD-INT-028,Talent Acquisition Partner,2026-02-13,2026-02-15,32.0,Yes,3.8,3.5,3.6,3.7,3.65,Composite and decision evidence reviewed in calibration
INT-2026-0689,CAND-2026-0873,REQ-2026-ENG-G1,Work Sample Review,APD-INT-029,Technical Assessor,2026-02-01,2026-02-03,43.0,Yes,4.1,4.0,3.3,3.9,3.83,Work sample evidence recorded against the controlled scoring key
INT-2026-0690,CAND-2026-0873,REQ-2026-ENG-G1,Structured Interview A,APD-INT-030,Hiring Manager,2026-02-03,2026-02-04,17.0,Yes,4.1,4.0,3.3,3.9,3.83,Behavioral evidence mapped to published BARS anchors
INT-2026-0691,CAND-2026-0873,REQ-2026-ENG-G1,Structured Interview B,APD-INT-031,Cross-functional Panelist,2026-02-05,2026-02-07,28.0,Yes,4.1,4.0,3.3,3.9,3.83,Independent follow-up evidence locked before panel release
INT-2026-0692,CAND-2026-0873,REQ-2026-ENG-G1,Calibration Review,APD-INT-032,Talent Acquisition Partner,2026-02-07,2026-02-09,39.0,Yes,4.1,4.0,3.3,3.9,3.83,Composite and decision evidence reviewed in calibration
INT-2026-0693,CAND-2026-0874,REQ-2026-ENG-G1,Work Sample Review,APD-INT-033,Technical Assessor,2026-02-08,2026-02-09,13.0,Yes,3.4,3.4,4.0,4.1,3.73,Work sample evidence recorded against the controlled scoring key
INT-2026-0694,CAND-2026-0874,REQ-2026-ENG-G1,Structured Interview A,APD-INT-034,Hiring Manager,2026-02-10,2026-02-11,24.0,Yes,3.4,3.4,4.0,4.1,3.73,Behavioral evidence mapped to published BARS anchors
INT-2026-0695,CAND-2026-0874,REQ-2026-ENG-G1,Structured Interview B,APD-INT-035,Cross-functional Panelist,2026-02-12,2026-02-14,35.0,Yes,3.4,3.4,4.0,4.1,3.73,Independent follow-up evidence locked before panel release
INT-2026-0696,CAND-2026-0874,REQ-2026-ENG-G1,Calibration Review,APD-INT-036,Talent Acquisition Partner,2026-02-14,2026-02-16,46.0,Yes,3.4,3.4,4.0,4.1,3.73,Composite and decision evidence reviewed in calibration
INT-2026-0697,CAND-2026-0875,REQ-2026-ENG-G1,Work Sample Review,APD-INT-037,Technical Assessor,2026-02-02,2026-02-03,20.0,Yes,3.7,3.9,3.7,3.2,3.63,Work sample evidence recorded against the controlled scoring key
INT-2026-0698,CAND-2026-0875,REQ-2026-ENG-G1,Structured Interview A,APD-INT-038,Hiring Manager,2026-02-04,2026-02-06,31.0,Yes,3.7,3.9,3.7,3.2,3.63,Behavioral evidence mapped to published BARS anchors
INT-2026-0699,CAND-2026-0875,REQ-2026-ENG-G1,Structured Interview B,APD-INT-039,Cross-functional Panelist,2026-02-06,2026-02-08,42.0,Yes,3.7,3.9,3.7,3.2,3.63,Independent follow-up evidence locked before panel release
INT-2026-0700,CAND-2026-0875,REQ-2026-ENG-G1,Calibration Review,APD-INT-040,Talent Acquisition Partner,2026-02-08,2026-02-09,16.0,Yes,3.7,3.9,3.7,3.2,3.63,Composite and decision evidence reviewed in calibration
INT-2026-0701,CAND-2026-0876,REQ-2026-ENG-G1,Work Sample Review,APD-INT-041,Technical Assessor,2026-02-09,2026-02-11,27.0,Yes,4.0,3.3,3.4,3.4,3.53,Work sample evidence recorded against the controlled scoring key
INT-2026-0702,CAND-2026-0876,REQ-2026-ENG-G1,Structured Interview A,APD-INT-042,Hiring Manager,2026-02-11,2026-02-13,38.0,Yes,4.0,3.3,3.4,3.4,3.53,Behavioral evidence mapped to published BARS anchors
INT-2026-0703,CAND-2026-0876,REQ-2026-ENG-G1,Structured Interview B,APD-INT-043,Cross-functional Panelist,2026-02-13,2026-02-16,50.0,No,4.0,3.3,3.4,3.4,3.53,Independent follow-up evidence locked before panel release
INT-2026-0704,CAND-2026-0876,REQ-2026-ENG-G1,Calibration Review,APD-INT-044,Talent Acquisition Partner,2026-02-15,2026-02-18,57.0,No,4.0,3.3,3.4,3.4,3.53,Composite and decision evidence reviewed in calibration
INT-2026-0705,CAND-2026-0877,REQ-2026-ENG-G1,Work Sample Review,APD-INT-045,Technical Assessor,2026-02-03,2026-02-06,64.0,No,3.3,3.8,4.1,3.6,3.70,Work sample evidence recorded against the controlled scoring key
INT-2026-0706,CAND-2026-0877,REQ-2026-ENG-G1,Structured Interview A,APD-INT-046,Hiring Manager,2026-02-05,2026-02-08,71.0,No,3.3,3.8,4.1,3.6,3.70,Behavioral evidence mapped to published BARS anchors
INT-2026-0707,CAND-2026-0877,REQ-2026-ENG-G1,Structured Interview B,APD-INT-047,Cross-functional Panelist,2026-02-07,2026-02-10,54.0,No,3.3,3.8,4.1,3.6,3.70,Independent follow-up evidence locked before panel release
INT-2026-0708,CAND-2026-0877,REQ-2026-ENG-G1,Calibration Review,APD-INT-048,Talent Acquisition Partner,2026-02-09,2026-02-11,30.0,Yes,3.3,3.8,4.1,3.6,3.70,Composite and decision evidence reviewed in calibration
INT-2026-0709,CAND-2026-0878,REQ-2026-ENG-G1,Work Sample Review,APD-INT-049,Technical Assessor,2026-01-28,2026-01-30,41.0,Yes,3.6,3.2,3.8,3.8,3.60,Work sample evidence recorded against the controlled scoring key
INT-2026-0710,CAND-2026-0878,REQ-2026-ENG-G1,Structured Interview A,APD-INT-050,Hiring Manager,2026-01-30,2026-01-31,15.0,Yes,3.6,3.2,3.8,3.8,3.60,Behavioral evidence mapped to published BARS anchors
INT-2026-0711,CAND-2026-0878,REQ-2026-ENG-G1,Structured Interview B,APD-INT-051,Cross-functional Panelist,2026-02-01,2026-02-03,26.0,Yes,3.6,3.2,3.8,3.8,3.60,Independent follow-up evidence locked before panel release
INT-2026-0712,CAND-2026-0878,REQ-2026-ENG-G1,Calibration Review,APD-INT-052,Talent Acquisition Partner,2026-02-03,2026-02-05,37.0,Yes,3.6,3.2,3.8,3.8,3.60,Composite and decision evidence reviewed in calibration
INT-2026-0713,CAND-2026-0879,REQ-2026-ENG-G1,Work Sample Review,APD-INT-053,Technical Assessor,2026-02-04,2026-02-06,48.0,Yes,3.9,3.7,3.5,4.0,3.78,Work sample evidence recorded against the controlled scoring key
INT-2026-0714,CAND-2026-0879,REQ-2026-ENG-G1,Structured Interview A,APD-INT-054,Hiring Manager,2026-02-06,2026-02-07,22.0,Yes,3.9,3.7,3.5,4.0,3.78,Behavioral evidence mapped to published BARS anchors
INT-2026-0715,CAND-2026-0879,REQ-2026-ENG-G1,Structured Interview B,APD-INT-055,Cross-functional Panelist,2026-02-08,2026-02-10,33.0,Yes,3.9,3.7,3.5,4.0,3.78,Independent follow-up evidence locked before panel release
INT-2026-0716,CAND-2026-0879,REQ-2026-ENG-G1,Calibration Review,APD-INT-056,Talent Acquisition Partner,2026-02-10,2026-02-12,44.0,Yes,3.9,3.7,3.5,4.0,3.78,Composite and decision evidence reviewed in calibration
INT-2026-0717,CAND-2026-0880,REQ-2026-ENG-G1,Work Sample Review,APD-INT-057,Technical Assessor,2026-01-29,2026-01-30,18.0,Yes,3.2,3.1,3.2,3.1,3.15,Work sample evidence recorded against the controlled scoring key
INT-2026-0718,CAND-2026-0880,REQ-2026-ENG-G1,Structured Interview A,APD-INT-058,Hiring Manager,2026-01-31,2026-02-02,29.0,Yes,3.2,3.1,3.2,3.1,3.15,Behavioral evidence mapped to published BARS anchors
INT-2026-0719,CAND-2026-0880,REQ-2026-ENG-G1,Structured Interview B,APD-INT-059,Cross-functional Panelist,2026-02-02,2026-02-04,40.0,Yes,3.2,3.1,3.2,3.1,3.15,Independent follow-up evidence locked before panel release
INT-2026-0720,CAND-2026-0880,REQ-2026-ENG-G1,Calibration Review,APD-INT-060,Talent Acquisition Partner,2026-02-04,2026-02-05,14.0,Yes,3.2,3.1,3.2,3.1,3.15,Composite and decision evidence reviewed in calibration
INT-2026-0721,CAND-2026-0881,REQ-2026-ENG-G1,Work Sample Review,APD-INT-001,Technical Assessor,2026-02-05,2026-02-07,25.0,Yes,3.5,3.6,3.9,3.3,3.58,Work sample evidence recorded against the controlled scoring key
INT-2026-0722,CAND-2026-0881,REQ-2026-ENG-G1,Structured Interview A,APD-INT-002,Hiring Manager,2026-02-07,2026-02-09,36.0,Yes,3.5,3.6,3.9,3.3,3.58,Behavioral evidence mapped to published BARS anchors
INT-2026-0723,CAND-2026-0881,REQ-2026-ENG-G1,Structured Interview B,APD-INT-003,Cross-functional Panelist,2026-02-09,2026-02-11,47.0,Yes,3.5,3.6,3.9,3.3,3.58,Independent follow-up evidence locked before panel release
INT-2026-0724,CAND-2026-0881,REQ-2026-ENG-G1,Calibration Review,APD-INT-004,Talent Acquisition Partner,2026-02-11,2026-02-12,21.0,Yes,3.5,3.6,3.9,3.3,3.58,Composite and decision evidence reviewed in calibration
INT-2026-0725,CAND-2026-0882,REQ-2026-ENG-G1,Work Sample Review,APD-INT-005,Technical Assessor,2026-01-30,2026-02-01,32.0,Yes,3.8,4.1,3.6,3.5,3.75,Work sample evidence recorded against the controlled scoring key
INT-2026-0726,CAND-2026-0882,REQ-2026-ENG-G1,Structured Interview A,APD-INT-006,Hiring Manager,2026-02-01,2026-02-03,43.0,Yes,3.8,4.1,3.6,3.5,3.75,Behavioral evidence mapped to published BARS anchors
INT-2026-0727,CAND-2026-0882,REQ-2026-ENG-G1,Structured Interview B,APD-INT-007,Cross-functional Panelist,2026-02-03,2026-02-04,17.0,Yes,3.8,4.1,3.6,3.5,3.75,Independent follow-up evidence locked before panel release
INT-2026-0728,CAND-2026-0882,REQ-2026-ENG-G1,Calibration Review,APD-INT-008,Talent Acquisition Partner,2026-02-05,2026-02-07,28.0,Yes,3.8,4.1,3.6,3.5,3.75,Composite and decision evidence reviewed in calibration
INT-2026-0729,CAND-2026-0883,REQ-2026-ENG-G1,Work Sample Review,APD-INT-009,Technical Assessor,2026-02-06,2026-02-08,39.0,Yes,4.1,3.5,3.3,3.7,3.65,Work sample evidence recorded against the controlled scoring key
INT-2026-0730,CAND-2026-0883,REQ-2026-ENG-G1,Structured Interview A,APD-INT-010,Hiring Manager,2026-02-08,2026-02-09,13.0,Yes,4.1,3.5,3.3,3.7,3.65,Behavioral evidence mapped to published BARS anchors
INT-2026-0731,CAND-2026-0883,REQ-2026-ENG-G1,Structured Interview B,APD-INT-011,Cross-functional Panelist,2026-02-10,2026-02-11,24.0,Yes,4.1,3.5,3.3,3.7,3.65,Independent follow-up evidence locked before panel release
INT-2026-0732,CAND-2026-0883,REQ-2026-ENG-G1,Calibration Review,APD-INT-012,Talent Acquisition Partner,2026-02-12,2026-02-14,35.0,Yes,4.1,3.5,3.3,3.7,3.65,Composite and decision evidence reviewed in calibration
INT-2026-0733,CAND-2026-0884,REQ-2026-ENG-G1,Work Sample Review,APD-INT-013,Technical Assessor,2026-01-31,2026-02-02,46.0,Yes,3.4,4.0,4.0,3.9,3.83,Work sample evidence recorded against the controlled scoring key
INT-2026-0734,CAND-2026-0884,REQ-2026-ENG-G1,Structured Interview A,APD-INT-014,Hiring Manager,2026-02-02,2026-02-03,20.0,Yes,3.4,4.0,4.0,3.9,3.83,Behavioral evidence mapped to published BARS anchors
INT-2026-0735,CAND-2026-0884,REQ-2026-ENG-G1,Structured Interview B,APD-INT-015,Cross-functional Panelist,2026-02-04,2026-02-06,31.0,Yes,3.4,4.0,4.0,3.9,3.83,Independent follow-up evidence locked before panel release
INT-2026-0736,CAND-2026-0884,REQ-2026-ENG-G1,Calibration Review,APD-INT-016,Talent Acquisition Partner,2026-02-06,2026-02-08,42.0,Yes,3.4,4.0,4.0,3.9,3.83,Composite and decision evidence reviewed in calibration
INT-2026-0737,CAND-2026-0885,REQ-2026-ENG-G1,Work Sample Review,APD-INT-017,Technical Assessor,2026-02-07,2026-02-08,16.0,Yes,3.7,3.4,3.7,4.1,3.73,Work sample evidence recorded against the controlled scoring key
INT-2026-0738,CAND-2026-0885,REQ-2026-ENG-G1,Structured Interview A,APD-INT-018,Hiring Manager,2026-02-09,2026-02-11,27.0,Yes,3.7,3.4,3.7,4.1,3.73,Behavioral evidence mapped to published BARS anchors
INT-2026-0739,CAND-2026-0885,REQ-2026-ENG-G1,Structured Interview B,APD-INT-019,Cross-functional Panelist,2026-02-11,2026-02-13,38.0,Yes,3.7,3.4,3.7,4.1,3.73,Independent follow-up evidence locked before panel release
INT-2026-0740,CAND-2026-0885,REQ-2026-ENG-G1,Calibration Review,APD-INT-020,Talent Acquisition Partner,2026-02-13,2026-02-14,12.0,Yes,3.7,3.4,3.7,4.1,3.73,Composite and decision evidence reviewed in calibration
INT-2026-0741,CAND-2026-0886,REQ-2026-ENG-G1,Work Sample Review,APD-INT-021,Technical Assessor,2026-02-01,2026-02-02,23.0,Yes,4.0,3.9,3.4,3.2,3.63,Work sample evidence recorded against the controlled scoring key
INT-2026-0742,CAND-2026-0886,REQ-2026-ENG-G1,Structured Interview A,APD-INT-022,Hiring Manager,2026-02-03,2026-02-05,34.0,Yes,4.0,3.9,3.4,3.2,3.63,Behavioral evidence mapped to published BARS anchors
INT-2026-0743,CAND-2026-0886,REQ-2026-ENG-G1,Structured Interview B,APD-INT-023,Cross-functional Panelist,2026-02-05,2026-02-07,45.0,Yes,4.0,3.9,3.4,3.2,3.63,Independent follow-up evidence locked before panel release
INT-2026-0744,CAND-2026-0886,REQ-2026-ENG-G1,Calibration Review,APD-INT-024,Talent Acquisition Partner,2026-02-07,2026-02-08,19.0,Yes,4.0,3.9,3.4,3.2,3.63,Composite and decision evidence reviewed in calibration
INT-2026-0745,CAND-2026-0887,REQ-2026-ENG-G1,Work Sample Review,APD-INT-025,Technical Assessor,2026-02-08,2026-02-10,30.0,Yes,3.3,3.3,4.1,3.4,3.53,Work sample evidence recorded against the controlled scoring key
INT-2026-0746,CAND-2026-0887,REQ-2026-ENG-G1,Structured Interview A,APD-INT-026,Hiring Manager,2026-02-10,2026-02-12,41.0,Yes,3.3,3.3,4.1,3.4,3.53,Behavioral evidence mapped to published BARS anchors
INT-2026-0747,CAND-2026-0887,REQ-2026-ENG-G1,Structured Interview B,APD-INT-027,Cross-functional Panelist,2026-02-12,2026-02-13,15.0,Yes,3.3,3.3,4.1,3.4,3.53,Independent follow-up evidence locked before panel release
INT-2026-0748,CAND-2026-0887,REQ-2026-ENG-G1,Calibration Review,APD-INT-028,Talent Acquisition Partner,2026-02-14,2026-02-16,26.0,Yes,3.3,3.3,4.1,3.4,3.53,Composite and decision evidence reviewed in calibration
INT-2026-0749,CAND-2026-0888,REQ-2026-ENG-G1,Work Sample Review,APD-INT-029,Technical Assessor,2026-02-02,2026-02-04,37.0,Yes,3.6,3.8,3.8,3.6,3.70,Work sample evidence recorded against the controlled scoring key
INT-2026-0750,CAND-2026-0888,REQ-2026-ENG-G1,Structured Interview A,APD-INT-030,Hiring Manager,2026-02-04,2026-02-06,48.0,Yes,3.6,3.8,3.8,3.6,3.70,Behavioral evidence mapped to published BARS anchors
INT-2026-0751,CAND-2026-0888,REQ-2026-ENG-G1,Structured Interview B,APD-INT-031,Cross-functional Panelist,2026-02-06,2026-02-07,22.0,Yes,3.6,3.8,3.8,3.6,3.70,Independent follow-up evidence locked before panel release
INT-2026-0752,CAND-2026-0888,REQ-2026-ENG-G1,Calibration Review,APD-INT-032,Talent Acquisition Partner,2026-02-08,2026-02-10,33.0,Yes,3.6,3.8,3.8,3.6,3.70,Composite and decision evidence reviewed in calibration
INT-2026-0753,CAND-2026-0889,REQ-2026-ENG-G1,Work Sample Review,APD-INT-033,Technical Assessor,2026-02-09,2026-02-11,44.0,Yes,3.9,3.2,3.5,3.8,3.60,Work sample evidence recorded against the controlled scoring key
INT-2026-0754,CAND-2026-0889,REQ-2026-ENG-G1,Structured Interview A,APD-INT-034,Hiring Manager,2026-02-11,2026-02-12,18.0,Yes,3.9,3.2,3.5,3.8,3.60,Behavioral evidence mapped to published BARS anchors
INT-2026-0755,CAND-2026-0889,REQ-2026-ENG-G1,Structured Interview B,APD-INT-035,Cross-functional Panelist,2026-02-13,2026-02-15,29.0,Yes,3.9,3.2,3.5,3.8,3.60,Independent follow-up evidence locked before panel release
INT-2026-0756,CAND-2026-0889,REQ-2026-ENG-G1,Calibration Review,APD-INT-036,Talent Acquisition Partner,2026-02-15,2026-02-17,40.0,Yes,3.9,3.2,3.5,3.8,3.60,Composite and decision evidence reviewed in calibration
INT-2026-0757,CAND-2026-0890,REQ-2026-ENG-G1,Work Sample Review,APD-INT-037,Technical Assessor,2026-02-03,2026-02-06,68.0,No,3.2,3.7,3.2,4.0,3.53,Work sample evidence recorded against the controlled scoring key
INT-2026-0758,CAND-2026-0890,REQ-2026-ENG-G1,Structured Interview A,APD-INT-038,Hiring Manager,2026-02-05,2026-02-08,51.0,No,3.2,3.7,3.2,4.0,3.53,Behavioral evidence mapped to published BARS anchors
INT-2026-0759,CAND-2026-0890,REQ-2026-ENG-G1,Structured Interview B,APD-INT-039,Cross-functional Panelist,2026-02-07,2026-02-10,58.0,No,3.2,3.7,3.2,4.0,3.53,Independent follow-up evidence locked before panel release
INT-2026-0760,CAND-2026-0890,REQ-2026-ENG-G1,Calibration Review,APD-INT-040,Talent Acquisition Partner,2026-02-09,2026-02-12,65.0,No,3.2,3.7,3.2,4.0,3.53,Composite and decision evidence reviewed in calibration
INT-2026-0761,CAND-2026-0891,REQ-2026-ENG-G1,Work Sample Review,APD-INT-041,Technical Assessor,2026-01-28,2026-01-31,72.0,No,3.5,3.1,3.9,3.1,3.40,Work sample evidence recorded against the controlled scoring key
INT-2026-0762,CAND-2026-0891,REQ-2026-ENG-G1,Structured Interview A,APD-INT-042,Hiring Manager,2026-01-30,2026-02-01,32.0,Yes,3.5,3.1,3.9,3.1,3.40,Behavioral evidence mapped to published BARS anchors
INT-2026-0763,CAND-2026-0891,REQ-2026-ENG-G1,Structured Interview B,APD-INT-043,Cross-functional Panelist,2026-02-01,2026-02-03,43.0,Yes,3.5,3.1,3.9,3.1,3.40,Independent follow-up evidence locked before panel release
INT-2026-0764,CAND-2026-0891,REQ-2026-ENG-G1,Calibration Review,APD-INT-044,Talent Acquisition Partner,2026-02-03,2026-02-04,17.0,Yes,3.5,3.1,3.9,3.1,3.40,Composite and decision evidence reviewed in calibration
INT-2026-0765,CAND-2026-0892,REQ-2026-ENG-G1,Work Sample Review,APD-INT-045,Technical Assessor,2026-02-04,2026-02-06,28.0,Yes,3.8,3.6,3.6,3.3,3.58,Work sample evidence recorded against the controlled scoring key
INT-2026-0766,CAND-2026-0892,REQ-2026-ENG-G1,Structured Interview A,APD-INT-046,Hiring Manager,2026-02-06,2026-02-08,39.0,Yes,3.8,3.6,3.6,3.3,3.58,Behavioral evidence mapped to published BARS anchors
INT-2026-0767,CAND-2026-0892,REQ-2026-ENG-G1,Structured Interview B,APD-INT-047,Cross-functional Panelist,2026-02-08,2026-02-09,13.0,Yes,3.8,3.6,3.6,3.3,3.58,Independent follow-up evidence locked before panel release
INT-2026-0768,CAND-2026-0892,REQ-2026-ENG-G1,Calibration Review,APD-INT-048,Talent Acquisition Partner,2026-02-10,2026-02-11,24.0,Yes,3.8,3.6,3.6,3.3,3.58,Composite and decision evidence reviewed in calibration
INT-2026-0769,CAND-2026-0893,REQ-2026-ENG-G1,Work Sample Review,APD-INT-049,Technical Assessor,2026-01-29,2026-01-31,35.0,Yes,4.1,4.1,3.3,3.5,3.75,Work sample evidence recorded against the controlled scoring key
INT-2026-0770,CAND-2026-0893,REQ-2026-ENG-G1,Structured Interview A,APD-INT-050,Hiring Manager,2026-01-31,2026-02-02,46.0,Yes,4.1,4.1,3.3,3.5,3.75,Behavioral evidence mapped to published BARS anchors
INT-2026-0771,CAND-2026-0893,REQ-2026-ENG-G1,Structured Interview B,APD-INT-051,Cross-functional Panelist,2026-02-02,2026-02-03,20.0,Yes,4.1,4.1,3.3,3.5,3.75,Independent follow-up evidence locked before panel release
INT-2026-0772,CAND-2026-0893,REQ-2026-ENG-G1,Calibration Review,APD-INT-052,Talent Acquisition Partner,2026-02-04,2026-02-06,31.0,Yes,4.1,4.1,3.3,3.5,3.75,Composite and decision evidence reviewed in calibration
INT-2026-0773,CAND-2026-0894,REQ-2026-ENG-G1,Work Sample Review,APD-INT-053,Technical Assessor,2026-02-05,2026-02-07,42.0,Yes,3.4,3.5,4.0,3.7,3.65,Work sample evidence recorded against the controlled scoring key
INT-2026-0774,CAND-2026-0894,REQ-2026-ENG-G1,Structured Interview A,APD-INT-054,Hiring Manager,2026-02-07,2026-02-08,16.0,Yes,3.4,3.5,4.0,3.7,3.65,Behavioral evidence mapped to published BARS anchors
INT-2026-0775,CAND-2026-0894,REQ-2026-ENG-G1,Structured Interview B,APD-INT-055,Cross-functional Panelist,2026-02-09,2026-02-11,27.0,Yes,3.4,3.5,4.0,3.7,3.65,Independent follow-up evidence locked before panel release
INT-2026-0776,CAND-2026-0894,REQ-2026-ENG-G1,Calibration Review,APD-INT-056,Talent Acquisition Partner,2026-02-11,2026-02-13,38.0,Yes,3.4,3.5,4.0,3.7,3.65,Composite and decision evidence reviewed in calibration
INT-2026-0777,CAND-2026-0895,REQ-2026-ENG-G1,Work Sample Review,APD-INT-057,Technical Assessor,2026-01-30,2026-01-31,12.0,Yes,3.7,4.0,3.7,3.9,3.83,Work sample evidence recorded against the controlled scoring key
INT-2026-0778,CAND-2026-0895,REQ-2026-ENG-G1,Structured Interview A,APD-INT-058,Hiring Manager,2026-02-01,2026-02-02,23.0,Yes,3.7,4.0,3.7,3.9,3.83,Behavioral evidence mapped to published BARS anchors
INT-2026-0779,CAND-2026-0895,REQ-2026-ENG-G1,Structured Interview B,APD-INT-059,Cross-functional Panelist,2026-02-03,2026-02-05,34.0,Yes,3.7,4.0,3.7,3.9,3.83,Independent follow-up evidence locked before panel release
INT-2026-0780,CAND-2026-0895,REQ-2026-ENG-G1,Calibration Review,APD-INT-060,Talent Acquisition Partner,2026-02-05,2026-02-07,45.0,Yes,3.7,4.0,3.7,3.9,3.83,Composite and decision evidence reviewed in calibration
INT-2026-0781,CAND-2026-0896,REQ-2026-ENG-G1,Work Sample Review,APD-INT-001,Technical Assessor,2026-02-06,2026-02-07,19.0,Yes,4.0,3.4,3.4,4.1,3.73,Work sample evidence recorded against the controlled scoring key
INT-2026-0782,CAND-2026-0896,REQ-2026-ENG-G1,Structured Interview A,APD-INT-002,Hiring Manager,2026-02-08,2026-02-10,30.0,Yes,4.0,3.4,3.4,4.1,3.73,Behavioral evidence mapped to published BARS anchors
INT-2026-0783,CAND-2026-0896,REQ-2026-ENG-G1,Structured Interview B,APD-INT-003,Cross-functional Panelist,2026-02-10,2026-02-12,41.0,Yes,4.0,3.4,3.4,4.1,3.73,Independent follow-up evidence locked before panel release
INT-2026-0784,CAND-2026-0896,REQ-2026-ENG-G1,Calibration Review,APD-INT-004,Talent Acquisition Partner,2026-02-12,2026-02-13,15.0,Yes,4.0,3.4,3.4,4.1,3.73,Composite and decision evidence reviewed in calibration
INT-2026-0785,CAND-2026-0897,REQ-2026-ENG-G1,Work Sample Review,APD-INT-005,Technical Assessor,2026-01-31,2026-02-02,26.0,Yes,3.3,3.9,4.1,3.2,3.63,Work sample evidence recorded against the controlled scoring key
INT-2026-0786,CAND-2026-0897,REQ-2026-ENG-G1,Structured Interview A,APD-INT-006,Hiring Manager,2026-02-02,2026-02-04,37.0,Yes,3.3,3.9,4.1,3.2,3.63,Behavioral evidence mapped to published BARS anchors
INT-2026-0787,CAND-2026-0897,REQ-2026-ENG-G1,Structured Interview B,APD-INT-007,Cross-functional Panelist,2026-02-04,2026-02-06,48.0,Yes,3.3,3.9,4.1,3.2,3.63,Independent follow-up evidence locked before panel release
INT-2026-0788,CAND-2026-0897,REQ-2026-ENG-G1,Calibration Review,APD-INT-008,Talent Acquisition Partner,2026-02-06,2026-02-07,22.0,Yes,3.3,3.9,4.1,3.2,3.63,Composite and decision evidence reviewed in calibration
INT-2026-0789,CAND-2026-0898,REQ-2026-ENG-G1,Work Sample Review,APD-INT-009,Technical Assessor,2026-02-07,2026-02-09,33.0,Yes,3.6,3.3,3.8,3.4,3.53,Work sample evidence recorded against the controlled scoring key
INT-2026-0790,CAND-2026-0898,REQ-2026-ENG-G1,Structured Interview A,APD-INT-010,Hiring Manager,2026-02-09,2026-02-11,44.0,Yes,3.6,3.3,3.8,3.4,3.53,Behavioral evidence mapped to published BARS anchors
INT-2026-0791,CAND-2026-0898,REQ-2026-ENG-G1,Structured Interview B,APD-INT-011,Cross-functional Panelist,2026-02-11,2026-02-12,18.0,Yes,3.6,3.3,3.8,3.4,3.53,Independent follow-up evidence locked before panel release
INT-2026-0792,CAND-2026-0898,REQ-2026-ENG-G1,Calibration Review,APD-INT-012,Talent Acquisition Partner,2026-02-13,2026-02-15,29.0,Yes,3.6,3.3,3.8,3.4,3.53,Composite and decision evidence reviewed in calibration
INT-2026-0793,CAND-2026-0899,REQ-2026-ENG-G1,Work Sample Review,APD-INT-013,Technical Assessor,2026-02-01,2026-02-03,40.0,Yes,3.9,3.8,3.5,3.6,3.70,Work sample evidence recorded against the controlled scoring key
INT-2026-0794,CAND-2026-0899,REQ-2026-ENG-G1,Structured Interview A,APD-INT-014,Hiring Manager,2026-02-03,2026-02-04,14.0,Yes,3.9,3.8,3.5,3.6,3.70,Behavioral evidence mapped to published BARS anchors
INT-2026-0795,CAND-2026-0899,REQ-2026-ENG-G1,Structured Interview B,APD-INT-015,Cross-functional Panelist,2026-02-05,2026-02-07,25.0,Yes,3.9,3.8,3.5,3.6,3.70,Independent follow-up evidence locked before panel release
INT-2026-0796,CAND-2026-0899,REQ-2026-ENG-G1,Calibration Review,APD-INT-016,Talent Acquisition Partner,2026-02-07,2026-02-09,36.0,Yes,3.9,3.8,3.5,3.6,3.70,Composite and decision evidence reviewed in calibration
INT-2026-0797,CAND-2026-0900,REQ-2026-ENG-G1,Work Sample Review,APD-INT-017,Technical Assessor,2026-02-08,2026-02-10,47.0,Yes,3.2,3.2,3.2,3.8,3.35,Work sample evidence recorded against the controlled scoring key
INT-2026-0798,CAND-2026-0900,REQ-2026-ENG-G1,Structured Interview A,APD-INT-018,Hiring Manager,2026-02-10,2026-02-11,21.0,Yes,3.2,3.2,3.2,3.8,3.35,Behavioral evidence mapped to published BARS anchors
INT-2026-0799,CAND-2026-0900,REQ-2026-ENG-G1,Structured Interview B,APD-INT-019,Cross-functional Panelist,2026-02-12,2026-02-14,32.0,Yes,3.2,3.2,3.2,3.8,3.35,Independent follow-up evidence locked before panel release
INT-2026-0800,CAND-2026-0900,REQ-2026-ENG-G1,Calibration Review,APD-INT-020,Talent Acquisition Partner,2026-02-14,2026-02-16,43.0,Yes,3.2,3.2,3.2,3.8,3.35,Composite and decision evidence reviewed in calibration
INT-2026-0801,CAND-2026-0901,REQ-2026-ENG-G1,Work Sample Review,APD-INT-021,Technical Assessor,2026-02-02,2026-02-03,17.0,Yes,3.5,3.7,3.9,4.0,3.78,Work sample evidence recorded against the controlled scoring key
INT-2026-0802,CAND-2026-0901,REQ-2026-ENG-G1,Structured Interview A,APD-INT-022,Hiring Manager,2026-02-04,2026-02-06,28.0,Yes,3.5,3.7,3.9,4.0,3.78,Behavioral evidence mapped to published BARS anchors
INT-2026-0803,CAND-2026-0901,REQ-2026-ENG-G1,Structured Interview B,APD-INT-023,Cross-functional Panelist,2026-02-06,2026-02-08,39.0,Yes,3.5,3.7,3.9,4.0,3.78,Independent follow-up evidence locked before panel release
INT-2026-0804,CAND-2026-0901,REQ-2026-ENG-G1,Calibration Review,APD-INT-024,Talent Acquisition Partner,2026-02-08,2026-02-09,13.0,Yes,3.5,3.7,3.9,4.0,3.78,Composite and decision evidence reviewed in calibration
INT-2026-0805,CAND-2026-0902,REQ-2026-ENG-G1,Work Sample Review,APD-INT-025,Technical Assessor,2026-02-09,2026-02-10,24.0,Yes,3.8,3.1,3.6,3.1,3.40,Work sample evidence recorded against the controlled scoring key
INT-2026-0806,CAND-2026-0902,REQ-2026-ENG-G1,Structured Interview A,APD-INT-026,Hiring Manager,2026-02-11,2026-02-13,35.0,Yes,3.8,3.1,3.6,3.1,3.40,Behavioral evidence mapped to published BARS anchors
INT-2026-0807,CAND-2026-0902,REQ-2026-ENG-G1,Structured Interview B,APD-INT-027,Cross-functional Panelist,2026-02-13,2026-02-15,46.0,Yes,3.8,3.1,3.6,3.1,3.40,Independent follow-up evidence locked before panel release
INT-2026-0808,CAND-2026-0902,REQ-2026-ENG-G1,Calibration Review,APD-INT-028,Talent Acquisition Partner,2026-02-15,2026-02-16,20.0,Yes,3.8,3.1,3.6,3.1,3.40,Composite and decision evidence reviewed in calibration
INT-2026-0809,CAND-2026-0903,REQ-2026-ENG-G1,Work Sample Review,APD-INT-029,Technical Assessor,2026-02-03,2026-02-05,31.0,Yes,4.1,3.6,3.3,3.3,3.58,Work sample evidence recorded against the controlled scoring key
INT-2026-0810,CAND-2026-0903,REQ-2026-ENG-G1,Structured Interview A,APD-INT-030,Hiring Manager,2026-02-05,2026-02-07,42.0,Yes,4.1,3.6,3.3,3.3,3.58,Behavioral evidence mapped to published BARS anchors
INT-2026-0811,CAND-2026-0903,REQ-2026-ENG-G1,Structured Interview B,APD-INT-031,Cross-functional Panelist,2026-02-07,2026-02-10,62.0,No,4.1,3.6,3.3,3.3,3.58,Independent follow-up evidence locked before panel release
INT-2026-0812,CAND-2026-0903,REQ-2026-ENG-G1,Calibration Review,APD-INT-032,Talent Acquisition Partner,2026-02-09,2026-02-12,69.0,No,4.1,3.6,3.3,3.3,3.58,Composite and decision evidence reviewed in calibration
INT-2026-0813,CAND-2026-0904,REQ-2026-ENG-G1,Work Sample Review,APD-INT-033,Technical Assessor,2026-01-28,2026-01-31,52.0,No,3.4,4.1,4.0,3.5,3.75,Work sample evidence recorded against the controlled scoring key
INT-2026-0814,CAND-2026-0904,REQ-2026-ENG-G1,Structured Interview A,APD-INT-034,Hiring Manager,2026-01-30,2026-02-02,59.0,No,3.4,4.1,4.0,3.5,3.75,Behavioral evidence mapped to published BARS anchors
INT-2026-0815,CAND-2026-0904,REQ-2026-ENG-G1,Structured Interview B,APD-INT-035,Cross-functional Panelist,2026-02-01,2026-02-04,66.0,No,3.4,4.1,4.0,3.5,3.75,Independent follow-up evidence locked before panel release
INT-2026-0816,CAND-2026-0904,REQ-2026-ENG-G1,Calibration Review,APD-INT-036,Talent Acquisition Partner,2026-02-03,2026-02-05,34.0,Yes,3.4,4.1,4.0,3.5,3.75,Composite and decision evidence reviewed in calibration
INT-2026-0817,CAND-2026-0905,REQ-2026-ENG-G1,Work Sample Review,APD-INT-037,Technical Assessor,2026-02-04,2026-02-06,45.0,Yes,3.7,3.5,3.7,3.7,3.65,Work sample evidence recorded against the controlled scoring key
INT-2026-0818,CAND-2026-0905,REQ-2026-ENG-G1,Structured Interview A,APD-INT-038,Hiring Manager,2026-02-06,2026-02-07,19.0,Yes,3.7,3.5,3.7,3.7,3.65,Behavioral evidence mapped to published BARS anchors
INT-2026-0819,CAND-2026-0905,REQ-2026-ENG-G1,Structured Interview B,APD-INT-039,Cross-functional Panelist,2026-02-08,2026-02-10,30.0,Yes,3.7,3.5,3.7,3.7,3.65,Independent follow-up evidence locked before panel release
INT-2026-0820,CAND-2026-0905,REQ-2026-ENG-G1,Calibration Review,APD-INT-040,Talent Acquisition Partner,2026-02-10,2026-02-12,41.0,Yes,3.7,3.5,3.7,3.7,3.65,Composite and decision evidence reviewed in calibration
INT-2026-0821,CAND-2026-0906,REQ-2026-ENG-G1,Work Sample Review,APD-INT-041,Technical Assessor,2026-01-29,2026-01-30,15.0,Yes,4.0,4.0,3.4,3.9,3.83,Work sample evidence recorded against the controlled scoring key
INT-2026-0822,CAND-2026-0906,REQ-2026-ENG-G1,Structured Interview A,APD-INT-042,Hiring Manager,2026-01-31,2026-02-02,26.0,Yes,4.0,4.0,3.4,3.9,3.83,Behavioral evidence mapped to published BARS anchors
INT-2026-0823,CAND-2026-0906,REQ-2026-ENG-G1,Structured Interview B,APD-INT-043,Cross-functional Panelist,2026-02-02,2026-02-04,37.0,Yes,4.0,4.0,3.4,3.9,3.83,Independent follow-up evidence locked before panel release
INT-2026-0824,CAND-2026-0906,REQ-2026-ENG-G1,Calibration Review,APD-INT-044,Talent Acquisition Partner,2026-02-04,2026-02-06,48.0,Yes,4.0,4.0,3.4,3.9,3.83,Composite and decision evidence reviewed in calibration
INT-2026-0825,CAND-2026-0907,REQ-2026-ENG-G1,Work Sample Review,APD-INT-045,Technical Assessor,2026-02-05,2026-02-06,22.0,Yes,3.3,3.4,4.1,4.1,3.73,Work sample evidence recorded against the controlled scoring key
INT-2026-0826,CAND-2026-0907,REQ-2026-ENG-G1,Structured Interview A,APD-INT-046,Hiring Manager,2026-02-07,2026-02-09,33.0,Yes,3.3,3.4,4.1,4.1,3.73,Behavioral evidence mapped to published BARS anchors
INT-2026-0827,CAND-2026-0907,REQ-2026-ENG-G1,Structured Interview B,APD-INT-047,Cross-functional Panelist,2026-02-09,2026-02-11,44.0,Yes,3.3,3.4,4.1,4.1,3.73,Independent follow-up evidence locked before panel release
INT-2026-0828,CAND-2026-0907,REQ-2026-ENG-G1,Calibration Review,APD-INT-048,Talent Acquisition Partner,2026-02-11,2026-02-12,18.0,Yes,3.3,3.4,4.1,4.1,3.73,Composite and decision evidence reviewed in calibration
INT-2026-0829,CAND-2026-0908,REQ-2026-ENG-G1,Work Sample Review,APD-INT-049,Technical Assessor,2026-01-30,2026-02-01,29.0,Yes,3.6,3.9,3.8,3.2,3.63,Work sample evidence recorded against the controlled scoring key
INT-2026-0830,CAND-2026-0908,REQ-2026-ENG-G1,Structured Interview A,APD-INT-050,Hiring Manager,2026-02-01,2026-02-03,40.0,Yes,3.6,3.9,3.8,3.2,3.63,Behavioral evidence mapped to published BARS anchors
INT-2026-0831,CAND-2026-0908,REQ-2026-ENG-G1,Structured Interview B,APD-INT-051,Cross-functional Panelist,2026-02-03,2026-02-04,14.0,Yes,3.6,3.9,3.8,3.2,3.63,Independent follow-up evidence locked before panel release
INT-2026-0832,CAND-2026-0908,REQ-2026-ENG-G1,Calibration Review,APD-INT-052,Talent Acquisition Partner,2026-02-05,2026-02-07,25.0,Yes,3.6,3.9,3.8,3.2,3.63,Composite and decision evidence reviewed in calibration
INT-2026-0833,CAND-2026-0909,REQ-2026-ENG-G1,Work Sample Review,APD-INT-053,Technical Assessor,2026-02-06,2026-02-08,36.0,Yes,3.9,3.3,3.5,3.4,3.53,Work sample evidence recorded against the controlled scoring key
INT-2026-0834,CAND-2026-0909,REQ-2026-ENG-G1,Structured Interview A,APD-INT-054,Hiring Manager,2026-02-08,2026-02-10,47.0,Yes,3.9,3.3,3.5,3.4,3.53,Behavioral evidence mapped to published BARS anchors
INT-2026-0835,CAND-2026-0909,REQ-2026-ENG-G1,Structured Interview B,APD-INT-055,Cross-functional Panelist,2026-02-10,2026-02-11,21.0,Yes,3.9,3.3,3.5,3.4,3.53,Independent follow-up evidence locked before panel release
INT-2026-0836,CAND-2026-0909,REQ-2026-ENG-G1,Calibration Review,APD-INT-056,Talent Acquisition Partner,2026-02-12,2026-02-14,32.0,Yes,3.9,3.3,3.5,3.4,3.53,Composite and decision evidence reviewed in calibration
INT-2026-0837,CAND-2026-0910,REQ-2026-ENG-G1,Work Sample Review,APD-INT-057,Technical Assessor,2026-01-31,2026-02-02,43.0,Yes,3.2,3.8,3.2,3.6,3.45,Work sample evidence recorded against the controlled scoring key
INT-2026-0838,CAND-2026-0910,REQ-2026-ENG-G1,Structured Interview A,APD-INT-058,Hiring Manager,2026-02-02,2026-02-03,17.0,Yes,3.2,3.8,3.2,3.6,3.45,Behavioral evidence mapped to published BARS anchors
INT-2026-0839,CAND-2026-0910,REQ-2026-ENG-G1,Structured Interview B,APD-INT-059,Cross-functional Panelist,2026-02-04,2026-02-06,28.0,Yes,3.2,3.8,3.2,3.6,3.45,Independent follow-up evidence locked before panel release
INT-2026-0840,CAND-2026-0910,REQ-2026-ENG-G1,Calibration Review,APD-INT-060,Talent Acquisition Partner,2026-02-06,2026-02-08,39.0,Yes,3.2,3.8,3.2,3.6,3.45,Composite and decision evidence reviewed in calibration
INT-2026-0841,CAND-2026-0911,REQ-2026-ENG-G1,Work Sample Review,APD-INT-001,Technical Assessor,2026-02-07,2026-02-08,13.0,Yes,3.5,3.2,3.9,3.8,3.60,Work sample evidence recorded against the controlled scoring key
INT-2026-0842,CAND-2026-0911,REQ-2026-ENG-G1,Structured Interview A,APD-INT-002,Hiring Manager,2026-02-09,2026-02-10,24.0,Yes,3.5,3.2,3.9,3.8,3.60,Behavioral evidence mapped to published BARS anchors
INT-2026-0843,CAND-2026-0911,REQ-2026-ENG-G1,Structured Interview B,APD-INT-003,Cross-functional Panelist,2026-02-11,2026-02-13,35.0,Yes,3.5,3.2,3.9,3.8,3.60,Independent follow-up evidence locked before panel release
INT-2026-0844,CAND-2026-0911,REQ-2026-ENG-G1,Calibration Review,APD-INT-004,Talent Acquisition Partner,2026-02-13,2026-02-15,46.0,Yes,3.5,3.2,3.9,3.8,3.60,Composite and decision evidence reviewed in calibration
INT-2026-0845,CAND-2026-0912,REQ-2026-ENG-G1,Work Sample Review,APD-INT-005,Technical Assessor,2026-02-01,2026-02-02,20.0,Yes,3.8,3.7,3.6,4.0,3.78,Work sample evidence recorded against the controlled scoring key
INT-2026-0846,CAND-2026-0912,REQ-2026-ENG-G1,Structured Interview A,APD-INT-006,Hiring Manager,2026-02-03,2026-02-05,31.0,Yes,3.8,3.7,3.6,4.0,3.78,Behavioral evidence mapped to published BARS anchors
INT-2026-0847,CAND-2026-0912,REQ-2026-ENG-G1,Structured Interview B,APD-INT-007,Cross-functional Panelist,2026-02-05,2026-02-07,42.0,Yes,3.8,3.7,3.6,4.0,3.78,Independent follow-up evidence locked before panel release
INT-2026-0848,CAND-2026-0912,REQ-2026-ENG-G1,Calibration Review,APD-INT-008,Talent Acquisition Partner,2026-02-07,2026-02-08,16.0,Yes,3.8,3.7,3.6,4.0,3.78,Composite and decision evidence reviewed in calibration
INT-2026-0849,CAND-2026-0913,REQ-2026-ENG-G1,Work Sample Review,APD-INT-009,Technical Assessor,2026-02-08,2026-02-10,27.0,Yes,4.1,3.1,3.3,3.1,3.40,Work sample evidence recorded against the controlled scoring key
INT-2026-0850,CAND-2026-0913,REQ-2026-ENG-G1,Structured Interview A,APD-INT-010,Hiring Manager,2026-02-10,2026-02-12,38.0,Yes,4.1,3.1,3.3,3.1,3.40,Behavioral evidence mapped to published BARS anchors
INT-2026-0851,CAND-2026-0913,REQ-2026-ENG-G1,Structured Interview B,APD-INT-011,Cross-functional Panelist,2026-02-12,2026-02-13,12.0,Yes,4.1,3.1,3.3,3.1,3.40,Independent follow-up evidence locked before panel release
INT-2026-0852,CAND-2026-0913,REQ-2026-ENG-G1,Calibration Review,APD-INT-012,Talent Acquisition Partner,2026-02-14,2026-02-15,23.0,Yes,4.1,3.1,3.3,3.1,3.40,Composite and decision evidence reviewed in calibration
INT-2026-0853,CAND-2026-0914,REQ-2026-ENG-G1,Work Sample Review,APD-INT-013,Technical Assessor,2026-02-02,2026-02-04,34.0,Yes,3.4,3.6,4.0,3.3,3.58,Work sample evidence recorded against the controlled scoring key
INT-2026-0854,CAND-2026-0914,REQ-2026-ENG-G1,Structured Interview A,APD-INT-014,Hiring Manager,2026-02-04,2026-02-06,45.0,Yes,3.4,3.6,4.0,3.3,3.58,Behavioral evidence mapped to published BARS anchors
INT-2026-0855,CAND-2026-0914,REQ-2026-ENG-G1,Structured Interview B,APD-INT-015,Cross-functional Panelist,2026-02-06,2026-02-07,19.0,Yes,3.4,3.6,4.0,3.3,3.58,Independent follow-up evidence locked before panel release
INT-2026-0856,CAND-2026-0914,REQ-2026-ENG-G1,Calibration Review,APD-INT-016,Talent Acquisition Partner,2026-02-08,2026-02-10,30.0,Yes,3.4,3.6,4.0,3.3,3.58,Composite and decision evidence reviewed in calibration
INT-2026-0857,CAND-2026-0915,REQ-2026-ENG-G1,Work Sample Review,APD-INT-017,Technical Assessor,2026-02-09,2026-02-11,41.0,Yes,3.7,4.1,3.7,3.5,3.75,Work sample evidence recorded against the controlled scoring key
INT-2026-0858,CAND-2026-0915,REQ-2026-ENG-G1,Structured Interview A,APD-INT-018,Hiring Manager,2026-02-11,2026-02-12,15.0,Yes,3.7,4.1,3.7,3.5,3.75,Behavioral evidence mapped to published BARS anchors
INT-2026-0859,CAND-2026-0915,REQ-2026-ENG-G1,Structured Interview B,APD-INT-019,Cross-functional Panelist,2026-02-13,2026-02-15,26.0,Yes,3.7,4.1,3.7,3.5,3.75,Independent follow-up evidence locked before panel release
INT-2026-0860,CAND-2026-0915,REQ-2026-ENG-G1,Calibration Review,APD-INT-020,Talent Acquisition Partner,2026-02-15,2026-02-17,37.0,Yes,3.7,4.1,3.7,3.5,3.75,Composite and decision evidence reviewed in calibration
INT-2026-0861,CAND-2026-0916,REQ-2026-ENG-G1,Work Sample Review,APD-INT-021,Technical Assessor,2026-02-03,2026-02-05,48.0,Yes,4.0,3.5,3.4,3.7,3.65,Work sample evidence recorded against the controlled scoring key
INT-2026-0862,CAND-2026-0916,REQ-2026-ENG-G1,Structured Interview A,APD-INT-022,Hiring Manager,2026-02-05,2026-02-06,22.0,Yes,4.0,3.5,3.4,3.7,3.65,Behavioral evidence mapped to published BARS anchors
INT-2026-0863,CAND-2026-0916,REQ-2026-ENG-G1,Structured Interview B,APD-INT-023,Cross-functional Panelist,2026-02-07,2026-02-09,33.0,Yes,4.0,3.5,3.4,3.7,3.65,Independent follow-up evidence locked before panel release
INT-2026-0864,CAND-2026-0916,REQ-2026-ENG-G1,Calibration Review,APD-INT-024,Talent Acquisition Partner,2026-02-09,2026-02-11,44.0,Yes,4.0,3.5,3.4,3.7,3.65,Composite and decision evidence reviewed in calibration
INT-2026-0865,CAND-2026-0917,REQ-2026-ENG-G1,Work Sample Review,APD-INT-025,Technical Assessor,2026-01-28,2026-01-31,56.0,No,3.3,4.0,4.1,3.9,3.83,Work sample evidence recorded against the controlled scoring key
INT-2026-0866,CAND-2026-0917,REQ-2026-ENG-G1,Structured Interview A,APD-INT-026,Hiring Manager,2026-01-30,2026-02-02,63.0,No,3.3,4.0,4.1,3.9,3.83,Behavioral evidence mapped to published BARS anchors
INT-2026-0867,CAND-2026-0917,REQ-2026-ENG-G1,Structured Interview B,APD-INT-027,Cross-functional Panelist,2026-02-01,2026-02-04,70.0,No,3.3,4.0,4.1,3.9,3.83,Independent follow-up evidence locked before panel release
INT-2026-0868,CAND-2026-0917,REQ-2026-ENG-G1,Calibration Review,APD-INT-028,Talent Acquisition Partner,2026-02-03,2026-02-06,53.0,No,3.3,4.0,4.1,3.9,3.83,Composite and decision evidence reviewed in calibration
INT-2026-0869,CAND-2026-0918,REQ-2026-ENG-G1,Work Sample Review,APD-INT-029,Technical Assessor,2026-02-04,2026-02-07,60.0,No,3.6,3.4,3.8,4.1,3.73,Work sample evidence recorded against the controlled scoring key
INT-2026-0870,CAND-2026-0918,REQ-2026-ENG-G1,Structured Interview A,APD-INT-030,Hiring Manager,2026-02-06,2026-02-08,36.0,Yes,3.6,3.4,3.8,4.1,3.73,Behavioral evidence mapped to published BARS anchors
INT-2026-0871,CAND-2026-0918,REQ-2026-ENG-G1,Structured Interview B,APD-INT-031,Cross-functional Panelist,2026-02-08,2026-02-10,47.0,Yes,3.6,3.4,3.8,4.1,3.73,Independent follow-up evidence locked before panel release
INT-2026-0872,CAND-2026-0918,REQ-2026-ENG-G1,Calibration Review,APD-INT-032,Talent Acquisition Partner,2026-02-10,2026-02-11,21.0,Yes,3.6,3.4,3.8,4.1,3.73,Composite and decision evidence reviewed in calibration
INT-2026-0873,CAND-2026-0919,REQ-2026-ENG-G1,Work Sample Review,APD-INT-033,Technical Assessor,2026-01-29,2026-01-31,32.0,Yes,3.9,3.9,3.5,3.2,3.63,Work sample evidence recorded against the controlled scoring key
INT-2026-0874,CAND-2026-0919,REQ-2026-ENG-G1,Structured Interview A,APD-INT-034,Hiring Manager,2026-01-31,2026-02-02,43.0,Yes,3.9,3.9,3.5,3.2,3.63,Behavioral evidence mapped to published BARS anchors
INT-2026-0875,CAND-2026-0919,REQ-2026-ENG-G1,Structured Interview B,APD-INT-035,Cross-functional Panelist,2026-02-02,2026-02-03,17.0,Yes,3.9,3.9,3.5,3.2,3.63,Independent follow-up evidence locked before panel release
INT-2026-0876,CAND-2026-0919,REQ-2026-ENG-G1,Calibration Review,APD-INT-036,Talent Acquisition Partner,2026-02-04,2026-02-06,28.0,Yes,3.9,3.9,3.5,3.2,3.63,Composite and decision evidence reviewed in calibration
INT-2026-0877,CAND-2026-0920,REQ-2026-ENG-G1,Work Sample Review,APD-INT-037,Technical Assessor,2026-02-05,2026-02-07,39.0,Yes,3.2,3.3,3.2,3.4,3.28,Work sample evidence recorded against the controlled scoring key
INT-2026-0878,CAND-2026-0920,REQ-2026-ENG-G1,Structured Interview A,APD-INT-038,Hiring Manager,2026-02-07,2026-02-08,13.0,Yes,3.2,3.3,3.2,3.4,3.28,Behavioral evidence mapped to published BARS anchors
INT-2026-0879,CAND-2026-0920,REQ-2026-ENG-G1,Structured Interview B,APD-INT-039,Cross-functional Panelist,2026-02-09,2026-02-10,24.0,Yes,3.2,3.3,3.2,3.4,3.28,Independent follow-up evidence locked before panel release
INT-2026-0880,CAND-2026-0920,REQ-2026-ENG-G1,Calibration Review,APD-INT-040,Talent Acquisition Partner,2026-02-11,2026-02-13,35.0,Yes,3.2,3.3,3.2,3.4,3.28,Composite and decision evidence reviewed in calibration
INT-2026-0881,CAND-2026-0921,REQ-2026-ENG-G1,Work Sample Review,APD-INT-041,Technical Assessor,2026-01-30,2026-02-01,46.0,Yes,3.5,3.8,3.9,3.6,3.70,Work sample evidence recorded against the controlled scoring key
INT-2026-0882,CAND-2026-0921,REQ-2026-ENG-G1,Structured Interview A,APD-INT-042,Hiring Manager,2026-02-01,2026-02-02,20.0,Yes,3.5,3.8,3.9,3.6,3.70,Behavioral evidence mapped to published BARS anchors
INT-2026-0883,CAND-2026-0921,REQ-2026-ENG-G1,Structured Interview B,APD-INT-043,Cross-functional Panelist,2026-02-03,2026-02-05,31.0,Yes,3.5,3.8,3.9,3.6,3.70,Independent follow-up evidence locked before panel release
INT-2026-0884,CAND-2026-0921,REQ-2026-ENG-G1,Calibration Review,APD-INT-044,Talent Acquisition Partner,2026-02-05,2026-02-07,42.0,Yes,3.5,3.8,3.9,3.6,3.70,Composite and decision evidence reviewed in calibration
INT-2026-0885,CAND-2026-0922,REQ-2026-ENG-G1,Work Sample Review,APD-INT-045,Technical Assessor,2026-02-06,2026-02-07,16.0,Yes,3.8,3.2,3.6,3.8,3.60,Work sample evidence recorded against the controlled scoring key
INT-2026-0886,CAND-2026-0922,REQ-2026-ENG-G1,Structured Interview A,APD-INT-046,Hiring Manager,2026-02-08,2026-02-10,27.0,Yes,3.8,3.2,3.6,3.8,3.60,Behavioral evidence mapped to published BARS anchors
INT-2026-0887,CAND-2026-0922,REQ-2026-ENG-G1,Structured Interview B,APD-INT-047,Cross-functional Panelist,2026-02-10,2026-02-12,38.0,Yes,3.8,3.2,3.6,3.8,3.60,Independent follow-up evidence locked before panel release
INT-2026-0888,CAND-2026-0922,REQ-2026-ENG-G1,Calibration Review,APD-INT-048,Talent Acquisition Partner,2026-02-12,2026-02-13,12.0,Yes,3.8,3.2,3.6,3.8,3.60,Composite and decision evidence reviewed in calibration
INT-2026-0889,CAND-2026-0923,REQ-2026-ENG-G1,Work Sample Review,APD-INT-049,Technical Assessor,2026-01-31,2026-02-01,23.0,Yes,4.1,3.7,3.3,4.0,3.78,Work sample evidence recorded against the controlled scoring key
INT-2026-0890,CAND-2026-0923,REQ-2026-ENG-G1,Structured Interview A,APD-INT-050,Hiring Manager,2026-02-02,2026-02-04,34.0,Yes,4.1,3.7,3.3,4.0,3.78,Behavioral evidence mapped to published BARS anchors
INT-2026-0891,CAND-2026-0923,REQ-2026-ENG-G1,Structured Interview B,APD-INT-051,Cross-functional Panelist,2026-02-04,2026-02-06,45.0,Yes,4.1,3.7,3.3,4.0,3.78,Independent follow-up evidence locked before panel release
INT-2026-0892,CAND-2026-0923,REQ-2026-ENG-G1,Calibration Review,APD-INT-052,Talent Acquisition Partner,2026-02-06,2026-02-07,19.0,Yes,4.1,3.7,3.3,4.0,3.78,Composite and decision evidence reviewed in calibration
INT-2026-0893,CAND-2026-0924,REQ-2026-ENG-G1,Work Sample Review,APD-INT-053,Technical Assessor,2026-02-07,2026-02-09,30.0,Yes,3.4,3.1,4.0,3.1,3.40,Work sample evidence recorded against the controlled scoring key
INT-2026-0894,CAND-2026-0924,REQ-2026-ENG-G1,Structured Interview A,APD-INT-054,Hiring Manager,2026-02-09,2026-02-11,41.0,Yes,3.4,3.1,4.0,3.1,3.40,Behavioral evidence mapped to published BARS anchors
INT-2026-0895,CAND-2026-0924,REQ-2026-ENG-G1,Structured Interview B,APD-INT-055,Cross-functional Panelist,2026-02-11,2026-02-12,15.0,Yes,3.4,3.1,4.0,3.1,3.40,Independent follow-up evidence locked before panel release
INT-2026-0896,CAND-2026-0924,REQ-2026-ENG-G1,Calibration Review,APD-INT-056,Talent Acquisition Partner,2026-02-13,2026-02-15,26.0,Yes,3.4,3.1,4.0,3.1,3.40,Composite and decision evidence reviewed in calibration
INT-2026-0897,CAND-2026-0925,REQ-2026-ENG-G1,Work Sample Review,APD-INT-057,Technical Assessor,2026-02-01,2026-02-03,37.0,Yes,3.7,3.6,3.7,3.3,3.58,Work sample evidence recorded against the controlled scoring key
INT-2026-0898,CAND-2026-0925,REQ-2026-ENG-G1,Structured Interview A,APD-INT-058,Hiring Manager,2026-02-03,2026-02-05,48.0,Yes,3.7,3.6,3.7,3.3,3.58,Behavioral evidence mapped to published BARS anchors
INT-2026-0899,CAND-2026-0925,REQ-2026-ENG-G1,Structured Interview B,APD-INT-059,Cross-functional Panelist,2026-02-05,2026-02-06,22.0,Yes,3.7,3.6,3.7,3.3,3.58,Independent follow-up evidence locked before panel release
INT-2026-0900,CAND-2026-0925,REQ-2026-ENG-G1,Calibration Review,APD-INT-060,Talent Acquisition Partner,2026-02-07,2026-02-09,33.0,Yes,3.7,3.6,3.7,3.3,3.58,Composite and decision evidence reviewed in calibration
INT-2026-0901,CAND-2026-0926,REQ-2026-ENG-G1,Work Sample Review,APD-INT-001,Technical Assessor,2026-02-08,2026-02-10,44.0,Yes,4.0,4.1,3.4,3.5,3.75,Work sample evidence recorded against the controlled scoring key
INT-2026-0902,CAND-2026-0926,REQ-2026-ENG-G1,Structured Interview A,APD-INT-002,Hiring Manager,2026-02-10,2026-02-11,18.0,Yes,4.0,4.1,3.4,3.5,3.75,Behavioral evidence mapped to published BARS anchors
INT-2026-0903,CAND-2026-0926,REQ-2026-ENG-G1,Structured Interview B,APD-INT-003,Cross-functional Panelist,2026-02-12,2026-02-14,29.0,Yes,4.0,4.1,3.4,3.5,3.75,Independent follow-up evidence locked before panel release
INT-2026-0904,CAND-2026-0926,REQ-2026-ENG-G1,Calibration Review,APD-INT-004,Talent Acquisition Partner,2026-02-14,2026-02-16,40.0,Yes,4.0,4.1,3.4,3.5,3.75,Composite and decision evidence reviewed in calibration
INT-2026-0905,CAND-2026-0927,REQ-2026-ENG-G1,Work Sample Review,APD-INT-005,Technical Assessor,2026-02-02,2026-02-03,14.0,Yes,3.3,3.5,4.1,3.7,3.65,Work sample evidence recorded against the controlled scoring key
INT-2026-0906,CAND-2026-0927,REQ-2026-ENG-G1,Structured Interview A,APD-INT-006,Hiring Manager,2026-02-04,2026-02-06,25.0,Yes,3.3,3.5,4.1,3.7,3.65,Behavioral evidence mapped to published BARS anchors
INT-2026-0907,CAND-2026-0927,REQ-2026-ENG-G1,Structured Interview B,APD-INT-007,Cross-functional Panelist,2026-02-06,2026-02-08,36.0,Yes,3.3,3.5,4.1,3.7,3.65,Independent follow-up evidence locked before panel release
INT-2026-0908,CAND-2026-0927,REQ-2026-ENG-G1,Calibration Review,APD-INT-008,Talent Acquisition Partner,2026-02-08,2026-02-10,47.0,Yes,3.3,3.5,4.1,3.7,3.65,Composite and decision evidence reviewed in calibration
INT-2026-0909,CAND-2026-0928,REQ-2026-ENG-G1,Work Sample Review,APD-INT-009,Technical Assessor,2026-02-09,2026-02-10,21.0,Yes,3.6,4.0,3.8,3.9,3.83,Work sample evidence recorded against the controlled scoring key
INT-2026-0910,CAND-2026-0928,REQ-2026-ENG-G1,Structured Interview A,APD-INT-010,Hiring Manager,2026-02-11,2026-02-13,32.0,Yes,3.6,4.0,3.8,3.9,3.83,Behavioral evidence mapped to published BARS anchors
INT-2026-0911,CAND-2026-0928,REQ-2026-ENG-G1,Structured Interview B,APD-INT-011,Cross-functional Panelist,2026-02-13,2026-02-15,43.0,Yes,3.6,4.0,3.8,3.9,3.83,Independent follow-up evidence locked before panel release
INT-2026-0912,CAND-2026-0928,REQ-2026-ENG-G1,Calibration Review,APD-INT-012,Talent Acquisition Partner,2026-02-15,2026-02-16,17.0,Yes,3.6,4.0,3.8,3.9,3.83,Composite and decision evidence reviewed in calibration
INT-2026-0913,CAND-2026-0929,REQ-2026-ENG-G1,Work Sample Review,APD-INT-013,Technical Assessor,2026-02-03,2026-02-05,28.0,Yes,3.9,3.4,3.5,4.1,3.73,Work sample evidence recorded against the controlled scoring key
INT-2026-0914,CAND-2026-0929,REQ-2026-ENG-G1,Structured Interview A,APD-INT-014,Hiring Manager,2026-02-05,2026-02-07,39.0,Yes,3.9,3.4,3.5,4.1,3.73,Behavioral evidence mapped to published BARS anchors
INT-2026-0915,CAND-2026-0929,REQ-2026-ENG-G1,Structured Interview B,APD-INT-015,Cross-functional Panelist,2026-02-07,2026-02-08,13.0,Yes,3.9,3.4,3.5,4.1,3.73,Independent follow-up evidence locked before panel release
INT-2026-0916,CAND-2026-0929,REQ-2026-ENG-G1,Calibration Review,APD-INT-016,Talent Acquisition Partner,2026-02-09,2026-02-10,24.0,Yes,3.9,3.4,3.5,4.1,3.73,Composite and decision evidence reviewed in calibration
INT-2026-0917,CAND-2026-0930,REQ-2026-ENG-G1,Work Sample Review,APD-INT-017,Technical Assessor,2026-01-28,2026-01-30,35.0,Yes,3.2,3.9,3.2,3.2,3.38,Work sample evidence recorded against the controlled scoring key
INT-2026-0918,CAND-2026-0930,REQ-2026-ENG-G1,Structured Interview A,APD-INT-018,Hiring Manager,2026-01-30,2026-02-01,46.0,Yes,3.2,3.9,3.2,3.2,3.38,Behavioral evidence mapped to published BARS anchors
INT-2026-0919,CAND-2026-0930,REQ-2026-ENG-G1,Structured Interview B,APD-INT-019,Cross-functional Panelist,2026-02-01,2026-02-04,50.0,No,3.2,3.9,3.2,3.2,3.38,Independent follow-up evidence locked before panel release
INT-2026-0920,CAND-2026-0930,REQ-2026-ENG-G1,Calibration Review,APD-INT-020,Talent Acquisition Partner,2026-02-03,2026-02-06,57.0,No,3.2,3.9,3.2,3.2,3.38,Composite and decision evidence reviewed in calibration
INT-2026-0921,CAND-2026-0931,REQ-2026-ENG-G1,Work Sample Review,APD-INT-021,Technical Assessor,2026-02-04,2026-02-07,64.0,No,3.5,3.3,3.9,3.4,3.53,Work sample evidence recorded against the controlled scoring key
INT-2026-0922,CAND-2026-0931,REQ-2026-ENG-G1,Structured Interview A,APD-INT-022,Hiring Manager,2026-02-06,2026-02-09,71.0,No,3.5,3.3,3.9,3.4,3.53,Behavioral evidence mapped to published BARS anchors
INT-2026-0923,CAND-2026-0931,REQ-2026-ENG-G1,Structured Interview B,APD-INT-023,Cross-functional Panelist,2026-02-08,2026-02-11,54.0,No,3.5,3.3,3.9,3.4,3.53,Independent follow-up evidence locked before panel release
INT-2026-0924,CAND-2026-0931,REQ-2026-ENG-G1,Calibration Review,APD-INT-024,Talent Acquisition Partner,2026-02-10,2026-02-12,38.0,Yes,3.5,3.3,3.9,3.4,3.53,Composite and decision evidence reviewed in calibration
INT-2026-0925,CAND-2026-0932,REQ-2026-ENG-G1,Work Sample Review,APD-INT-025,Technical Assessor,2026-01-29,2026-01-30,12.0,Yes,3.8,3.8,3.6,3.6,3.70,Work sample evidence recorded against the controlled scoring key
INT-2026-0926,CAND-2026-0932,REQ-2026-ENG-G1,Structured Interview A,APD-INT-026,Hiring Manager,2026-01-31,2026-02-01,23.0,Yes,3.8,3.8,3.6,3.6,3.70,Behavioral evidence mapped to published BARS anchors
INT-2026-0927,CAND-2026-0932,REQ-2026-ENG-G1,Structured Interview B,APD-INT-027,Cross-functional Panelist,2026-02-02,2026-02-04,34.0,Yes,3.8,3.8,3.6,3.6,3.70,Independent follow-up evidence locked before panel release
INT-2026-0928,CAND-2026-0932,REQ-2026-ENG-G1,Calibration Review,APD-INT-028,Talent Acquisition Partner,2026-02-04,2026-02-06,45.0,Yes,3.8,3.8,3.6,3.6,3.70,Composite and decision evidence reviewed in calibration
INT-2026-0929,CAND-2026-0933,REQ-2026-ENG-G1,Work Sample Review,APD-INT-029,Technical Assessor,2026-02-05,2026-02-06,19.0,Yes,4.1,3.2,3.3,3.8,3.60,Work sample evidence recorded against the controlled scoring key
INT-2026-0930,CAND-2026-0933,REQ-2026-ENG-G1,Structured Interview A,APD-INT-030,Hiring Manager,2026-02-07,2026-02-09,30.0,Yes,4.1,3.2,3.3,3.8,3.60,Behavioral evidence mapped to published BARS anchors
INT-2026-0931,CAND-2026-0933,REQ-2026-ENG-G1,Structured Interview B,APD-INT-031,Cross-functional Panelist,2026-02-09,2026-02-11,41.0,Yes,4.1,3.2,3.3,3.8,3.60,Independent follow-up evidence locked before panel release
INT-2026-0932,CAND-2026-0933,REQ-2026-ENG-G1,Calibration Review,APD-INT-032,Talent Acquisition Partner,2026-02-11,2026-02-12,15.0,Yes,4.1,3.2,3.3,3.8,3.60,Composite and decision evidence reviewed in calibration
INT-2026-0933,CAND-2026-0934,REQ-2026-ENG-G1,Work Sample Review,APD-INT-033,Technical Assessor,2026-01-30,2026-02-01,26.0,Yes,3.4,3.7,4.0,4.0,3.78,Work sample evidence recorded against the controlled scoring key
INT-2026-0934,CAND-2026-0934,REQ-2026-ENG-G1,Structured Interview A,APD-INT-034,Hiring Manager,2026-02-01,2026-02-03,37.0,Yes,3.4,3.7,4.0,4.0,3.78,Behavioral evidence mapped to published BARS anchors
INT-2026-0935,CAND-2026-0934,REQ-2026-ENG-G1,Structured Interview B,APD-INT-035,Cross-functional Panelist,2026-02-03,2026-02-05,48.0,Yes,3.4,3.7,4.0,4.0,3.78,Independent follow-up evidence locked before panel release
INT-2026-0936,CAND-2026-0934,REQ-2026-ENG-G1,Calibration Review,APD-INT-036,Talent Acquisition Partner,2026-02-05,2026-02-06,22.0,Yes,3.4,3.7,4.0,4.0,3.78,Composite and decision evidence reviewed in calibration
INT-2026-0937,CAND-2026-0935,REQ-2026-ENG-G1,Work Sample Review,APD-INT-037,Technical Assessor,2026-02-06,2026-02-08,33.0,Yes,3.7,3.1,3.7,3.1,3.40,Work sample evidence recorded against the controlled scoring key
INT-2026-0938,CAND-2026-0935,REQ-2026-ENG-G1,Structured Interview A,APD-INT-038,Hiring Manager,2026-02-08,2026-02-10,44.0,Yes,3.7,3.1,3.7,3.1,3.40,Behavioral evidence mapped to published BARS anchors
INT-2026-0939,CAND-2026-0935,REQ-2026-ENG-G1,Structured Interview B,APD-INT-039,Cross-functional Panelist,2026-02-10,2026-02-11,18.0,Yes,3.7,3.1,3.7,3.1,3.40,Independent follow-up evidence locked before panel release
INT-2026-0940,CAND-2026-0935,REQ-2026-ENG-G1,Calibration Review,APD-INT-040,Talent Acquisition Partner,2026-02-12,2026-02-14,29.0,Yes,3.7,3.1,3.7,3.1,3.40,Composite and decision evidence reviewed in calibration
INT-2026-0941,CAND-2026-0936,REQ-2026-ENG-G1,Work Sample Review,APD-INT-041,Technical Assessor,2026-01-31,2026-02-02,40.0,Yes,4.0,3.6,3.4,3.3,3.58,Work sample evidence recorded against the controlled scoring key
INT-2026-0942,CAND-2026-0936,REQ-2026-ENG-G1,Structured Interview A,APD-INT-042,Hiring Manager,2026-02-02,2026-02-03,14.0,Yes,4.0,3.6,3.4,3.3,3.58,Behavioral evidence mapped to published BARS anchors
INT-2026-0943,CAND-2026-0936,REQ-2026-ENG-G1,Structured Interview B,APD-INT-043,Cross-functional Panelist,2026-02-04,2026-02-06,25.0,Yes,4.0,3.6,3.4,3.3,3.58,Independent follow-up evidence locked before panel release
INT-2026-0944,CAND-2026-0936,REQ-2026-ENG-G1,Calibration Review,APD-INT-044,Talent Acquisition Partner,2026-02-06,2026-02-08,36.0,Yes,4.0,3.6,3.4,3.3,3.58,Composite and decision evidence reviewed in calibration
INT-2026-0945,CAND-2026-0937,REQ-2026-ENG-G1,Work Sample Review,APD-INT-045,Technical Assessor,2026-02-07,2026-02-09,47.0,Yes,3.3,4.1,4.1,3.5,3.75,Work sample evidence recorded against the controlled scoring key
INT-2026-0946,CAND-2026-0937,REQ-2026-ENG-G1,Structured Interview A,APD-INT-046,Hiring Manager,2026-02-09,2026-02-10,21.0,Yes,3.3,4.1,4.1,3.5,3.75,Behavioral evidence mapped to published BARS anchors
INT-2026-0947,CAND-2026-0937,REQ-2026-ENG-G1,Structured Interview B,APD-INT-047,Cross-functional Panelist,2026-02-11,2026-02-13,32.0,Yes,3.3,4.1,4.1,3.5,3.75,Independent follow-up evidence locked before panel release
INT-2026-0948,CAND-2026-0937,REQ-2026-ENG-G1,Calibration Review,APD-INT-048,Talent Acquisition Partner,2026-02-13,2026-02-15,43.0,Yes,3.3,4.1,4.1,3.5,3.75,Composite and decision evidence reviewed in calibration
INT-2026-0949,CAND-2026-0938,REQ-2026-ENG-G1,Work Sample Review,APD-INT-049,Technical Assessor,2026-02-01,2026-02-02,17.0,Yes,3.6,3.5,3.8,3.7,3.65,Work sample evidence recorded against the controlled scoring key
INT-2026-0950,CAND-2026-0938,REQ-2026-ENG-G1,Structured Interview A,APD-INT-050,Hiring Manager,2026-02-03,2026-02-05,28.0,Yes,3.6,3.5,3.8,3.7,3.65,Behavioral evidence mapped to published BARS anchors
INT-2026-0951,CAND-2026-0938,REQ-2026-ENG-G1,Structured Interview B,APD-INT-051,Cross-functional Panelist,2026-02-05,2026-02-07,39.0,Yes,3.6,3.5,3.8,3.7,3.65,Independent follow-up evidence locked before panel release
INT-2026-0952,CAND-2026-0938,REQ-2026-ENG-G1,Calibration Review,APD-INT-052,Talent Acquisition Partner,2026-02-07,2026-02-08,13.0,Yes,3.6,3.5,3.8,3.7,3.65,Composite and decision evidence reviewed in calibration
INT-2026-0953,CAND-2026-0939,REQ-2026-ENG-G1,Work Sample Review,APD-INT-053,Technical Assessor,2026-02-08,2026-02-09,24.0,Yes,3.9,4.0,3.5,3.9,3.83,Work sample evidence recorded against the controlled scoring key
INT-2026-0954,CAND-2026-0939,REQ-2026-ENG-G1,Structured Interview A,APD-INT-054,Hiring Manager,2026-02-10,2026-02-12,35.0,Yes,3.9,4.0,3.5,3.9,3.83,Behavioral evidence mapped to published BARS anchors
INT-2026-0955,CAND-2026-0939,REQ-2026-ENG-G1,Structured Interview B,APD-INT-055,Cross-functional Panelist,2026-02-12,2026-02-14,46.0,Yes,3.9,4.0,3.5,3.9,3.83,Independent follow-up evidence locked before panel release
INT-2026-0956,CAND-2026-0939,REQ-2026-ENG-G1,Calibration Review,APD-INT-056,Talent Acquisition Partner,2026-02-14,2026-02-15,20.0,Yes,3.9,4.0,3.5,3.9,3.83,Composite and decision evidence reviewed in calibration
INT-2026-0957,CAND-2026-0940,REQ-2026-ENG-G1,Work Sample Review,APD-INT-057,Technical Assessor,2026-02-02,2026-02-04,31.0,Yes,3.2,3.4,3.2,4.1,3.48,Work sample evidence recorded against the controlled scoring key
INT-2026-0958,CAND-2026-0940,REQ-2026-ENG-G1,Structured Interview A,APD-INT-058,Hiring Manager,2026-02-04,2026-02-06,42.0,Yes,3.2,3.4,3.2,4.1,3.48,Behavioral evidence mapped to published BARS anchors
INT-2026-0959,CAND-2026-0940,REQ-2026-ENG-G1,Structured Interview B,APD-INT-059,Cross-functional Panelist,2026-02-06,2026-02-07,16.0,Yes,3.2,3.4,3.2,4.1,3.48,Independent follow-up evidence locked before panel release
INT-2026-0960,CAND-2026-0940,REQ-2026-ENG-G1,Calibration Review,APD-INT-060,Talent Acquisition Partner,2026-02-08,2026-02-10,27.0,Yes,3.2,3.4,3.2,4.1,3.48,Composite and decision evidence reviewed in calibration
INT-2026-0961,CAND-2026-0941,REQ-2026-ENG-G1,Work Sample Review,APD-INT-001,Technical Assessor,2026-02-09,2026-02-11,38.0,Yes,3.5,3.9,3.9,3.2,3.63,Work sample evidence recorded against the controlled scoring key
INT-2026-0962,CAND-2026-0941,REQ-2026-ENG-G1,Structured Interview A,APD-INT-002,Hiring Manager,2026-02-11,2026-02-12,12.0,Yes,3.5,3.9,3.9,3.2,3.63,Behavioral evidence mapped to published BARS anchors
INT-2026-0963,CAND-2026-0941,REQ-2026-ENG-G1,Structured Interview B,APD-INT-003,Cross-functional Panelist,2026-02-13,2026-02-14,23.0,Yes,3.5,3.9,3.9,3.2,3.63,Independent follow-up evidence locked before panel release
INT-2026-0964,CAND-2026-0941,REQ-2026-ENG-G1,Calibration Review,APD-INT-004,Talent Acquisition Partner,2026-02-15,2026-02-17,34.0,Yes,3.5,3.9,3.9,3.2,3.63,Composite and decision evidence reviewed in calibration
INT-2026-0965,CAND-2026-0942,REQ-2026-ENG-G1,Work Sample Review,APD-INT-005,Technical Assessor,2026-02-03,2026-02-05,45.0,Yes,3.8,3.3,3.6,3.4,3.53,Work sample evidence recorded against the controlled scoring key
INT-2026-0966,CAND-2026-0942,REQ-2026-ENG-G1,Structured Interview A,APD-INT-006,Hiring Manager,2026-02-05,2026-02-06,19.0,Yes,3.8,3.3,3.6,3.4,3.53,Behavioral evidence mapped to published BARS anchors
INT-2026-0967,CAND-2026-0942,REQ-2026-ENG-G1,Structured Interview B,APD-INT-007,Cross-functional Panelist,2026-02-07,2026-02-09,30.0,Yes,3.8,3.3,3.6,3.4,3.53,Independent follow-up evidence locked before panel release
INT-2026-0968,CAND-2026-0942,REQ-2026-ENG-G1,Calibration Review,APD-INT-008,Talent Acquisition Partner,2026-02-09,2026-02-11,41.0,Yes,3.8,3.3,3.6,3.4,3.53,Composite and decision evidence reviewed in calibration
INT-2026-0969,CAND-2026-0943,REQ-2026-ENG-G1,Work Sample Review,APD-INT-009,Technical Assessor,2026-01-28,2026-01-29,15.0,Yes,4.1,3.8,3.3,3.6,3.70,Work sample evidence recorded against the controlled scoring key
INT-2026-0970,CAND-2026-0943,REQ-2026-ENG-G1,Structured Interview A,APD-INT-010,Hiring Manager,2026-01-30,2026-02-01,26.0,Yes,4.1,3.8,3.3,3.6,3.70,Behavioral evidence mapped to published BARS anchors
INT-2026-0971,CAND-2026-0943,REQ-2026-ENG-G1,Structured Interview B,APD-INT-011,Cross-functional Panelist,2026-02-01,2026-02-03,37.0,Yes,4.1,3.8,3.3,3.6,3.70,Independent follow-up evidence locked before panel release
INT-2026-0972,CAND-2026-0943,REQ-2026-ENG-G1,Calibration Review,APD-INT-012,Talent Acquisition Partner,2026-02-03,2026-02-05,48.0,Yes,4.1,3.8,3.3,3.6,3.70,Composite and decision evidence reviewed in calibration
INT-2026-0973,CAND-2026-0944,REQ-2026-ENG-G1,Work Sample Review,APD-INT-013,Technical Assessor,2026-02-04,2026-02-07,68.0,No,3.4,3.2,4.0,3.8,3.60,Work sample evidence recorded against the controlled scoring key
INT-2026-0974,CAND-2026-0944,REQ-2026-ENG-G1,Structured Interview A,APD-INT-014,Hiring Manager,2026-02-06,2026-02-09,51.0,No,3.4,3.2,4.0,3.8,3.60,Behavioral evidence mapped to published BARS anchors
INT-2026-0975,CAND-2026-0944,REQ-2026-ENG-G1,Structured Interview B,APD-INT-015,Cross-functional Panelist,2026-02-08,2026-02-11,58.0,No,3.4,3.2,4.0,3.8,3.60,Independent follow-up evidence locked before panel release
INT-2026-0976,CAND-2026-0944,REQ-2026-ENG-G1,Calibration Review,APD-INT-016,Talent Acquisition Partner,2026-02-10,2026-02-13,65.0,No,3.4,3.2,4.0,3.8,3.60,Composite and decision evidence reviewed in calibration
INT-2026-0977,CAND-2026-0945,REQ-2026-ENG-G1,Work Sample Review,APD-INT-017,Technical Assessor,2026-01-29,2026-02-01,72.0,No,3.7,3.7,3.7,4.0,3.78,Work sample evidence recorded against the controlled scoring key
INT-2026-0978,CAND-2026-0945,REQ-2026-ENG-G1,Structured Interview A,APD-INT-018,Hiring Manager,2026-01-31,2026-02-02,40.0,Yes,3.7,3.7,3.7,4.0,3.78,Behavioral evidence mapped to published BARS anchors
INT-2026-0979,CAND-2026-0945,REQ-2026-ENG-G1,Structured Interview B,APD-INT-019,Cross-functional Panelist,2026-02-02,2026-02-03,14.0,Yes,3.7,3.7,3.7,4.0,3.78,Independent follow-up evidence locked before panel release
INT-2026-0980,CAND-2026-0945,REQ-2026-ENG-G1,Calibration Review,APD-INT-020,Talent Acquisition Partner,2026-02-04,2026-02-06,25.0,Yes,3.7,3.7,3.7,4.0,3.78,Composite and decision evidence reviewed in calibration
INT-2026-0981,CAND-2026-0946,REQ-2026-ENG-G1,Work Sample Review,APD-INT-021,Technical Assessor,2026-02-05,2026-02-07,36.0,Yes,4.0,3.1,3.4,3.1,3.40,Work sample evidence recorded against the controlled scoring key
INT-2026-0982,CAND-2026-0946,REQ-2026-ENG-G1,Structured Interview A,APD-INT-022,Hiring Manager,2026-02-07,2026-02-09,47.0,Yes,4.0,3.1,3.4,3.1,3.40,Behavioral evidence mapped to published BARS anchors
INT-2026-0983,CAND-2026-0946,REQ-2026-ENG-G1,Structured Interview B,APD-INT-023,Cross-functional Panelist,2026-02-09,2026-02-10,21.0,Yes,4.0,3.1,3.4,3.1,3.40,Independent follow-up evidence locked before panel release
INT-2026-0984,CAND-2026-0946,REQ-2026-ENG-G1,Calibration Review,APD-INT-024,Talent Acquisition Partner,2026-02-11,2026-02-13,32.0,Yes,4.0,3.1,3.4,3.1,3.40,Composite and decision evidence reviewed in calibration
INT-2026-0985,CAND-2026-0947,REQ-2026-ENG-G1,Work Sample Review,APD-INT-025,Technical Assessor,2026-01-30,2026-02-01,43.0,Yes,3.3,3.6,4.1,3.3,3.58,Work sample evidence recorded against the controlled scoring key
INT-2026-0986,CAND-2026-0947,REQ-2026-ENG-G1,Structured Interview A,APD-INT-026,Hiring Manager,2026-02-01,2026-02-02,17.0,Yes,3.3,3.6,4.1,3.3,3.58,Behavioral evidence mapped to published BARS anchors
INT-2026-0987,CAND-2026-0947,REQ-2026-ENG-G1,Structured Interview B,APD-INT-027,Cross-functional Panelist,2026-02-03,2026-02-05,28.0,Yes,3.3,3.6,4.1,3.3,3.58,Independent follow-up evidence locked before panel release
INT-2026-0988,CAND-2026-0947,REQ-2026-ENG-G1,Calibration Review,APD-INT-028,Talent Acquisition Partner,2026-02-05,2026-02-07,39.0,Yes,3.3,3.6,4.1,3.3,3.58,Composite and decision evidence reviewed in calibration
INT-2026-0989,CAND-2026-0948,REQ-2026-ENG-G1,Work Sample Review,APD-INT-029,Technical Assessor,2026-02-06,2026-02-07,13.0,Yes,3.6,4.1,3.8,3.5,3.75,Work sample evidence recorded against the controlled scoring key
INT-2026-0990,CAND-2026-0948,REQ-2026-ENG-G1,Structured Interview A,APD-INT-030,Hiring Manager,2026-02-08,2026-02-09,24.0,Yes,3.6,4.1,3.8,3.5,3.75,Behavioral evidence mapped to published BARS anchors
INT-2026-0991,CAND-2026-0948,REQ-2026-ENG-G1,Structured Interview B,APD-INT-031,Cross-functional Panelist,2026-02-10,2026-02-12,35.0,Yes,3.6,4.1,3.8,3.5,3.75,Independent follow-up evidence locked before panel release
INT-2026-0992,CAND-2026-0948,REQ-2026-ENG-G1,Calibration Review,APD-INT-032,Talent Acquisition Partner,2026-02-12,2026-02-14,46.0,Yes,3.6,4.1,3.8,3.5,3.75,Composite and decision evidence reviewed in calibration
INT-2026-0993,CAND-2026-0949,REQ-2026-ENG-G1,Work Sample Review,APD-INT-033,Technical Assessor,2026-01-31,2026-02-01,20.0,Yes,3.9,3.5,3.5,3.7,3.65,Work sample evidence recorded against the controlled scoring key
INT-2026-0994,CAND-2026-0949,REQ-2026-ENG-G1,Structured Interview A,APD-INT-034,Hiring Manager,2026-02-02,2026-02-04,31.0,Yes,3.9,3.5,3.5,3.7,3.65,Behavioral evidence mapped to published BARS anchors
INT-2026-0995,CAND-2026-0949,REQ-2026-ENG-G1,Structured Interview B,APD-INT-035,Cross-functional Panelist,2026-02-04,2026-02-06,42.0,Yes,3.9,3.5,3.5,3.7,3.65,Independent follow-up evidence locked before panel release
INT-2026-0996,CAND-2026-0949,REQ-2026-ENG-G1,Calibration Review,APD-INT-036,Talent Acquisition Partner,2026-02-06,2026-02-07,16.0,Yes,3.9,3.5,3.5,3.7,3.65,Composite and decision evidence reviewed in calibration
INT-2026-0997,CAND-2026-0950,REQ-2026-ENG-G1,Work Sample Review,APD-INT-037,Technical Assessor,2026-02-07,2026-02-09,27.0,Yes,3.2,4.0,3.2,3.9,3.58,Work sample evidence recorded against the controlled scoring key
INT-2026-0998,CAND-2026-0950,REQ-2026-ENG-G1,Structured Interview A,APD-INT-038,Hiring Manager,2026-02-09,2026-02-11,38.0,Yes,3.2,4.0,3.2,3.9,3.58,Behavioral evidence mapped to published BARS anchors
INT-2026-0999,CAND-2026-0950,REQ-2026-ENG-G1,Structured Interview B,APD-INT-039,Cross-functional Panelist,2026-02-11,2026-02-12,12.0,Yes,3.2,4.0,3.2,3.9,3.58,Independent follow-up evidence locked before panel release
INT-2026-1000,CAND-2026-0950,REQ-2026-ENG-G1,Calibration Review,APD-INT-040,Talent Acquisition Partner,2026-02-13,2026-02-14,23.0,Yes,3.2,4.0,3.2,3.9,3.58,Composite and decision evidence reviewed in calibration
INT-2026-1001,CAND-2026-0951,REQ-2026-ENG-G1,Work Sample Review,APD-INT-041,Technical Assessor,2026-02-01,2026-02-03,34.0,Yes,3.5,3.4,3.9,4.1,3.73,Work sample evidence recorded against the controlled scoring key
INT-2026-1002,CAND-2026-0951,REQ-2026-ENG-G1,Structured Interview A,APD-INT-042,Hiring Manager,2026-02-03,2026-02-05,45.0,Yes,3.5,3.4,3.9,4.1,3.73,Behavioral evidence mapped to published BARS anchors
INT-2026-1003,CAND-2026-0951,REQ-2026-ENG-G1,Structured Interview B,APD-INT-043,Cross-functional Panelist,2026-02-05,2026-02-06,19.0,Yes,3.5,3.4,3.9,4.1,3.73,Independent follow-up evidence locked before panel release
INT-2026-1004,CAND-2026-0951,REQ-2026-ENG-G1,Calibration Review,APD-INT-044,Talent Acquisition Partner,2026-02-07,2026-02-09,30.0,Yes,3.5,3.4,3.9,4.1,3.73,Composite and decision evidence reviewed in calibration
INT-2026-1005,CAND-2026-0952,REQ-2026-ENG-G1,Work Sample Review,APD-INT-045,Technical Assessor,2026-02-08,2026-02-10,41.0,Yes,3.8,3.9,3.6,3.2,3.63,Work sample evidence recorded against the controlled scoring key
INT-2026-1006,CAND-2026-0952,REQ-2026-ENG-G1,Structured Interview A,APD-INT-046,Hiring Manager,2026-02-10,2026-02-11,15.0,Yes,3.8,3.9,3.6,3.2,3.63,Behavioral evidence mapped to published BARS anchors
INT-2026-1007,CAND-2026-0952,REQ-2026-ENG-G1,Structured Interview B,APD-INT-047,Cross-functional Panelist,2026-02-12,2026-02-14,26.0,Yes,3.8,3.9,3.6,3.2,3.63,Independent follow-up evidence locked before panel release
INT-2026-1008,CAND-2026-0952,REQ-2026-ENG-G1,Calibration Review,APD-INT-048,Talent Acquisition Partner,2026-02-14,2026-02-16,37.0,Yes,3.8,3.9,3.6,3.2,3.63,Composite and decision evidence reviewed in calibration
INT-2026-1009,CAND-2026-0953,REQ-2026-ENG-G1,Work Sample Review,APD-INT-049,Technical Assessor,2026-02-02,2026-02-04,48.0,Yes,4.1,3.3,3.3,3.4,3.53,Work sample evidence recorded against the controlled scoring key
INT-2026-1010,CAND-2026-0953,REQ-2026-ENG-G1,Structured Interview A,APD-INT-050,Hiring Manager,2026-02-04,2026-02-05,22.0,Yes,4.1,3.3,3.3,3.4,3.53,Behavioral evidence mapped to published BARS anchors
INT-2026-1011,CAND-2026-0953,REQ-2026-ENG-G1,Structured Interview B,APD-INT-051,Cross-functional Panelist,2026-02-06,2026-02-08,33.0,Yes,4.1,3.3,3.3,3.4,3.53,Independent follow-up evidence locked before panel release
INT-2026-1012,CAND-2026-0953,REQ-2026-ENG-G1,Calibration Review,APD-INT-052,Talent Acquisition Partner,2026-02-08,2026-02-10,44.0,Yes,4.1,3.3,3.3,3.4,3.53,Composite and decision evidence reviewed in calibration
INT-2026-1013,CAND-2026-0954,REQ-2026-ENG-G1,Work Sample Review,APD-INT-053,Technical Assessor,2026-02-09,2026-02-10,18.0,Yes,3.4,3.8,4.0,3.6,3.70,Work sample evidence recorded against the controlled scoring key
INT-2026-1014,CAND-2026-0954,REQ-2026-ENG-G1,Structured Interview A,APD-INT-054,Hiring Manager,2026-02-11,2026-02-13,29.0,Yes,3.4,3.8,4.0,3.6,3.70,Behavioral evidence mapped to published BARS anchors
INT-2026-1015,CAND-2026-0954,REQ-2026-ENG-G1,Structured Interview B,APD-INT-055,Cross-functional Panelist,2026-02-13,2026-02-15,40.0,Yes,3.4,3.8,4.0,3.6,3.70,Independent follow-up evidence locked before panel release
INT-2026-1016,CAND-2026-0954,REQ-2026-ENG-G1,Calibration Review,APD-INT-056,Talent Acquisition Partner,2026-02-15,2026-02-16,14.0,Yes,3.4,3.8,4.0,3.6,3.70,Composite and decision evidence reviewed in calibration
INT-2026-1017,CAND-2026-0955,REQ-2026-ENG-G1,Work Sample Review,APD-INT-057,Technical Assessor,2026-02-03,2026-02-05,25.0,Yes,3.7,3.2,3.7,3.8,3.60,Work sample evidence recorded against the controlled scoring key
INT-2026-1018,CAND-2026-0955,REQ-2026-ENG-G1,Structured Interview A,APD-INT-058,Hiring Manager,2026-02-05,2026-02-07,36.0,Yes,3.7,3.2,3.7,3.8,3.60,Behavioral evidence mapped to published BARS anchors
INT-2026-1019,CAND-2026-0955,REQ-2026-ENG-G1,Structured Interview B,APD-INT-059,Cross-functional Panelist,2026-02-07,2026-02-09,47.0,Yes,3.7,3.2,3.7,3.8,3.60,Independent follow-up evidence locked before panel release
INT-2026-1020,CAND-2026-0955,REQ-2026-ENG-G1,Calibration Review,APD-INT-060,Talent Acquisition Partner,2026-02-09,2026-02-10,21.0,Yes,3.7,3.2,3.7,3.8,3.60,Composite and decision evidence reviewed in calibration
INT-2026-1021,CAND-2026-0956,REQ-2026-ENG-G1,Work Sample Review,APD-INT-001,Technical Assessor,2026-01-28,2026-01-30,32.0,Yes,4.0,3.7,3.4,4.0,3.78,Work sample evidence recorded against the controlled scoring key
INT-2026-1022,CAND-2026-0956,REQ-2026-ENG-G1,Structured Interview A,APD-INT-002,Hiring Manager,2026-01-30,2026-02-01,43.0,Yes,4.0,3.7,3.4,4.0,3.78,Behavioral evidence mapped to published BARS anchors
INT-2026-1023,CAND-2026-0956,REQ-2026-ENG-G1,Structured Interview B,APD-INT-003,Cross-functional Panelist,2026-02-01,2026-02-02,17.0,Yes,4.0,3.7,3.4,4.0,3.78,Independent follow-up evidence locked before panel release
INT-2026-1024,CAND-2026-0956,REQ-2026-ENG-G1,Calibration Review,APD-INT-004,Talent Acquisition Partner,2026-02-03,2026-02-05,28.0,Yes,4.0,3.7,3.4,4.0,3.78,Composite and decision evidence reviewed in calibration
INT-2026-1025,CAND-2026-0957,REQ-2026-ENG-G1,Work Sample Review,APD-INT-005,Technical Assessor,2026-02-04,2026-02-06,39.0,Yes,3.3,3.1,4.1,3.1,3.40,Work sample evidence recorded against the controlled scoring key
INT-2026-1026,CAND-2026-0957,REQ-2026-ENG-G1,Structured Interview A,APD-INT-006,Hiring Manager,2026-02-06,2026-02-07,13.0,Yes,3.3,3.1,4.1,3.1,3.40,Behavioral evidence mapped to published BARS anchors
INT-2026-1027,CAND-2026-0957,REQ-2026-ENG-G1,Structured Interview B,APD-INT-007,Cross-functional Panelist,2026-02-08,2026-02-09,24.0,Yes,3.3,3.1,4.1,3.1,3.40,Independent follow-up evidence locked before panel release
INT-2026-1028,CAND-2026-0957,REQ-2026-ENG-G1,Calibration Review,APD-INT-008,Talent Acquisition Partner,2026-02-10,2026-02-13,69.0,No,3.3,3.1,4.1,3.1,3.40,Composite and decision evidence reviewed in calibration
INT-2026-1029,CAND-2026-0958,REQ-2026-ENG-G1,Work Sample Review,APD-INT-009,Technical Assessor,2026-01-29,2026-02-01,52.0,No,3.6,3.6,3.8,3.3,3.58,Work sample evidence recorded against the controlled scoring key
INT-2026-1030,CAND-2026-0958,REQ-2026-ENG-G1,Structured Interview A,APD-INT-010,Hiring Manager,2026-01-31,2026-02-03,59.0,No,3.6,3.6,3.8,3.3,3.58,Behavioral evidence mapped to published BARS anchors
INT-2026-1031,CAND-2026-0958,REQ-2026-ENG-G1,Structured Interview B,APD-INT-011,Cross-functional Panelist,2026-02-02,2026-02-05,66.0,No,3.6,3.6,3.8,3.3,3.58,Independent follow-up evidence locked before panel release
INT-2026-1032,CAND-2026-0958,REQ-2026-ENG-G1,Calibration Review,APD-INT-012,Talent Acquisition Partner,2026-02-04,2026-02-06,42.0,Yes,3.6,3.6,3.8,3.3,3.58,Composite and decision evidence reviewed in calibration
INT-2026-1033,CAND-2026-0959,REQ-2026-ENG-G1,Work Sample Review,APD-INT-013,Technical Assessor,2026-02-05,2026-02-06,16.0,Yes,3.9,4.1,3.5,3.5,3.75,Work sample evidence recorded against the controlled scoring key
INT-2026-1034,CAND-2026-0959,REQ-2026-ENG-G1,Structured Interview A,APD-INT-014,Hiring Manager,2026-02-07,2026-02-09,27.0,Yes,3.9,4.1,3.5,3.5,3.75,Behavioral evidence mapped to published BARS anchors
INT-2026-1035,CAND-2026-0959,REQ-2026-ENG-G1,Structured Interview B,APD-INT-015,Cross-functional Panelist,2026-02-09,2026-02-11,38.0,Yes,3.9,4.1,3.5,3.5,3.75,Independent follow-up evidence locked before panel release
INT-2026-1036,CAND-2026-0959,REQ-2026-ENG-G1,Calibration Review,APD-INT-016,Talent Acquisition Partner,2026-02-11,2026-02-12,12.0,Yes,3.9,4.1,3.5,3.5,3.75,Composite and decision evidence reviewed in calibration
INT-2026-1037,CAND-2026-0960,REQ-2026-ENG-G1,Work Sample Review,APD-INT-017,Technical Assessor,2026-01-30,2026-01-31,23.0,Yes,3.2,3.5,3.2,3.7,3.40,Work sample evidence recorded against the controlled scoring key
INT-2026-1038,CAND-2026-0960,REQ-2026-ENG-G1,Structured Interview A,APD-INT-018,Hiring Manager,2026-02-01,2026-02-03,34.0,Yes,3.2,3.5,3.2,3.7,3.40,Behavioral evidence mapped to published BARS anchors
INT-2026-1039,CAND-2026-0960,REQ-2026-ENG-G1,Structured Interview B,APD-INT-019,Cross-functional Panelist,2026-02-03,2026-02-05,45.0,Yes,3.2,3.5,3.2,3.7,3.40,Independent follow-up evidence locked before panel release
INT-2026-1040,CAND-2026-0960,REQ-2026-ENG-G1,Calibration Review,APD-INT-020,Talent Acquisition Partner,2026-02-05,2026-02-06,19.0,Yes,3.2,3.5,3.2,3.7,3.40,Composite and decision evidence reviewed in calibration
INT-2026-1041,CAND-2026-0961,REQ-2026-ENG-G1,Work Sample Review,APD-INT-021,Technical Assessor,2026-02-06,2026-02-08,30.0,Yes,3.5,4.0,3.9,3.9,3.83,Work sample evidence recorded against the controlled scoring key
INT-2026-1042,CAND-2026-0961,REQ-2026-ENG-G1,Structured Interview A,APD-INT-022,Hiring Manager,2026-02-08,2026-02-10,41.0,Yes,3.5,4.0,3.9,3.9,3.83,Behavioral evidence mapped to published BARS anchors
INT-2026-1043,CAND-2026-0961,REQ-2026-ENG-G1,Structured Interview B,APD-INT-023,Cross-functional Panelist,2026-02-10,2026-02-11,15.0,Yes,3.5,4.0,3.9,3.9,3.83,Independent follow-up evidence locked before panel release
INT-2026-1044,CAND-2026-0961,REQ-2026-ENG-G1,Calibration Review,APD-INT-024,Talent Acquisition Partner,2026-02-12,2026-02-14,26.0,Yes,3.5,4.0,3.9,3.9,3.83,Composite and decision evidence reviewed in calibration
INT-2026-1045,CAND-2026-0962,REQ-2026-ENG-G1,Work Sample Review,APD-INT-025,Technical Assessor,2026-01-31,2026-02-02,37.0,Yes,3.8,3.4,3.6,4.1,3.73,Work sample evidence recorded against the controlled scoring key
INT-2026-1046,CAND-2026-0962,REQ-2026-ENG-G1,Structured Interview A,APD-INT-026,Hiring Manager,2026-02-02,2026-02-04,48.0,Yes,3.8,3.4,3.6,4.1,3.73,Behavioral evidence mapped to published BARS anchors
INT-2026-1047,CAND-2026-0962,REQ-2026-ENG-G1,Structured Interview B,APD-INT-027,Cross-functional Panelist,2026-02-04,2026-02-05,22.0,Yes,3.8,3.4,3.6,4.1,3.73,Independent follow-up evidence locked before panel release
INT-2026-1048,CAND-2026-0962,REQ-2026-ENG-G1,Calibration Review,APD-INT-028,Talent Acquisition Partner,2026-02-06,2026-02-08,33.0,Yes,3.8,3.4,3.6,4.1,3.73,Composite and decision evidence reviewed in calibration
INT-2026-1049,CAND-2026-0963,REQ-2026-ENG-G1,Work Sample Review,APD-INT-029,Technical Assessor,2026-02-07,2026-02-09,44.0,Yes,4.1,3.9,3.3,3.2,3.63,Work sample evidence recorded against the controlled scoring key
INT-2026-1050,CAND-2026-0963,REQ-2026-ENG-G1,Structured Interview A,APD-INT-030,Hiring Manager,2026-02-09,2026-02-10,18.0,Yes,4.1,3.9,3.3,3.2,3.63,Behavioral evidence mapped to published BARS anchors
INT-2026-1051,CAND-2026-0963,REQ-2026-ENG-G1,Structured Interview B,APD-INT-031,Cross-functional Panelist,2026-02-11,2026-02-13,29.0,Yes,4.1,3.9,3.3,3.2,3.63,Independent follow-up evidence locked before panel release
INT-2026-1052,CAND-2026-0963,REQ-2026-ENG-G1,Calibration Review,APD-INT-032,Talent Acquisition Partner,2026-02-13,2026-02-15,40.0,Yes,4.1,3.9,3.3,3.2,3.63,Composite and decision evidence reviewed in calibration
INT-2026-1053,CAND-2026-0964,REQ-2026-ENG-G1,Work Sample Review,APD-INT-033,Technical Assessor,2026-02-01,2026-02-02,14.0,Yes,3.4,3.3,4.0,3.4,3.53,Work sample evidence recorded against the controlled scoring key
INT-2026-1054,CAND-2026-0964,REQ-2026-ENG-G1,Structured Interview A,APD-INT-034,Hiring Manager,2026-02-03,2026-02-05,25.0,Yes,3.4,3.3,4.0,3.4,3.53,Behavioral evidence mapped to published BARS anchors
INT-2026-1055,CAND-2026-0964,REQ-2026-ENG-G1,Structured Interview B,APD-INT-035,Cross-functional Panelist,2026-02-05,2026-02-07,36.0,Yes,3.4,3.3,4.0,3.4,3.53,Independent follow-up evidence locked before panel release
INT-2026-1056,CAND-2026-0964,REQ-2026-ENG-G1,Calibration Review,APD-INT-036,Talent Acquisition Partner,2026-02-07,2026-02-09,47.0,Yes,3.4,3.3,4.0,3.4,3.53,Composite and decision evidence reviewed in calibration
INT-2026-1057,CAND-2026-0965,REQ-2026-ENG-G1,Work Sample Review,APD-INT-037,Technical Assessor,2026-02-08,2026-02-09,21.0,Yes,3.7,3.8,3.7,3.6,3.70,Work sample evidence recorded against the controlled scoring key
INT-2026-1058,CAND-2026-0965,REQ-2026-ENG-G1,Structured Interview A,APD-INT-038,Hiring Manager,2026-02-10,2026-02-12,32.0,Yes,3.7,3.8,3.7,3.6,3.70,Behavioral evidence mapped to published BARS anchors
INT-2026-1059,CAND-2026-0965,REQ-2026-ENG-G1,Structured Interview B,APD-INT-039,Cross-functional Panelist,2026-02-12,2026-02-14,43.0,Yes,3.7,3.8,3.7,3.6,3.70,Independent follow-up evidence locked before panel release
INT-2026-1060,CAND-2026-0965,REQ-2026-ENG-G1,Calibration Review,APD-INT-040,Talent Acquisition Partner,2026-02-14,2026-02-15,17.0,Yes,3.7,3.8,3.7,3.6,3.70,Composite and decision evidence reviewed in calibration
INT-2026-1061,CAND-2026-0966,REQ-2026-ENG-G1,Work Sample Review,APD-INT-041,Technical Assessor,2026-02-02,2026-02-04,28.0,Yes,4.0,3.2,3.4,3.8,3.60,Work sample evidence recorded against the controlled scoring key
INT-2026-1062,CAND-2026-0966,REQ-2026-ENG-G1,Structured Interview A,APD-INT-042,Hiring Manager,2026-02-04,2026-02-06,39.0,Yes,4.0,3.2,3.4,3.8,3.60,Behavioral evidence mapped to published BARS anchors
INT-2026-1063,CAND-2026-0966,REQ-2026-ENG-G1,Structured Interview B,APD-INT-043,Cross-functional Panelist,2026-02-06,2026-02-07,13.0,Yes,4.0,3.2,3.4,3.8,3.60,Independent follow-up evidence locked before panel release
INT-2026-1064,CAND-2026-0966,REQ-2026-ENG-G1,Calibration Review,APD-INT-044,Talent Acquisition Partner,2026-02-08,2026-02-09,24.0,Yes,4.0,3.2,3.4,3.8,3.60,Composite and decision evidence reviewed in calibration
INT-2026-1065,CAND-2026-0967,REQ-2026-ENG-G1,Work Sample Review,APD-INT-045,Technical Assessor,2026-02-09,2026-02-11,35.0,Yes,3.3,3.7,4.1,4.0,3.78,Work sample evidence recorded against the controlled scoring key
INT-2026-1066,CAND-2026-0967,REQ-2026-ENG-G1,Structured Interview A,APD-INT-046,Hiring Manager,2026-02-11,2026-02-13,46.0,Yes,3.3,3.7,4.1,4.0,3.78,Behavioral evidence mapped to published BARS anchors
INT-2026-1067,CAND-2026-0967,REQ-2026-ENG-G1,Structured Interview B,APD-INT-047,Cross-functional Panelist,2026-02-13,2026-02-14,20.0,Yes,3.3,3.7,4.1,4.0,3.78,Independent follow-up evidence locked before panel release
INT-2026-1068,CAND-2026-0967,REQ-2026-ENG-G1,Calibration Review,APD-INT-048,Talent Acquisition Partner,2026-02-15,2026-02-17,31.0,Yes,3.3,3.7,4.1,4.0,3.78,Composite and decision evidence reviewed in calibration
INT-2026-1069,CAND-2026-0968,REQ-2026-ENG-G1,Work Sample Review,APD-INT-049,Technical Assessor,2026-02-03,2026-02-05,42.0,Yes,3.6,3.1,3.8,3.1,3.40,Work sample evidence recorded against the controlled scoring key
INT-2026-1070,CAND-2026-0968,REQ-2026-ENG-G1,Structured Interview A,APD-INT-050,Hiring Manager,2026-02-05,2026-02-06,16.0,Yes,3.6,3.1,3.8,3.1,3.40,Behavioral evidence mapped to published BARS anchors
INT-2026-1071,CAND-2026-0968,REQ-2026-ENG-G1,Structured Interview B,APD-INT-051,Cross-functional Panelist,2026-02-07,2026-02-09,27.0,Yes,3.6,3.1,3.8,3.1,3.40,Independent follow-up evidence locked before panel release
INT-2026-1072,CAND-2026-0968,REQ-2026-ENG-G1,Calibration Review,APD-INT-052,Talent Acquisition Partner,2026-02-09,2026-02-11,38.0,Yes,3.6,3.1,3.8,3.1,3.40,Composite and decision evidence reviewed in calibration
INT-2026-1073,CAND-2026-0969,REQ-2026-ENG-G1,Work Sample Review,APD-INT-053,Technical Assessor,2026-01-28,2026-01-29,12.0,Yes,3.9,3.6,3.5,3.3,3.58,Work sample evidence recorded against the controlled scoring key
INT-2026-1074,CAND-2026-0969,REQ-2026-ENG-G1,Structured Interview A,APD-INT-054,Hiring Manager,2026-01-30,2026-01-31,23.0,Yes,3.9,3.6,3.5,3.3,3.58,Behavioral evidence mapped to published BARS anchors
INT-2026-1075,CAND-2026-0969,REQ-2026-ENG-G1,Structured Interview B,APD-INT-055,Cross-functional Panelist,2026-02-01,2026-02-03,34.0,Yes,3.9,3.6,3.5,3.3,3.58,Independent follow-up evidence locked before panel release
INT-2026-1076,CAND-2026-0969,REQ-2026-ENG-G1,Calibration Review,APD-INT-056,Talent Acquisition Partner,2026-02-03,2026-02-05,45.0,Yes,3.9,3.6,3.5,3.3,3.58,Composite and decision evidence reviewed in calibration
INT-2026-1077,CAND-2026-0970,REQ-2026-ENG-G1,Work Sample Review,APD-INT-057,Technical Assessor,2026-02-04,2026-02-05,19.0,Yes,3.2,4.1,3.2,3.5,3.50,Work sample evidence recorded against the controlled scoring key
INT-2026-1078,CAND-2026-0970,REQ-2026-ENG-G1,Structured Interview A,APD-INT-058,Hiring Manager,2026-02-06,2026-02-08,30.0,Yes,3.2,4.1,3.2,3.5,3.50,Behavioral evidence mapped to published BARS anchors
INT-2026-1079,CAND-2026-0970,REQ-2026-ENG-G1,Structured Interview B,APD-INT-059,Cross-functional Panelist,2026-02-08,2026-02-10,41.0,Yes,3.2,4.1,3.2,3.5,3.50,Independent follow-up evidence locked before panel release
INT-2026-1080,CAND-2026-0970,REQ-2026-ENG-G1,Calibration Review,APD-INT-060,Talent Acquisition Partner,2026-02-10,2026-02-11,15.0,Yes,3.2,4.1,3.2,3.5,3.50,Composite and decision evidence reviewed in calibration
INT-2026-1081,CAND-2026-0971,REQ-2026-ENG-G1,Work Sample Review,APD-INT-001,Technical Assessor,2026-01-29,2026-01-31,26.0,Yes,3.5,3.5,3.9,3.7,3.65,Work sample evidence recorded against the controlled scoring key
INT-2026-1082,CAND-2026-0971,REQ-2026-ENG-G1,Structured Interview A,APD-INT-002,Hiring Manager,2026-01-31,2026-02-03,63.0,No,3.5,3.5,3.9,3.7,3.65,Behavioral evidence mapped to published BARS anchors
INT-2026-1083,CAND-2026-0971,REQ-2026-ENG-G1,Structured Interview B,APD-INT-003,Cross-functional Panelist,2026-02-02,2026-02-05,70.0,No,3.5,3.5,3.9,3.7,3.65,Independent follow-up evidence locked before panel release
INT-2026-1084,CAND-2026-0971,REQ-2026-ENG-G1,Calibration Review,APD-INT-004,Talent Acquisition Partner,2026-02-04,2026-02-07,53.0,No,3.5,3.5,3.9,3.7,3.65,Composite and decision evidence reviewed in calibration
INT-2026-1085,CAND-2026-0972,REQ-2026-ENG-G1,Work Sample Review,APD-INT-005,Technical Assessor,2026-02-05,2026-02-08,60.0,No,3.8,4.0,3.6,3.9,3.83,Work sample evidence recorded against the controlled scoring key
INT-2026-1086,CAND-2026-0972,REQ-2026-ENG-G1,Structured Interview A,APD-INT-006,Hiring Manager,2026-02-07,2026-02-09,44.0,Yes,3.8,4.0,3.6,3.9,3.83,Behavioral evidence mapped to published BARS anchors
INT-2026-1087,CAND-2026-0972,REQ-2026-ENG-G1,Structured Interview B,APD-INT-007,Cross-functional Panelist,2026-02-09,2026-02-10,18.0,Yes,3.8,4.0,3.6,3.9,3.83,Independent follow-up evidence locked before panel release
INT-2026-1088,CAND-2026-0972,REQ-2026-ENG-G1,Calibration Review,APD-INT-008,Talent Acquisition Partner,2026-02-11,2026-02-13,29.0,Yes,3.8,4.0,3.6,3.9,3.83,Composite and decision evidence reviewed in calibration
INT-2026-1089,CAND-2026-0973,REQ-2026-ENG-G1,Work Sample Review,APD-INT-009,Technical Assessor,2026-01-30,2026-02-01,40.0,Yes,4.1,3.4,3.3,4.1,3.73,Work sample evidence recorded against the controlled scoring key
INT-2026-1090,CAND-2026-0973,REQ-2026-ENG-G1,Structured Interview A,APD-INT-010,Hiring Manager,2026-02-01,2026-02-02,14.0,Yes,4.1,3.4,3.3,4.1,3.73,Behavioral evidence mapped to published BARS anchors
INT-2026-1091,CAND-2026-0973,REQ-2026-ENG-G1,Structured Interview B,APD-INT-011,Cross-functional Panelist,2026-02-03,2026-02-05,25.0,Yes,4.1,3.4,3.3,4.1,3.73,Independent follow-up evidence locked before panel release
INT-2026-1092,CAND-2026-0973,REQ-2026-ENG-G1,Calibration Review,APD-INT-012,Talent Acquisition Partner,2026-02-05,2026-02-07,36.0,Yes,4.1,3.4,3.3,4.1,3.73,Composite and decision evidence reviewed in calibration
INT-2026-1093,CAND-2026-0974,REQ-2026-ENG-G1,Work Sample Review,APD-INT-013,Technical Assessor,2026-02-06,2026-02-08,47.0,Yes,3.4,3.9,4.0,3.2,3.63,Work sample evidence recorded against the controlled scoring key
INT-2026-1094,CAND-2026-0974,REQ-2026-ENG-G1,Structured Interview A,APD-INT-014,Hiring Manager,2026-02-08,2026-02-09,21.0,Yes,3.4,3.9,4.0,3.2,3.63,Behavioral evidence mapped to published BARS anchors
INT-2026-1095,CAND-2026-0974,REQ-2026-ENG-G1,Structured Interview B,APD-INT-015,Cross-functional Panelist,2026-02-10,2026-02-12,32.0,Yes,3.4,3.9,4.0,3.2,3.63,Independent follow-up evidence locked before panel release
INT-2026-1096,CAND-2026-0974,REQ-2026-ENG-G1,Calibration Review,APD-INT-016,Talent Acquisition Partner,2026-02-12,2026-02-14,43.0,Yes,3.4,3.9,4.0,3.2,3.63,Composite and decision evidence reviewed in calibration
INT-2026-1097,CAND-2026-0975,REQ-2026-ENG-G1,Work Sample Review,APD-INT-017,Technical Assessor,2026-01-31,2026-02-01,17.0,Yes,3.7,3.3,3.7,3.4,3.53,Work sample evidence recorded against the controlled scoring key
INT-2026-1098,CAND-2026-0975,REQ-2026-ENG-G1,Structured Interview A,APD-INT-018,Hiring Manager,2026-02-02,2026-02-04,28.0,Yes,3.7,3.3,3.7,3.4,3.53,Behavioral evidence mapped to published BARS anchors
INT-2026-1099,CAND-2026-0975,REQ-2026-ENG-G1,Structured Interview B,APD-INT-019,Cross-functional Panelist,2026-02-04,2026-02-06,39.0,Yes,3.7,3.3,3.7,3.4,3.53,Independent follow-up evidence locked before panel release
INT-2026-1100,CAND-2026-0975,REQ-2026-ENG-G1,Calibration Review,APD-INT-020,Talent Acquisition Partner,2026-02-06,2026-02-07,13.0,Yes,3.7,3.3,3.7,3.4,3.53,Composite and decision evidence reviewed in calibration
INT-2026-1101,CAND-2026-0976,REQ-2026-ENG-G1,Work Sample Review,APD-INT-021,Technical Assessor,2026-02-07,2026-02-08,24.0,Yes,4.0,3.8,3.4,3.6,3.70,Work sample evidence recorded against the controlled scoring key
INT-2026-1102,CAND-2026-0976,REQ-2026-ENG-G1,Structured Interview A,APD-INT-022,Hiring Manager,2026-02-09,2026-02-11,35.0,Yes,4.0,3.8,3.4,3.6,3.70,Behavioral evidence mapped to published BARS anchors
INT-2026-1103,CAND-2026-0976,REQ-2026-ENG-G1,Structured Interview B,APD-INT-023,Cross-functional Panelist,2026-02-11,2026-02-13,46.0,Yes,4.0,3.8,3.4,3.6,3.70,Independent follow-up evidence locked before panel release
INT-2026-1104,CAND-2026-0976,REQ-2026-ENG-G1,Calibration Review,APD-INT-024,Talent Acquisition Partner,2026-02-13,2026-02-14,20.0,Yes,4.0,3.8,3.4,3.6,3.70,Composite and decision evidence reviewed in calibration
INT-2026-1105,CAND-2026-0977,REQ-2026-ENG-G1,Work Sample Review,APD-INT-025,Technical Assessor,2026-02-01,2026-02-03,31.0,Yes,3.3,3.2,4.1,3.8,3.60,Work sample evidence recorded against the controlled scoring key
INT-2026-1106,CAND-2026-0977,REQ-2026-ENG-G1,Structured Interview A,APD-INT-026,Hiring Manager,2026-02-03,2026-02-05,42.0,Yes,3.3,3.2,4.1,3.8,3.60,Behavioral evidence mapped to published BARS anchors
INT-2026-1107,CAND-2026-0977,REQ-2026-ENG-G1,Structured Interview B,APD-INT-027,Cross-functional Panelist,2026-02-05,2026-02-06,16.0,Yes,3.3,3.2,4.1,3.8,3.60,Independent follow-up evidence locked before panel release
INT-2026-1108,CAND-2026-0977,REQ-2026-ENG-G1,Calibration Review,APD-INT-028,Talent Acquisition Partner,2026-02-07,2026-02-09,27.0,Yes,3.3,3.2,4.1,3.8,3.60,Composite and decision evidence reviewed in calibration
INT-2026-1109,CAND-2026-0978,REQ-2026-ENG-G1,Work Sample Review,APD-INT-029,Technical Assessor,2026-02-08,2026-02-10,38.0,Yes,3.6,3.7,3.8,4.0,3.78,Work sample evidence recorded against the controlled scoring key
INT-2026-1110,CAND-2026-0978,REQ-2026-ENG-G1,Structured Interview A,APD-INT-030,Hiring Manager,2026-02-10,2026-02-11,12.0,Yes,3.6,3.7,3.8,4.0,3.78,Behavioral evidence mapped to published BARS anchors
INT-2026-1111,CAND-2026-0978,REQ-2026-ENG-G1,Structured Interview B,APD-INT-031,Cross-functional Panelist,2026-02-12,2026-02-13,23.0,Yes,3.6,3.7,3.8,4.0,3.78,Independent follow-up evidence locked before panel release
INT-2026-1112,CAND-2026-0978,REQ-2026-ENG-G1,Calibration Review,APD-INT-032,Talent Acquisition Partner,2026-02-14,2026-02-16,34.0,Yes,3.6,3.7,3.8,4.0,3.78,Composite and decision evidence reviewed in calibration
INT-2026-1113,CAND-2026-0979,REQ-2026-ENG-G1,Work Sample Review,APD-INT-033,Technical Assessor,2026-02-02,2026-02-04,45.0,Yes,3.9,3.1,3.5,3.1,3.40,Work sample evidence recorded against the controlled scoring key
INT-2026-1114,CAND-2026-0979,REQ-2026-ENG-G1,Structured Interview A,APD-INT-034,Hiring Manager,2026-02-04,2026-02-05,19.0,Yes,3.9,3.1,3.5,3.1,3.40,Behavioral evidence mapped to published BARS anchors
INT-2026-1115,CAND-2026-0979,REQ-2026-ENG-G1,Structured Interview B,APD-INT-035,Cross-functional Panelist,2026-02-06,2026-02-08,30.0,Yes,3.9,3.1,3.5,3.1,3.40,Independent follow-up evidence locked before panel release
INT-2026-1116,CAND-2026-0979,REQ-2026-ENG-G1,Calibration Review,APD-INT-036,Talent Acquisition Partner,2026-02-08,2026-02-10,41.0,Yes,3.9,3.1,3.5,3.1,3.40,Composite and decision evidence reviewed in calibration
INT-2026-1117,CAND-2026-0980,REQ-2026-ENG-G1,Work Sample Review,APD-INT-037,Technical Assessor,2026-02-09,2026-02-10,15.0,Yes,3.2,3.6,3.2,3.3,3.33,Work sample evidence recorded against the controlled scoring key
INT-2026-1118,CAND-2026-0980,REQ-2026-ENG-G1,Structured Interview A,APD-INT-038,Hiring Manager,2026-02-11,2026-02-13,26.0,Yes,3.2,3.6,3.2,3.3,3.33,Behavioral evidence mapped to published BARS anchors
INT-2026-1119,CAND-2026-0980,REQ-2026-ENG-G1,Structured Interview B,APD-INT-039,Cross-functional Panelist,2026-02-13,2026-02-15,37.0,Yes,3.2,3.6,3.2,3.3,3.33,Independent follow-up evidence locked before panel release
INT-2026-1120,CAND-2026-0980,REQ-2026-ENG-G1,Calibration Review,APD-INT-040,Talent Acquisition Partner,2026-02-15,2026-02-17,48.0,Yes,3.2,3.6,3.2,3.3,3.33,Composite and decision evidence reviewed in calibration
INT-2026-1121,CAND-2026-0981,REQ-2026-ENG-G1,Work Sample Review,APD-INT-041,Technical Assessor,2026-02-03,2026-02-04,22.0,Yes,3.5,4.1,3.9,3.5,3.75,Work sample evidence recorded against the controlled scoring key
INT-2026-1122,CAND-2026-0981,REQ-2026-ENG-G1,Structured Interview A,APD-INT-042,Hiring Manager,2026-02-05,2026-02-07,33.0,Yes,3.5,4.1,3.9,3.5,3.75,Behavioral evidence mapped to published BARS anchors
INT-2026-1123,CAND-2026-0981,REQ-2026-ENG-G1,Structured Interview B,APD-INT-043,Cross-functional Panelist,2026-02-07,2026-02-09,44.0,Yes,3.5,4.1,3.9,3.5,3.75,Independent follow-up evidence locked before panel release
INT-2026-1124,CAND-2026-0981,REQ-2026-ENG-G1,Calibration Review,APD-INT-044,Talent Acquisition Partner,2026-02-09,2026-02-10,18.0,Yes,3.5,4.1,3.9,3.5,3.75,Composite and decision evidence reviewed in calibration
INT-2026-1125,CAND-2026-0982,REQ-2026-ENG-G1,Work Sample Review,APD-INT-045,Technical Assessor,2026-01-28,2026-01-30,29.0,Yes,3.8,3.5,3.6,3.7,3.65,Work sample evidence recorded against the controlled scoring key
INT-2026-1126,CAND-2026-0982,REQ-2026-ENG-G1,Structured Interview A,APD-INT-046,Hiring Manager,2026-01-30,2026-02-01,40.0,Yes,3.8,3.5,3.6,3.7,3.65,Behavioral evidence mapped to published BARS anchors
INT-2026-1127,CAND-2026-0982,REQ-2026-ENG-G1,Structured Interview B,APD-INT-047,Cross-functional Panelist,2026-02-01,2026-02-02,14.0,Yes,3.8,3.5,3.6,3.7,3.65,Independent follow-up evidence locked before panel release
INT-2026-1128,CAND-2026-0982,REQ-2026-ENG-G1,Calibration Review,APD-INT-048,Talent Acquisition Partner,2026-02-03,2026-02-05,25.0,Yes,3.8,3.5,3.6,3.7,3.65,Composite and decision evidence reviewed in calibration
INT-2026-1129,CAND-2026-0983,REQ-2026-ENG-G1,Work Sample Review,APD-INT-049,Technical Assessor,2026-02-04,2026-02-06,36.0,Yes,4.1,4.0,3.3,3.9,3.83,Work sample evidence recorded against the controlled scoring key
INT-2026-1130,CAND-2026-0983,REQ-2026-ENG-G1,Structured Interview A,APD-INT-050,Hiring Manager,2026-02-06,2026-02-08,47.0,Yes,4.1,4.0,3.3,3.9,3.83,Behavioral evidence mapped to published BARS anchors
INT-2026-1131,CAND-2026-0983,REQ-2026-ENG-G1,Structured Interview B,APD-INT-051,Cross-functional Panelist,2026-02-08,2026-02-09,21.0,Yes,4.1,4.0,3.3,3.9,3.83,Independent follow-up evidence locked before panel release
INT-2026-1132,CAND-2026-0983,REQ-2026-ENG-G1,Calibration Review,APD-INT-052,Talent Acquisition Partner,2026-02-10,2026-02-12,32.0,Yes,4.1,4.0,3.3,3.9,3.83,Composite and decision evidence reviewed in calibration
INT-2026-1133,CAND-2026-0984,REQ-2026-ENG-G1,Work Sample Review,APD-INT-053,Technical Assessor,2026-01-29,2026-01-31,43.0,Yes,3.4,3.4,4.0,4.1,3.73,Work sample evidence recorded against the controlled scoring key
INT-2026-1134,CAND-2026-0984,REQ-2026-ENG-G1,Structured Interview A,APD-INT-054,Hiring Manager,2026-01-31,2026-02-01,17.0,Yes,3.4,3.4,4.0,4.1,3.73,Behavioral evidence mapped to published BARS anchors
INT-2026-1135,CAND-2026-0984,REQ-2026-ENG-G1,Structured Interview B,APD-INT-055,Cross-functional Panelist,2026-02-02,2026-02-04,28.0,Yes,3.4,3.4,4.0,4.1,3.73,Independent follow-up evidence locked before panel release
INT-2026-1136,CAND-2026-0984,REQ-2026-ENG-G1,Calibration Review,APD-INT-056,Talent Acquisition Partner,2026-02-04,2026-02-07,57.0,No,3.4,3.4,4.0,4.1,3.73,Composite and decision evidence reviewed in calibration
INT-2026-1137,CAND-2026-0985,REQ-2026-ENG-G1,Work Sample Review,APD-INT-057,Technical Assessor,2026-02-05,2026-02-08,64.0,No,3.7,3.9,3.7,3.2,3.63,Work sample evidence recorded against the controlled scoring key
INT-2026-1138,CAND-2026-0985,REQ-2026-ENG-G1,Structured Interview A,APD-INT-058,Hiring Manager,2026-02-07,2026-02-10,71.0,No,3.7,3.9,3.7,3.2,3.63,Behavioral evidence mapped to published BARS anchors
INT-2026-1139,CAND-2026-0985,REQ-2026-ENG-G1,Structured Interview B,APD-INT-059,Cross-functional Panelist,2026-02-09,2026-02-12,54.0,No,3.7,3.9,3.7,3.2,3.63,Independent follow-up evidence locked before panel release
INT-2026-1140,CAND-2026-0985,REQ-2026-ENG-G1,Calibration Review,APD-INT-060,Talent Acquisition Partner,2026-02-11,2026-02-13,46.0,Yes,3.7,3.9,3.7,3.2,3.63,Composite and decision evidence reviewed in calibration
INT-2026-1141,CAND-2026-0986,REQ-2026-ENG-G1,Work Sample Review,APD-INT-001,Technical Assessor,2026-01-30,2026-01-31,20.0,Yes,4.0,3.3,3.4,3.4,3.53,Work sample evidence recorded against the controlled scoring key
INT-2026-1142,CAND-2026-0986,REQ-2026-ENG-G1,Structured Interview A,APD-INT-002,Hiring Manager,2026-02-01,2026-02-03,31.0,Yes,4.0,3.3,3.4,3.4,3.53,Behavioral evidence mapped to published BARS anchors
INT-2026-1143,CAND-2026-0986,REQ-2026-ENG-G1,Structured Interview B,APD-INT-003,Cross-functional Panelist,2026-02-03,2026-02-05,42.0,Yes,4.0,3.3,3.4,3.4,3.53,Independent follow-up evidence locked before panel release
INT-2026-1144,CAND-2026-0986,REQ-2026-ENG-G1,Calibration Review,APD-INT-004,Talent Acquisition Partner,2026-02-05,2026-02-06,16.0,Yes,4.0,3.3,3.4,3.4,3.53,Composite and decision evidence reviewed in calibration
INT-2026-1145,CAND-2026-0987,REQ-2026-ENG-G1,Work Sample Review,APD-INT-005,Technical Assessor,2026-02-06,2026-02-08,27.0,Yes,3.3,3.8,4.1,3.6,3.70,Work sample evidence recorded against the controlled scoring key
INT-2026-1146,CAND-2026-0987,REQ-2026-ENG-G1,Structured Interview A,APD-INT-006,Hiring Manager,2026-02-08,2026-02-10,38.0,Yes,3.3,3.8,4.1,3.6,3.70,Behavioral evidence mapped to published BARS anchors
INT-2026-1147,CAND-2026-0987,REQ-2026-ENG-G1,Structured Interview B,APD-INT-007,Cross-functional Panelist,2026-02-10,2026-02-11,12.0,Yes,3.3,3.8,4.1,3.6,3.70,Independent follow-up evidence locked before panel release
INT-2026-1148,CAND-2026-0987,REQ-2026-ENG-G1,Calibration Review,APD-INT-008,Talent Acquisition Partner,2026-02-12,2026-02-13,23.0,Yes,3.3,3.8,4.1,3.6,3.70,Composite and decision evidence reviewed in calibration
INT-2026-1149,CAND-2026-0988,REQ-2026-ENG-G1,Work Sample Review,APD-INT-009,Technical Assessor,2026-01-31,2026-02-02,34.0,Yes,3.6,3.2,3.8,3.8,3.60,Work sample evidence recorded against the controlled scoring key
INT-2026-1150,CAND-2026-0988,REQ-2026-ENG-G1,Structured Interview A,APD-INT-010,Hiring Manager,2026-02-02,2026-02-04,45.0,Yes,3.6,3.2,3.8,3.8,3.60,Behavioral evidence mapped to published BARS anchors
INT-2026-1151,CAND-2026-0988,REQ-2026-ENG-G1,Structured Interview B,APD-INT-011,Cross-functional Panelist,2026-02-04,2026-02-05,19.0,Yes,3.6,3.2,3.8,3.8,3.60,Independent follow-up evidence locked before panel release
INT-2026-1152,CAND-2026-0988,REQ-2026-ENG-G1,Calibration Review,APD-INT-012,Talent Acquisition Partner,2026-02-06,2026-02-08,30.0,Yes,3.6,3.2,3.8,3.8,3.60,Composite and decision evidence reviewed in calibration
INT-2026-1153,CAND-2026-0989,REQ-2026-ENG-G1,Work Sample Review,APD-INT-013,Technical Assessor,2026-02-07,2026-02-09,41.0,Yes,3.9,3.7,3.5,4.0,3.78,Work sample evidence recorded against the controlled scoring key
INT-2026-1154,CAND-2026-0989,REQ-2026-ENG-G1,Structured Interview A,APD-INT-014,Hiring Manager,2026-02-09,2026-02-10,15.0,Yes,3.9,3.7,3.5,4.0,3.78,Behavioral evidence mapped to published BARS anchors
INT-2026-1155,CAND-2026-0989,REQ-2026-ENG-G1,Structured Interview B,APD-INT-015,Cross-functional Panelist,2026-02-11,2026-02-13,26.0,Yes,3.9,3.7,3.5,4.0,3.78,Independent follow-up evidence locked before panel release
INT-2026-1156,CAND-2026-0989,REQ-2026-ENG-G1,Calibration Review,APD-INT-016,Talent Acquisition Partner,2026-02-13,2026-02-15,37.0,Yes,3.9,3.7,3.5,4.0,3.78,Composite and decision evidence reviewed in calibration
INT-2026-1157,CAND-2026-0990,REQ-2026-ENG-G1,Work Sample Review,APD-INT-017,Technical Assessor,2026-02-01,2026-02-03,48.0,Yes,3.2,3.1,3.2,3.1,3.15,Work sample evidence recorded against the controlled scoring key
INT-2026-1158,CAND-2026-0990,REQ-2026-ENG-G1,Structured Interview A,APD-INT-018,Hiring Manager,2026-02-03,2026-02-04,22.0,Yes,3.2,3.1,3.2,3.1,3.15,Behavioral evidence mapped to published BARS anchors
INT-2026-1159,CAND-2026-0990,REQ-2026-ENG-G1,Structured Interview B,APD-INT-019,Cross-functional Panelist,2026-02-05,2026-02-07,33.0,Yes,3.2,3.1,3.2,3.1,3.15,Independent follow-up evidence locked before panel release
INT-2026-1160,CAND-2026-0990,REQ-2026-ENG-G1,Calibration Review,APD-INT-020,Talent Acquisition Partner,2026-02-07,2026-02-09,44.0,Yes,3.2,3.1,3.2,3.1,3.15,Composite and decision evidence reviewed in calibration
INT-2026-1161,CAND-2026-0991,REQ-2026-ENG-G1,Work Sample Review,APD-INT-021,Technical Assessor,2026-02-08,2026-02-09,18.0,Yes,3.5,3.6,3.9,3.3,3.58,Work sample evidence recorded against the controlled scoring key
INT-2026-1162,CAND-2026-0991,REQ-2026-ENG-G1,Structured Interview A,APD-INT-022,Hiring Manager,2026-02-10,2026-02-12,29.0,Yes,3.5,3.6,3.9,3.3,3.58,Behavioral evidence mapped to published BARS anchors
INT-2026-1163,CAND-2026-0991,REQ-2026-ENG-G1,Structured Interview B,APD-INT-023,Cross-functional Panelist,2026-02-12,2026-02-14,40.0,Yes,3.5,3.6,3.9,3.3,3.58,Independent follow-up evidence locked before panel release
INT-2026-1164,CAND-2026-0991,REQ-2026-ENG-G1,Calibration Review,APD-INT-024,Talent Acquisition Partner,2026-02-14,2026-02-15,14.0,Yes,3.5,3.6,3.9,3.3,3.58,Composite and decision evidence reviewed in calibration
INT-2026-1165,CAND-2026-0992,REQ-2026-ENG-G1,Work Sample Review,APD-INT-025,Technical Assessor,2026-02-02,2026-02-04,25.0,Yes,3.8,4.1,3.6,3.5,3.75,Work sample evidence recorded against the controlled scoring key
INT-2026-1166,CAND-2026-0992,REQ-2026-ENG-G1,Structured Interview A,APD-INT-026,Hiring Manager,2026-02-04,2026-02-06,36.0,Yes,3.8,4.1,3.6,3.5,3.75,Behavioral evidence mapped to published BARS anchors
INT-2026-1167,CAND-2026-0992,REQ-2026-ENG-G1,Structured Interview B,APD-INT-027,Cross-functional Panelist,2026-02-06,2026-02-08,47.0,Yes,3.8,4.1,3.6,3.5,3.75,Independent follow-up evidence locked before panel release
INT-2026-1168,CAND-2026-0992,REQ-2026-ENG-G1,Calibration Review,APD-INT-028,Talent Acquisition Partner,2026-02-08,2026-02-09,21.0,Yes,3.8,4.1,3.6,3.5,3.75,Composite and decision evidence reviewed in calibration
INT-2026-1169,CAND-2026-0993,REQ-2026-ENG-G1,Work Sample Review,APD-INT-029,Technical Assessor,2026-02-09,2026-02-11,32.0,Yes,4.1,3.5,3.3,3.7,3.65,Work sample evidence recorded against the controlled scoring key
INT-2026-1170,CAND-2026-0993,REQ-2026-ENG-G1,Structured Interview A,APD-INT-030,Hiring Manager,2026-02-11,2026-02-13,43.0,Yes,4.1,3.5,3.3,3.7,3.65,Behavioral evidence mapped to published BARS anchors
INT-2026-1171,CAND-2026-0993,REQ-2026-ENG-G1,Structured Interview B,APD-INT-031,Cross-functional Panelist,2026-02-13,2026-02-14,17.0,Yes,4.1,3.5,3.3,3.7,3.65,Independent follow-up evidence locked before panel release
INT-2026-1172,CAND-2026-0993,REQ-2026-ENG-G1,Calibration Review,APD-INT-032,Talent Acquisition Partner,2026-02-15,2026-02-17,28.0,Yes,4.1,3.5,3.3,3.7,3.65,Composite and decision evidence reviewed in calibration
INT-2026-1173,CAND-2026-0994,REQ-2026-ENG-G1,Work Sample Review,APD-INT-033,Technical Assessor,2026-02-03,2026-02-05,39.0,Yes,3.4,4.0,4.0,3.9,3.83,Work sample evidence recorded against the controlled scoring key
INT-2026-1174,CAND-2026-0994,REQ-2026-ENG-G1,Structured Interview A,APD-INT-034,Hiring Manager,2026-02-05,2026-02-06,13.0,Yes,3.4,4.0,4.0,3.9,3.83,Behavioral evidence mapped to published BARS anchors
INT-2026-1175,CAND-2026-0994,REQ-2026-ENG-G1,Structured Interview B,APD-INT-035,Cross-functional Panelist,2026-02-07,2026-02-08,24.0,Yes,3.4,4.0,4.0,3.9,3.83,Independent follow-up evidence locked before panel release
INT-2026-1176,CAND-2026-0994,REQ-2026-ENG-G1,Calibration Review,APD-INT-036,Talent Acquisition Partner,2026-02-09,2026-02-11,35.0,Yes,3.4,4.0,4.0,3.9,3.83,Composite and decision evidence reviewed in calibration
INT-2026-1177,CAND-2026-0995,REQ-2026-ENG-G1,Work Sample Review,APD-INT-037,Technical Assessor,2026-01-28,2026-01-30,46.0,Yes,3.7,3.4,3.7,4.1,3.73,Work sample evidence recorded against the controlled scoring key
INT-2026-1178,CAND-2026-0995,REQ-2026-ENG-G1,Structured Interview A,APD-INT-038,Hiring Manager,2026-01-30,2026-01-31,20.0,Yes,3.7,3.4,3.7,4.1,3.73,Behavioral evidence mapped to published BARS anchors
INT-2026-1179,CAND-2026-0995,REQ-2026-ENG-G1,Structured Interview B,APD-INT-039,Cross-functional Panelist,2026-02-01,2026-02-03,31.0,Yes,3.7,3.4,3.7,4.1,3.73,Independent follow-up evidence locked before panel release
INT-2026-1180,CAND-2026-0995,REQ-2026-ENG-G1,Calibration Review,APD-INT-040,Talent Acquisition Partner,2026-02-03,2026-02-05,42.0,Yes,3.7,3.4,3.7,4.1,3.73,Composite and decision evidence reviewed in calibration
INT-2026-1181,CAND-2026-0996,REQ-2026-ENG-G1,Work Sample Review,APD-INT-041,Technical Assessor,2026-02-04,2026-02-05,16.0,Yes,4.0,3.9,3.4,3.2,3.63,Work sample evidence recorded against the controlled scoring key
INT-2026-1182,CAND-2026-0996,REQ-2026-ENG-G1,Structured Interview A,APD-INT-042,Hiring Manager,2026-02-06,2026-02-08,27.0,Yes,4.0,3.9,3.4,3.2,3.63,Behavioral evidence mapped to published BARS anchors
INT-2026-1183,CAND-2026-0996,REQ-2026-ENG-G1,Structured Interview B,APD-INT-043,Cross-functional Panelist,2026-02-08,2026-02-10,38.0,Yes,4.0,3.9,3.4,3.2,3.63,Independent follow-up evidence locked before panel release
INT-2026-1184,CAND-2026-0996,REQ-2026-ENG-G1,Calibration Review,APD-INT-044,Talent Acquisition Partner,2026-02-10,2026-02-11,12.0,Yes,4.0,3.9,3.4,3.2,3.63,Composite and decision evidence reviewed in calibration
INT-2026-1185,CAND-2026-0997,REQ-2026-ENG-G1,Work Sample Review,APD-INT-045,Technical Assessor,2026-01-29,2026-01-30,23.0,Yes,3.3,3.3,4.1,3.4,3.53,Work sample evidence recorded against the controlled scoring key
INT-2026-1186,CAND-2026-0997,REQ-2026-ENG-G1,Structured Interview A,APD-INT-046,Hiring Manager,2026-01-31,2026-02-02,34.0,Yes,3.3,3.3,4.1,3.4,3.53,Behavioral evidence mapped to published BARS anchors
INT-2026-1187,CAND-2026-0997,REQ-2026-ENG-G1,Structured Interview B,APD-INT-047,Cross-functional Panelist,2026-02-02,2026-02-04,45.0,Yes,3.3,3.3,4.1,3.4,3.53,Independent follow-up evidence locked before panel release
INT-2026-1188,CAND-2026-0997,REQ-2026-ENG-G1,Calibration Review,APD-INT-048,Talent Acquisition Partner,2026-02-04,2026-02-05,19.0,Yes,3.3,3.3,4.1,3.4,3.53,Composite and decision evidence reviewed in calibration
INT-2026-1189,CAND-2026-0998,REQ-2026-ENG-G1,Work Sample Review,APD-INT-049,Technical Assessor,2026-02-05,2026-02-07,30.0,Yes,3.6,3.8,3.8,3.6,3.70,Work sample evidence recorded against the controlled scoring key
INT-2026-1190,CAND-2026-0998,REQ-2026-ENG-G1,Structured Interview A,APD-INT-050,Hiring Manager,2026-02-07,2026-02-10,51.0,No,3.6,3.8,3.8,3.6,3.70,Behavioral evidence mapped to published BARS anchors
INT-2026-1191,CAND-2026-0998,REQ-2026-ENG-G1,Structured Interview B,APD-INT-051,Cross-functional Panelist,2026-02-09,2026-02-12,58.0,No,3.6,3.8,3.8,3.6,3.70,Independent follow-up evidence locked before panel release
INT-2026-1192,CAND-2026-0998,REQ-2026-ENG-G1,Calibration Review,APD-INT-052,Talent Acquisition Partner,2026-02-11,2026-02-14,65.0,No,3.6,3.8,3.8,3.6,3.70,Composite and decision evidence reviewed in calibration
INT-2026-1193,CAND-2026-0999,REQ-2026-ENG-G1,Work Sample Review,APD-INT-053,Technical Assessor,2026-01-30,2026-02-02,72.0,No,3.9,3.2,3.5,3.8,3.60,Work sample evidence recorded against the controlled scoring key
INT-2026-1194,CAND-2026-0999,REQ-2026-ENG-G1,Structured Interview A,APD-INT-054,Hiring Manager,2026-02-01,2026-02-03,48.0,Yes,3.9,3.2,3.5,3.8,3.60,Behavioral evidence mapped to published BARS anchors
INT-2026-1195,CAND-2026-0999,REQ-2026-ENG-G1,Structured Interview B,APD-INT-055,Cross-functional Panelist,2026-02-03,2026-02-04,22.0,Yes,3.9,3.2,3.5,3.8,3.60,Independent follow-up evidence locked before panel release
INT-2026-1196,CAND-2026-0999,REQ-2026-ENG-G1,Calibration Review,APD-INT-056,Talent Acquisition Partner,2026-02-05,2026-02-07,33.0,Yes,3.9,3.2,3.5,3.8,3.60,Composite and decision evidence reviewed in calibration
INT-2026-1197,CAND-2026-1000,REQ-2026-ENG-G1,Work Sample Review,APD-INT-057,Technical Assessor,2026-02-06,2026-02-08,44.0,Yes,3.2,3.7,3.2,4.0,3.53,Work sample evidence recorded against the controlled scoring key
INT-2026-1198,CAND-2026-1000,REQ-2026-ENG-G1,Structured Interview A,APD-INT-058,Hiring Manager,2026-02-08,2026-02-09,18.0,Yes,3.2,3.7,3.2,4.0,3.53,Behavioral evidence mapped to published BARS anchors
INT-2026-1199,CAND-2026-1000,REQ-2026-ENG-G1,Structured Interview B,APD-INT-059,Cross-functional Panelist,2026-02-10,2026-02-12,29.0,Yes,3.2,3.7,3.2,4.0,3.53,Independent follow-up evidence locked before panel release
INT-2026-1200,CAND-2026-1000,REQ-2026-ENG-G1,Calibration Review,APD-INT-060,Talent Acquisition Partner,2026-02-12,2026-02-14,40.0,Yes,3.2,3.7,3.2,4.0,3.53,Composite and decision evidence reviewed in calibration
INT-2026-1201,CAND-2026-2401,REQ-2026-QUA-G3,Work Sample Review,APD-INT-001,Technical Assessor,2026-02-26,2026-02-27,14.0,Yes,4.5,4.6,4.7,4.8,4.65,Work sample evidence recorded against the controlled scoring key
INT-2026-1202,CAND-2026-2401,REQ-2026-QUA-G3,Structured Interview A,APD-INT-002,Hiring Manager,2026-02-28,2026-03-02,25.0,Yes,4.5,4.6,4.7,4.8,4.65,Behavioral evidence mapped to published BARS anchors
INT-2026-1203,CAND-2026-2401,REQ-2026-QUA-G3,Structured Interview B,APD-INT-003,Cross-functional Panelist,2026-03-02,2026-03-04,36.0,Yes,4.5,4.6,4.7,4.8,4.65,Independent follow-up evidence locked before panel release
INT-2026-1204,CAND-2026-2401,REQ-2026-QUA-G3,Calibration Review,APD-INT-004,Talent Acquisition Partner,2026-03-04,2026-03-06,47.0,Yes,4.5,4.6,4.7,4.8,4.65,Composite and decision evidence reviewed in calibration
INT-2026-1205,CAND-2026-2402,REQ-2026-QUA-G3,Work Sample Review,APD-INT-005,Technical Assessor,2026-02-20,2026-02-21,21.0,Yes,4.6,4.7,4.8,4.4,4.63,Work sample evidence recorded against the controlled scoring key
INT-2026-1206,CAND-2026-2402,REQ-2026-QUA-G3,Structured Interview A,APD-INT-006,Hiring Manager,2026-02-22,2026-02-24,32.0,Yes,4.6,4.7,4.8,4.4,4.63,Behavioral evidence mapped to published BARS anchors
INT-2026-1207,CAND-2026-2402,REQ-2026-QUA-G3,Structured Interview B,APD-INT-007,Cross-functional Panelist,2026-02-24,2026-02-26,43.0,Yes,4.6,4.7,4.8,4.4,4.63,Independent follow-up evidence locked before panel release
INT-2026-1208,CAND-2026-2402,REQ-2026-QUA-G3,Calibration Review,APD-INT-008,Talent Acquisition Partner,2026-02-26,2026-02-27,17.0,Yes,4.6,4.7,4.8,4.4,4.63,Composite and decision evidence reviewed in calibration
INT-2026-1209,CAND-2026-2403,REQ-2026-QUA-G3,Work Sample Review,APD-INT-009,Technical Assessor,2026-02-27,2026-03-01,28.0,Yes,4.7,4.8,4.4,4.5,4.60,Work sample evidence recorded against the controlled scoring key
INT-2026-1210,CAND-2026-2403,REQ-2026-QUA-G3,Structured Interview A,APD-INT-010,Hiring Manager,2026-03-01,2026-03-03,39.0,Yes,4.7,4.8,4.4,4.5,4.60,Behavioral evidence mapped to published BARS anchors
INT-2026-1211,CAND-2026-2403,REQ-2026-QUA-G3,Structured Interview B,APD-INT-011,Cross-functional Panelist,2026-03-03,2026-03-04,13.0,Yes,4.7,4.8,4.4,4.5,4.60,Independent follow-up evidence locked before panel release
INT-2026-1212,CAND-2026-2403,REQ-2026-QUA-G3,Calibration Review,APD-INT-012,Talent Acquisition Partner,2026-03-05,2026-03-06,24.0,Yes,4.7,4.8,4.4,4.5,4.60,Composite and decision evidence reviewed in calibration
INT-2026-1213,CAND-2026-2404,REQ-2026-QUA-G3,Work Sample Review,APD-INT-013,Technical Assessor,2026-02-21,2026-02-23,35.0,Yes,4.5,4.6,4.7,4.8,4.65,Work sample evidence recorded against the controlled scoring key
INT-2026-1214,CAND-2026-2404,REQ-2026-QUA-G3,Structured Interview A,APD-INT-014,Hiring Manager,2026-02-23,2026-02-25,46.0,Yes,4.5,4.6,4.7,4.8,4.65,Behavioral evidence mapped to published BARS anchors
INT-2026-1215,CAND-2026-2404,REQ-2026-QUA-G3,Structured Interview B,APD-INT-015,Cross-functional Panelist,2026-02-25,2026-02-26,20.0,Yes,4.5,4.6,4.7,4.8,4.65,Independent follow-up evidence locked before panel release
INT-2026-1216,CAND-2026-2404,REQ-2026-QUA-G3,Calibration Review,APD-INT-016,Talent Acquisition Partner,2026-02-27,2026-03-01,31.0,Yes,4.5,4.6,4.7,4.8,4.65,Composite and decision evidence reviewed in calibration
INT-2026-1217,CAND-2026-2405,REQ-2026-QUA-G3,Work Sample Review,APD-INT-017,Technical Assessor,2026-02-28,2026-03-02,42.0,Yes,4.6,4.7,4.8,4.4,4.63,Work sample evidence recorded against the controlled scoring key
INT-2026-1218,CAND-2026-2405,REQ-2026-QUA-G3,Structured Interview A,APD-INT-018,Hiring Manager,2026-03-02,2026-03-03,16.0,Yes,4.6,4.7,4.8,4.4,4.63,Behavioral evidence mapped to published BARS anchors
INT-2026-1219,CAND-2026-2405,REQ-2026-QUA-G3,Structured Interview B,APD-INT-019,Cross-functional Panelist,2026-03-04,2026-03-06,27.0,Yes,4.6,4.7,4.8,4.4,4.63,Independent follow-up evidence locked before panel release
INT-2026-1220,CAND-2026-2405,REQ-2026-QUA-G3,Calibration Review,APD-INT-020,Talent Acquisition Partner,2026-03-06,2026-03-08,38.0,Yes,4.6,4.7,4.8,4.4,4.63,Composite and decision evidence reviewed in calibration
INT-2026-1221,CAND-2026-2406,REQ-2026-QUA-G3,Work Sample Review,APD-INT-021,Technical Assessor,2026-02-22,2026-02-23,12.0,Yes,4.8,4.4,4.5,4.6,4.58,Work sample evidence recorded against the controlled scoring key
INT-2026-1222,CAND-2026-2406,REQ-2026-QUA-G3,Structured Interview A,APD-INT-022,Hiring Manager,2026-02-24,2026-02-25,23.0,Yes,4.8,4.4,4.5,4.6,4.58,Behavioral evidence mapped to published BARS anchors
INT-2026-1223,CAND-2026-2406,REQ-2026-QUA-G3,Structured Interview B,APD-INT-023,Cross-functional Panelist,2026-02-26,2026-02-28,34.0,Yes,4.8,4.4,4.5,4.6,4.58,Independent follow-up evidence locked before panel release
INT-2026-1224,CAND-2026-2406,REQ-2026-QUA-G3,Calibration Review,APD-INT-024,Talent Acquisition Partner,2026-02-28,2026-03-02,45.0,Yes,4.8,4.4,4.5,4.6,4.58,Composite and decision evidence reviewed in calibration
INT-2026-1225,CAND-2026-2407,REQ-2026-QUA-G3,Work Sample Review,APD-INT-025,Technical Assessor,2026-03-01,2026-03-02,19.0,Yes,4.4,4.5,4.6,4.7,4.55,Work sample evidence recorded against the controlled scoring key
INT-2026-1226,CAND-2026-2407,REQ-2026-QUA-G3,Structured Interview A,APD-INT-026,Hiring Manager,2026-03-03,2026-03-05,30.0,Yes,4.4,4.5,4.6,4.7,4.55,Behavioral evidence mapped to published BARS anchors
INT-2026-1227,CAND-2026-2407,REQ-2026-QUA-G3,Structured Interview B,APD-INT-027,Cross-functional Panelist,2026-03-05,2026-03-07,41.0,Yes,4.4,4.5,4.6,4.7,4.55,Independent follow-up evidence locked before panel release
INT-2026-1228,CAND-2026-2407,REQ-2026-QUA-G3,Calibration Review,APD-INT-028,Talent Acquisition Partner,2026-03-07,2026-03-08,15.0,Yes,4.4,4.5,4.6,4.7,4.55,Composite and decision evidence reviewed in calibration
INT-2026-1229,CAND-2026-2408,REQ-2026-QUA-G3,Work Sample Review,APD-INT-029,Technical Assessor,2026-02-23,2026-02-25,26.0,Yes,4.5,4.6,4.7,4.8,4.65,Work sample evidence recorded against the controlled scoring key
INT-2026-1230,CAND-2026-2408,REQ-2026-QUA-G3,Structured Interview A,APD-INT-030,Hiring Manager,2026-02-25,2026-02-27,37.0,Yes,4.5,4.6,4.7,4.8,4.65,Behavioral evidence mapped to published BARS anchors
INT-2026-1231,CAND-2026-2408,REQ-2026-QUA-G3,Structured Interview B,APD-INT-031,Cross-functional Panelist,2026-02-27,2026-03-01,48.0,Yes,4.5,4.6,4.7,4.8,4.65,Independent follow-up evidence locked before panel release
INT-2026-1232,CAND-2026-2408,REQ-2026-QUA-G3,Calibration Review,APD-INT-032,Talent Acquisition Partner,2026-03-01,2026-03-02,22.0,Yes,4.5,4.6,4.7,4.8,4.65,Composite and decision evidence reviewed in calibration
INT-2026-1233,CAND-2026-2409,REQ-2026-QUA-G3,Work Sample Review,APD-INT-033,Technical Assessor,2026-03-02,2026-03-04,33.0,Yes,4.7,4.8,4.4,4.5,4.60,Work sample evidence recorded against the controlled scoring key
INT-2026-1234,CAND-2026-2409,REQ-2026-QUA-G3,Structured Interview A,APD-INT-034,Hiring Manager,2026-03-04,2026-03-06,44.0,Yes,4.7,4.8,4.4,4.5,4.60,Behavioral evidence mapped to published BARS anchors
INT-2026-1235,CAND-2026-2409,REQ-2026-QUA-G3,Structured Interview B,APD-INT-035,Cross-functional Panelist,2026-03-06,2026-03-07,18.0,Yes,4.7,4.8,4.4,4.5,4.60,Independent follow-up evidence locked before panel release
INT-2026-1236,CAND-2026-2409,REQ-2026-QUA-G3,Calibration Review,APD-INT-036,Talent Acquisition Partner,2026-03-08,2026-03-10,29.0,Yes,4.7,4.8,4.4,4.5,4.60,Composite and decision evidence reviewed in calibration
INT-2026-1237,CAND-2026-2410,REQ-2026-QUA-G3,Work Sample Review,APD-INT-037,Technical Assessor,2026-02-24,2026-02-26,40.0,Yes,4.8,4.4,4.5,4.6,4.58,Work sample evidence recorded against the controlled scoring key
INT-2026-1238,CAND-2026-2410,REQ-2026-QUA-G3,Structured Interview A,APD-INT-038,Hiring Manager,2026-02-26,2026-02-27,14.0,Yes,4.8,4.4,4.5,4.6,4.58,Behavioral evidence mapped to published BARS anchors
INT-2026-1239,CAND-2026-2410,REQ-2026-QUA-G3,Structured Interview B,APD-INT-039,Cross-functional Panelist,2026-02-28,2026-03-02,25.0,Yes,4.8,4.4,4.5,4.6,4.58,Independent follow-up evidence locked before panel release
INT-2026-1240,CAND-2026-2410,REQ-2026-QUA-G3,Calibration Review,APD-INT-040,Talent Acquisition Partner,2026-03-02,2026-03-04,36.0,Yes,4.8,4.4,4.5,4.6,4.58,Composite and decision evidence reviewed in calibration
INT-2026-1241,CAND-2026-2411,REQ-2026-QUA-G3,Work Sample Review,APD-INT-041,Technical Assessor,2026-03-03,2026-03-05,47.0,Yes,4.6,4.7,4.8,4.4,4.63,Work sample evidence recorded against the controlled scoring key
INT-2026-1242,CAND-2026-2411,REQ-2026-QUA-G3,Structured Interview A,APD-INT-042,Hiring Manager,2026-03-05,2026-03-06,21.0,Yes,4.6,4.7,4.8,4.4,4.63,Behavioral evidence mapped to published BARS anchors
INT-2026-1243,CAND-2026-2411,REQ-2026-QUA-G3,Structured Interview B,APD-INT-043,Cross-functional Panelist,2026-03-07,2026-03-09,32.0,Yes,4.6,4.7,4.8,4.4,4.63,Independent follow-up evidence locked before panel release
INT-2026-1244,CAND-2026-2411,REQ-2026-QUA-G3,Calibration Review,APD-INT-044,Talent Acquisition Partner,2026-03-09,2026-03-12,69.0,No,4.6,4.7,4.8,4.4,4.63,Composite and decision evidence reviewed in calibration
INT-2026-1245,CAND-2026-2412,REQ-2026-QUA-G3,Work Sample Review,APD-INT-045,Technical Assessor,2026-02-25,2026-02-28,52.0,No,4.7,4.8,4.4,4.5,4.60,Work sample evidence recorded against the controlled scoring key
INT-2026-1246,CAND-2026-2412,REQ-2026-QUA-G3,Structured Interview A,APD-INT-046,Hiring Manager,2026-02-27,2026-03-02,59.0,No,4.7,4.8,4.4,4.5,4.60,Behavioral evidence mapped to published BARS anchors
INT-2026-1247,CAND-2026-2412,REQ-2026-QUA-G3,Structured Interview B,APD-INT-047,Cross-functional Panelist,2026-03-01,2026-03-04,66.0,No,4.7,4.8,4.4,4.5,4.60,Independent follow-up evidence locked before panel release
INT-2026-1248,CAND-2026-2412,REQ-2026-QUA-G3,Calibration Review,APD-INT-048,Talent Acquisition Partner,2026-03-03,2026-03-04,13.0,Yes,4.7,4.8,4.4,4.5,4.60,Composite and decision evidence reviewed in calibration
INT-2026-1249,CAND-2026-2413,REQ-2026-QUA-G3,Work Sample Review,APD-INT-049,Technical Assessor,2026-02-19,2026-02-20,24.0,Yes,4.8,4.4,4.5,4.6,4.58,Work sample evidence recorded against the controlled scoring key
INT-2026-1250,CAND-2026-2413,REQ-2026-QUA-G3,Structured Interview A,APD-INT-050,Hiring Manager,2026-02-21,2026-02-23,35.0,Yes,4.8,4.4,4.5,4.6,4.58,Behavioral evidence mapped to published BARS anchors
INT-2026-1251,CAND-2026-2413,REQ-2026-QUA-G3,Structured Interview B,APD-INT-051,Cross-functional Panelist,2026-02-23,2026-02-25,46.0,Yes,4.8,4.4,4.5,4.6,4.58,Independent follow-up evidence locked before panel release
INT-2026-1252,CAND-2026-2413,REQ-2026-QUA-G3,Calibration Review,APD-INT-052,Talent Acquisition Partner,2026-02-25,2026-02-26,20.0,Yes,4.8,4.4,4.5,4.6,4.58,Composite and decision evidence reviewed in calibration
INT-2026-1253,CAND-2026-2414,REQ-2026-QUA-G3,Work Sample Review,APD-INT-053,Technical Assessor,2026-02-26,2026-02-28,31.0,Yes,4.4,4.5,4.6,4.7,4.55,Work sample evidence recorded against the controlled scoring key
INT-2026-1254,CAND-2026-2414,REQ-2026-QUA-G3,Structured Interview A,APD-INT-054,Hiring Manager,2026-02-28,2026-03-02,42.0,Yes,4.4,4.5,4.6,4.7,4.55,Behavioral evidence mapped to published BARS anchors
INT-2026-1255,CAND-2026-2414,REQ-2026-QUA-G3,Structured Interview B,APD-INT-055,Cross-functional Panelist,2026-03-02,2026-03-03,16.0,Yes,4.4,4.5,4.6,4.7,4.55,Independent follow-up evidence locked before panel release
INT-2026-1256,CAND-2026-2414,REQ-2026-QUA-G3,Calibration Review,APD-INT-056,Talent Acquisition Partner,2026-03-04,2026-03-06,27.0,Yes,4.4,4.5,4.6,4.7,4.55,Composite and decision evidence reviewed in calibration
INT-2026-1257,CAND-2026-2415,REQ-2026-QUA-G3,Work Sample Review,APD-INT-057,Technical Assessor,2026-02-20,2026-02-22,38.0,Yes,4.5,4.6,4.7,4.8,4.65,Work sample evidence recorded against the controlled scoring key
INT-2026-1258,CAND-2026-2415,REQ-2026-QUA-G3,Structured Interview A,APD-INT-058,Hiring Manager,2026-02-22,2026-02-23,12.0,Yes,4.5,4.6,4.7,4.8,4.65,Behavioral evidence mapped to published BARS anchors
INT-2026-1259,CAND-2026-2415,REQ-2026-QUA-G3,Structured Interview B,APD-INT-059,Cross-functional Panelist,2026-02-24,2026-02-25,23.0,Yes,4.5,4.6,4.7,4.8,4.65,Independent follow-up evidence locked before panel release
INT-2026-1260,CAND-2026-2415,REQ-2026-QUA-G3,Calibration Review,APD-INT-060,Talent Acquisition Partner,2026-02-26,2026-02-28,34.0,Yes,4.5,4.6,4.7,4.8,4.65,Composite and decision evidence reviewed in calibration
INT-2026-1261,CAND-2026-2416,REQ-2026-QUA-G3,Work Sample Review,APD-INT-001,Technical Assessor,2026-02-27,2026-03-01,45.0,Yes,4.0,3.3,3.4,3.4,3.53,Work sample evidence recorded against the controlled scoring key
INT-2026-1262,CAND-2026-2416,REQ-2026-QUA-G3,Structured Interview A,APD-INT-002,Hiring Manager,2026-03-01,2026-03-02,19.0,Yes,4.0,3.3,3.4,3.4,3.53,Behavioral evidence mapped to published BARS anchors
INT-2026-1263,CAND-2026-2416,REQ-2026-QUA-G3,Structured Interview B,APD-INT-003,Cross-functional Panelist,2026-03-03,2026-03-05,30.0,Yes,4.0,3.3,3.4,3.4,3.53,Independent follow-up evidence locked before panel release
INT-2026-1264,CAND-2026-2416,REQ-2026-QUA-G3,Calibration Review,APD-INT-004,Talent Acquisition Partner,2026-03-05,2026-03-07,41.0,Yes,4.0,3.3,3.4,3.4,3.53,Composite and decision evidence reviewed in calibration
INT-2026-1265,CAND-2026-2417,REQ-2026-QUA-G3,Work Sample Review,APD-INT-005,Technical Assessor,2026-02-21,2026-02-22,15.0,Yes,3.3,3.8,4.1,3.6,3.70,Work sample evidence recorded against the controlled scoring key
INT-2026-1266,CAND-2026-2417,REQ-2026-QUA-G3,Structured Interview A,APD-INT-006,Hiring Manager,2026-02-23,2026-02-25,26.0,Yes,3.3,3.8,4.1,3.6,3.70,Behavioral evidence mapped to published BARS anchors
INT-2026-1267,CAND-2026-2417,REQ-2026-QUA-G3,Structured Interview B,APD-INT-007,Cross-functional Panelist,2026-02-25,2026-02-27,37.0,Yes,3.3,3.8,4.1,3.6,3.70,Independent follow-up evidence locked before panel release
INT-2026-1268,CAND-2026-2417,REQ-2026-QUA-G3,Calibration Review,APD-INT-008,Talent Acquisition Partner,2026-02-27,2026-03-01,48.0,Yes,3.3,3.8,4.1,3.6,3.70,Composite and decision evidence reviewed in calibration
INT-2026-1269,CAND-2026-2418,REQ-2026-QUA-G3,Work Sample Review,APD-INT-009,Technical Assessor,2026-02-28,2026-03-01,22.0,Yes,3.6,3.2,3.8,3.8,3.60,Work sample evidence recorded against the controlled scoring key
INT-2026-1270,CAND-2026-2418,REQ-2026-QUA-G3,Structured Interview A,APD-INT-010,Hiring Manager,2026-03-02,2026-03-04,33.0,Yes,3.6,3.2,3.8,3.8,3.60,Behavioral evidence mapped to published BARS anchors
INT-2026-1271,CAND-2026-2418,REQ-2026-QUA-G3,Structured Interview B,APD-INT-011,Cross-functional Panelist,2026-03-04,2026-03-06,44.0,Yes,3.6,3.2,3.8,3.8,3.60,Independent follow-up evidence locked before panel release
INT-2026-1272,CAND-2026-2418,REQ-2026-QUA-G3,Calibration Review,APD-INT-012,Talent Acquisition Partner,2026-03-06,2026-03-07,18.0,Yes,3.6,3.2,3.8,3.8,3.60,Composite and decision evidence reviewed in calibration
INT-2026-1273,CAND-2026-2419,REQ-2026-QUA-G3,Work Sample Review,APD-INT-013,Technical Assessor,2026-02-22,2026-02-24,29.0,Yes,3.9,3.7,3.5,4.0,3.78,Work sample evidence recorded against the controlled scoring key
INT-2026-1274,CAND-2026-2419,REQ-2026-QUA-G3,Structured Interview A,APD-INT-014,Hiring Manager,2026-02-24,2026-02-26,40.0,Yes,3.9,3.7,3.5,4.0,3.78,Behavioral evidence mapped to published BARS anchors
INT-2026-1275,CAND-2026-2419,REQ-2026-QUA-G3,Structured Interview B,APD-INT-015,Cross-functional Panelist,2026-02-26,2026-02-27,14.0,Yes,3.9,3.7,3.5,4.0,3.78,Independent follow-up evidence locked before panel release
INT-2026-1276,CAND-2026-2419,REQ-2026-QUA-G3,Calibration Review,APD-INT-016,Talent Acquisition Partner,2026-02-28,2026-03-02,25.0,Yes,3.9,3.7,3.5,4.0,3.78,Composite and decision evidence reviewed in calibration
INT-2026-1277,CAND-2026-2420,REQ-2026-QUA-G3,Work Sample Review,APD-INT-017,Technical Assessor,2026-03-01,2026-03-03,36.0,Yes,3.2,3.1,3.2,3.1,3.15,Work sample evidence recorded against the controlled scoring key
INT-2026-1278,CAND-2026-2420,REQ-2026-QUA-G3,Structured Interview A,APD-INT-018,Hiring Manager,2026-03-03,2026-03-05,47.0,Yes,3.2,3.1,3.2,3.1,3.15,Behavioral evidence mapped to published BARS anchors
INT-2026-1279,CAND-2026-2420,REQ-2026-QUA-G3,Structured Interview B,APD-INT-019,Cross-functional Panelist,2026-03-05,2026-03-06,21.0,Yes,3.2,3.1,3.2,3.1,3.15,Independent follow-up evidence locked before panel release
INT-2026-1280,CAND-2026-2420,REQ-2026-QUA-G3,Calibration Review,APD-INT-020,Talent Acquisition Partner,2026-03-07,2026-03-09,32.0,Yes,3.2,3.1,3.2,3.1,3.15,Composite and decision evidence reviewed in calibration
INT-2026-1281,CAND-2026-2421,REQ-2026-QUA-G3,Work Sample Review,APD-INT-021,Technical Assessor,2026-02-23,2026-02-25,43.0,Yes,3.5,3.6,3.9,3.3,3.58,Work sample evidence recorded against the controlled scoring key
INT-2026-1282,CAND-2026-2421,REQ-2026-QUA-G3,Structured Interview A,APD-INT-022,Hiring Manager,2026-02-25,2026-02-26,17.0,Yes,3.5,3.6,3.9,3.3,3.58,Behavioral evidence mapped to published BARS anchors
INT-2026-1283,CAND-2026-2421,REQ-2026-QUA-G3,Structured Interview B,APD-INT-023,Cross-functional Panelist,2026-02-27,2026-03-01,28.0,Yes,3.5,3.6,3.9,3.3,3.58,Independent follow-up evidence locked before panel release
INT-2026-1284,CAND-2026-2421,REQ-2026-QUA-G3,Calibration Review,APD-INT-024,Talent Acquisition Partner,2026-03-01,2026-03-03,39.0,Yes,3.5,3.6,3.9,3.3,3.58,Composite and decision evidence reviewed in calibration
INT-2026-1285,CAND-2026-2422,REQ-2026-QUA-G3,Work Sample Review,APD-INT-025,Technical Assessor,2026-03-02,2026-03-03,13.0,Yes,3.8,4.1,3.6,3.5,3.75,Work sample evidence recorded against the controlled scoring key
INT-2026-1286,CAND-2026-2422,REQ-2026-QUA-G3,Structured Interview A,APD-INT-026,Hiring Manager,2026-03-04,2026-03-05,24.0,Yes,3.8,4.1,3.6,3.5,3.75,Behavioral evidence mapped to published BARS anchors
INT-2026-1287,CAND-2026-2422,REQ-2026-QUA-G3,Structured Interview B,APD-INT-027,Cross-functional Panelist,2026-03-06,2026-03-08,35.0,Yes,3.8,4.1,3.6,3.5,3.75,Independent follow-up evidence locked before panel release
INT-2026-1288,CAND-2026-2422,REQ-2026-QUA-G3,Calibration Review,APD-INT-028,Talent Acquisition Partner,2026-03-08,2026-03-10,46.0,Yes,3.8,4.1,3.6,3.5,3.75,Composite and decision evidence reviewed in calibration
INT-2026-1289,CAND-2026-2423,REQ-2026-QUA-G3,Work Sample Review,APD-INT-029,Technical Assessor,2026-02-24,2026-02-25,20.0,Yes,4.1,3.5,3.3,3.7,3.65,Work sample evidence recorded against the controlled scoring key
INT-2026-1290,CAND-2026-2423,REQ-2026-QUA-G3,Structured Interview A,APD-INT-030,Hiring Manager,2026-02-26,2026-02-28,31.0,Yes,4.1,3.5,3.3,3.7,3.65,Behavioral evidence mapped to published BARS anchors
INT-2026-1291,CAND-2026-2423,REQ-2026-QUA-G3,Structured Interview B,APD-INT-031,Cross-functional Panelist,2026-02-28,2026-03-02,42.0,Yes,4.1,3.5,3.3,3.7,3.65,Independent follow-up evidence locked before panel release
INT-2026-1292,CAND-2026-2423,REQ-2026-QUA-G3,Calibration Review,APD-INT-032,Talent Acquisition Partner,2026-03-02,2026-03-03,16.0,Yes,4.1,3.5,3.3,3.7,3.65,Composite and decision evidence reviewed in calibration
INT-2026-1293,CAND-2026-2424,REQ-2026-QUA-G3,Work Sample Review,APD-INT-033,Technical Assessor,2026-03-03,2026-03-05,27.0,Yes,3.4,4.0,4.0,3.9,3.83,Work sample evidence recorded against the controlled scoring key
INT-2026-1294,CAND-2026-2424,REQ-2026-QUA-G3,Structured Interview A,APD-INT-034,Hiring Manager,2026-03-05,2026-03-07,38.0,Yes,3.4,4.0,4.0,3.9,3.83,Behavioral evidence mapped to published BARS anchors
INT-2026-1295,CAND-2026-2424,REQ-2026-QUA-G3,Structured Interview B,APD-INT-035,Cross-functional Panelist,2026-03-07,2026-03-08,12.0,Yes,3.4,4.0,4.0,3.9,3.83,Independent follow-up evidence locked before panel release
INT-2026-1296,CAND-2026-2424,REQ-2026-QUA-G3,Calibration Review,APD-INT-036,Talent Acquisition Partner,2026-03-09,2026-03-10,23.0,Yes,3.4,4.0,4.0,3.9,3.83,Composite and decision evidence reviewed in calibration
INT-2026-1297,CAND-2026-2425,REQ-2026-QUA-G3,Work Sample Review,APD-INT-037,Technical Assessor,2026-02-25,2026-02-27,34.0,Yes,3.7,3.4,3.7,4.1,3.73,Work sample evidence recorded against the controlled scoring key
INT-2026-1298,CAND-2026-2425,REQ-2026-QUA-G3,Structured Interview A,APD-INT-038,Hiring Manager,2026-02-27,2026-03-02,63.0,No,3.7,3.4,3.7,4.1,3.73,Behavioral evidence mapped to published BARS anchors
INT-2026-1299,CAND-2026-2425,REQ-2026-QUA-G3,Structured Interview B,APD-INT-039,Cross-functional Panelist,2026-03-01,2026-03-04,70.0,No,3.7,3.4,3.7,4.1,3.73,Independent follow-up evidence locked before panel release
INT-2026-1300,CAND-2026-2425,REQ-2026-QUA-G3,Calibration Review,APD-INT-040,Talent Acquisition Partner,2026-03-03,2026-03-06,53.0,No,3.7,3.4,3.7,4.1,3.73,Composite and decision evidence reviewed in calibration
INT-2026-1301,CAND-2026-2426,REQ-2026-QUA-G3,Work Sample Review,APD-INT-041,Technical Assessor,2026-02-19,2026-02-22,60.0,No,4.0,3.9,3.4,3.2,3.63,Work sample evidence recorded against the controlled scoring key
INT-2026-1302,CAND-2026-2426,REQ-2026-QUA-G3,Structured Interview A,APD-INT-042,Hiring Manager,2026-02-21,2026-02-22,15.0,Yes,4.0,3.9,3.4,3.2,3.63,Behavioral evidence mapped to published BARS anchors
INT-2026-1303,CAND-2026-2426,REQ-2026-QUA-G3,Structured Interview B,APD-INT-043,Cross-functional Panelist,2026-02-23,2026-02-25,26.0,Yes,4.0,3.9,3.4,3.2,3.63,Independent follow-up evidence locked before panel release
INT-2026-1304,CAND-2026-2426,REQ-2026-QUA-G3,Calibration Review,APD-INT-044,Talent Acquisition Partner,2026-02-25,2026-02-27,37.0,Yes,4.0,3.9,3.4,3.2,3.63,Composite and decision evidence reviewed in calibration
INT-2026-1305,CAND-2026-2427,REQ-2026-QUA-G3,Work Sample Review,APD-INT-045,Technical Assessor,2026-02-26,2026-02-28,48.0,Yes,3.3,3.3,4.1,3.4,3.53,Work sample evidence recorded against the controlled scoring key
INT-2026-1306,CAND-2026-2427,REQ-2026-QUA-G3,Structured Interview A,APD-INT-046,Hiring Manager,2026-02-28,2026-03-01,22.0,Yes,3.3,3.3,4.1,3.4,3.53,Behavioral evidence mapped to published BARS anchors
INT-2026-1307,CAND-2026-2427,REQ-2026-QUA-G3,Structured Interview B,APD-INT-047,Cross-functional Panelist,2026-03-02,2026-03-04,33.0,Yes,3.3,3.3,4.1,3.4,3.53,Independent follow-up evidence locked before panel release
INT-2026-1308,CAND-2026-2427,REQ-2026-QUA-G3,Calibration Review,APD-INT-048,Talent Acquisition Partner,2026-03-04,2026-03-06,44.0,Yes,3.3,3.3,4.1,3.4,3.53,Composite and decision evidence reviewed in calibration
INT-2026-1309,CAND-2026-2428,REQ-2026-QUA-G3,Work Sample Review,APD-INT-049,Technical Assessor,2026-02-20,2026-02-21,18.0,Yes,3.6,3.8,3.8,3.6,3.70,Work sample evidence recorded against the controlled scoring key
INT-2026-1310,CAND-2026-2428,REQ-2026-QUA-G3,Structured Interview A,APD-INT-050,Hiring Manager,2026-02-22,2026-02-24,29.0,Yes,3.6,3.8,3.8,3.6,3.70,Behavioral evidence mapped to published BARS anchors
INT-2026-1311,CAND-2026-2428,REQ-2026-QUA-G3,Structured Interview B,APD-INT-051,Cross-functional Panelist,2026-02-24,2026-02-26,40.0,Yes,3.6,3.8,3.8,3.6,3.70,Independent follow-up evidence locked before panel release
INT-2026-1312,CAND-2026-2428,REQ-2026-QUA-G3,Calibration Review,APD-INT-052,Talent Acquisition Partner,2026-02-26,2026-02-27,14.0,Yes,3.6,3.8,3.8,3.6,3.70,Composite and decision evidence reviewed in calibration
INT-2026-1313,CAND-2026-2429,REQ-2026-QUA-G3,Work Sample Review,APD-INT-053,Technical Assessor,2026-02-27,2026-03-01,25.0,Yes,3.9,3.2,3.5,3.8,3.60,Work sample evidence recorded against the controlled scoring key
INT-2026-1314,CAND-2026-2429,REQ-2026-QUA-G3,Structured Interview A,APD-INT-054,Hiring Manager,2026-03-01,2026-03-03,36.0,Yes,3.9,3.2,3.5,3.8,3.60,Behavioral evidence mapped to published BARS anchors
INT-2026-1315,CAND-2026-2429,REQ-2026-QUA-G3,Structured Interview B,APD-INT-055,Cross-functional Panelist,2026-03-03,2026-03-05,47.0,Yes,3.9,3.2,3.5,3.8,3.60,Independent follow-up evidence locked before panel release
INT-2026-1316,CAND-2026-2429,REQ-2026-QUA-G3,Calibration Review,APD-INT-056,Talent Acquisition Partner,2026-03-05,2026-03-06,21.0,Yes,3.9,3.2,3.5,3.8,3.60,Composite and decision evidence reviewed in calibration
INT-2026-1317,CAND-2026-2430,REQ-2026-QUA-G3,Work Sample Review,APD-INT-057,Technical Assessor,2026-02-21,2026-02-23,32.0,Yes,3.2,3.7,3.2,4.0,3.53,Work sample evidence recorded against the controlled scoring key
INT-2026-1318,CAND-2026-2430,REQ-2026-QUA-G3,Structured Interview A,APD-INT-058,Hiring Manager,2026-02-23,2026-02-25,43.0,Yes,3.2,3.7,3.2,4.0,3.53,Behavioral evidence mapped to published BARS anchors
INT-2026-1319,CAND-2026-2430,REQ-2026-QUA-G3,Structured Interview B,APD-INT-059,Cross-functional Panelist,2026-02-25,2026-02-26,17.0,Yes,3.2,3.7,3.2,4.0,3.53,Independent follow-up evidence locked before panel release
INT-2026-1320,CAND-2026-2430,REQ-2026-QUA-G3,Calibration Review,APD-INT-060,Talent Acquisition Partner,2026-02-27,2026-03-01,28.0,Yes,3.2,3.7,3.2,4.0,3.53,Composite and decision evidence reviewed in calibration
INT-2026-1321,CAND-2026-2431,REQ-2026-QUA-G3,Work Sample Review,APD-INT-001,Technical Assessor,2026-02-28,2026-03-02,39.0,Yes,3.5,3.1,3.9,3.1,3.40,Work sample evidence recorded against the controlled scoring key
INT-2026-1322,CAND-2026-2431,REQ-2026-QUA-G3,Structured Interview A,APD-INT-002,Hiring Manager,2026-03-02,2026-03-03,13.0,Yes,3.5,3.1,3.9,3.1,3.40,Behavioral evidence mapped to published BARS anchors
INT-2026-1323,CAND-2026-2431,REQ-2026-QUA-G3,Structured Interview B,APD-INT-003,Cross-functional Panelist,2026-03-04,2026-03-05,24.0,Yes,3.5,3.1,3.9,3.1,3.40,Independent follow-up evidence locked before panel release
INT-2026-1324,CAND-2026-2431,REQ-2026-QUA-G3,Calibration Review,APD-INT-004,Talent Acquisition Partner,2026-03-06,2026-03-08,35.0,Yes,3.5,3.1,3.9,3.1,3.40,Composite and decision evidence reviewed in calibration
INT-2026-1325,CAND-2026-2432,REQ-2026-QUA-G3,Work Sample Review,APD-INT-005,Technical Assessor,2026-02-22,2026-02-24,46.0,Yes,3.8,3.6,3.6,3.3,3.58,Work sample evidence recorded against the controlled scoring key
INT-2026-1326,CAND-2026-2432,REQ-2026-QUA-G3,Structured Interview A,APD-INT-006,Hiring Manager,2026-02-24,2026-02-25,20.0,Yes,3.8,3.6,3.6,3.3,3.58,Behavioral evidence mapped to published BARS anchors
INT-2026-1327,CAND-2026-2432,REQ-2026-QUA-G3,Structured Interview B,APD-INT-007,Cross-functional Panelist,2026-02-26,2026-02-28,31.0,Yes,3.8,3.6,3.6,3.3,3.58,Independent follow-up evidence locked before panel release
INT-2026-1328,CAND-2026-2432,REQ-2026-QUA-G3,Calibration Review,APD-INT-008,Talent Acquisition Partner,2026-02-28,2026-03-02,42.0,Yes,3.8,3.6,3.6,3.3,3.58,Composite and decision evidence reviewed in calibration
INT-2026-1329,CAND-2026-2433,REQ-2026-QUA-G3,Work Sample Review,APD-INT-009,Technical Assessor,2026-03-01,2026-03-02,16.0,Yes,4.1,4.1,3.3,3.5,3.75,Work sample evidence recorded against the controlled scoring key
INT-2026-1330,CAND-2026-2433,REQ-2026-QUA-G3,Structured Interview A,APD-INT-010,Hiring Manager,2026-03-03,2026-03-05,27.0,Yes,4.1,4.1,3.3,3.5,3.75,Behavioral evidence mapped to published BARS anchors
INT-2026-1331,CAND-2026-2433,REQ-2026-QUA-G3,Structured Interview B,APD-INT-011,Cross-functional Panelist,2026-03-05,2026-03-07,38.0,Yes,4.1,4.1,3.3,3.5,3.75,Independent follow-up evidence locked before panel release
INT-2026-1332,CAND-2026-2433,REQ-2026-QUA-G3,Calibration Review,APD-INT-012,Talent Acquisition Partner,2026-03-07,2026-03-08,12.0,Yes,4.1,4.1,3.3,3.5,3.75,Composite and decision evidence reviewed in calibration
INT-2026-1333,CAND-2026-2434,REQ-2026-QUA-G3,Work Sample Review,APD-INT-013,Technical Assessor,2026-02-23,2026-02-24,23.0,Yes,3.4,3.5,4.0,3.7,3.65,Work sample evidence recorded against the controlled scoring key
INT-2026-1334,CAND-2026-2434,REQ-2026-QUA-G3,Structured Interview A,APD-INT-014,Hiring Manager,2026-02-25,2026-02-27,34.0,Yes,3.4,3.5,4.0,3.7,3.65,Behavioral evidence mapped to published BARS anchors
INT-2026-1335,CAND-2026-2434,REQ-2026-QUA-G3,Structured Interview B,APD-INT-015,Cross-functional Panelist,2026-02-27,2026-03-01,45.0,Yes,3.4,3.5,4.0,3.7,3.65,Independent follow-up evidence locked before panel release
INT-2026-1336,CAND-2026-2434,REQ-2026-QUA-G3,Calibration Review,APD-INT-016,Talent Acquisition Partner,2026-03-01,2026-03-02,19.0,Yes,3.4,3.5,4.0,3.7,3.65,Composite and decision evidence reviewed in calibration
INT-2026-1337,CAND-2026-2435,REQ-2026-QUA-G3,Work Sample Review,APD-INT-017,Technical Assessor,2026-03-02,2026-03-04,30.0,Yes,3.7,4.0,3.7,3.9,3.83,Work sample evidence recorded against the controlled scoring key
INT-2026-1338,CAND-2026-2435,REQ-2026-QUA-G3,Structured Interview A,APD-INT-018,Hiring Manager,2026-03-04,2026-03-06,41.0,Yes,3.7,4.0,3.7,3.9,3.83,Behavioral evidence mapped to published BARS anchors
INT-2026-1339,CAND-2026-2435,REQ-2026-QUA-G3,Structured Interview B,APD-INT-019,Cross-functional Panelist,2026-03-06,2026-03-07,15.0,Yes,3.7,4.0,3.7,3.9,3.83,Independent follow-up evidence locked before panel release
INT-2026-1340,CAND-2026-2435,REQ-2026-QUA-G3,Calibration Review,APD-INT-020,Talent Acquisition Partner,2026-03-08,2026-03-10,26.0,Yes,3.7,4.0,3.7,3.9,3.83,Composite and decision evidence reviewed in calibration
INT-2026-1341,CAND-2026-2436,REQ-2026-QUA-G3,Work Sample Review,APD-INT-021,Technical Assessor,2026-02-24,2026-02-26,37.0,Yes,4.0,3.4,3.4,4.1,3.73,Work sample evidence recorded against the controlled scoring key
INT-2026-1342,CAND-2026-2436,REQ-2026-QUA-G3,Structured Interview A,APD-INT-022,Hiring Manager,2026-02-26,2026-02-28,48.0,Yes,4.0,3.4,3.4,4.1,3.73,Behavioral evidence mapped to published BARS anchors
INT-2026-1343,CAND-2026-2436,REQ-2026-QUA-G3,Structured Interview B,APD-INT-023,Cross-functional Panelist,2026-02-28,2026-03-01,22.0,Yes,4.0,3.4,3.4,4.1,3.73,Independent follow-up evidence locked before panel release
INT-2026-1344,CAND-2026-2436,REQ-2026-QUA-G3,Calibration Review,APD-INT-024,Talent Acquisition Partner,2026-03-02,2026-03-04,33.0,Yes,4.0,3.4,3.4,4.1,3.73,Composite and decision evidence reviewed in calibration
INT-2026-1345,CAND-2026-2437,REQ-2026-QUA-G3,Work Sample Review,APD-INT-025,Technical Assessor,2026-03-03,2026-03-05,44.0,Yes,3.3,3.9,4.1,3.2,3.63,Work sample evidence recorded against the controlled scoring key
INT-2026-1346,CAND-2026-2437,REQ-2026-QUA-G3,Structured Interview A,APD-INT-026,Hiring Manager,2026-03-05,2026-03-06,18.0,Yes,3.3,3.9,4.1,3.2,3.63,Behavioral evidence mapped to published BARS anchors
INT-2026-1347,CAND-2026-2437,REQ-2026-QUA-G3,Structured Interview B,APD-INT-027,Cross-functional Panelist,2026-03-07,2026-03-09,29.0,Yes,3.3,3.9,4.1,3.2,3.63,Independent follow-up evidence locked before panel release
INT-2026-1348,CAND-2026-2437,REQ-2026-QUA-G3,Calibration Review,APD-INT-028,Talent Acquisition Partner,2026-03-09,2026-03-11,40.0,Yes,3.3,3.9,4.1,3.2,3.63,Composite and decision evidence reviewed in calibration
INT-2026-1349,CAND-2026-2438,REQ-2026-QUA-G3,Work Sample Review,APD-INT-029,Technical Assessor,2026-02-25,2026-02-26,14.0,Yes,3.6,3.3,3.8,3.4,3.53,Work sample evidence recorded against the controlled scoring key
INT-2026-1350,CAND-2026-2438,REQ-2026-QUA-G3,Structured Interview A,APD-INT-030,Hiring Manager,2026-02-27,2026-03-01,25.0,Yes,3.6,3.3,3.8,3.4,3.53,Behavioral evidence mapped to published BARS anchors
INT-2026-1351,CAND-2026-2438,REQ-2026-QUA-G3,Structured Interview B,APD-INT-031,Cross-functional Panelist,2026-03-01,2026-03-03,36.0,Yes,3.6,3.3,3.8,3.4,3.53,Independent follow-up evidence locked before panel release
INT-2026-1352,CAND-2026-2438,REQ-2026-QUA-G3,Calibration Review,APD-INT-032,Talent Acquisition Partner,2026-03-03,2026-03-06,57.0,No,3.6,3.3,3.8,3.4,3.53,Composite and decision evidence reviewed in calibration
INT-2026-1353,CAND-2026-2439,REQ-2026-QUA-G3,Work Sample Review,APD-INT-033,Technical Assessor,2026-02-19,2026-02-22,64.0,No,3.9,3.8,3.5,3.6,3.70,Work sample evidence recorded against the controlled scoring key
INT-2026-1354,CAND-2026-2439,REQ-2026-QUA-G3,Structured Interview A,APD-INT-034,Hiring Manager,2026-02-21,2026-02-24,71.0,No,3.9,3.8,3.5,3.6,3.70,Behavioral evidence mapped to published BARS anchors
INT-2026-1355,CAND-2026-2439,REQ-2026-QUA-G3,Structured Interview B,APD-INT-035,Cross-functional Panelist,2026-02-23,2026-02-26,54.0,No,3.9,3.8,3.5,3.6,3.70,Independent follow-up evidence locked before panel release
INT-2026-1356,CAND-2026-2439,REQ-2026-QUA-G3,Calibration Review,APD-INT-036,Talent Acquisition Partner,2026-02-25,2026-02-26,17.0,Yes,3.9,3.8,3.5,3.6,3.70,Composite and decision evidence reviewed in calibration
INT-2026-1357,CAND-2026-2440,REQ-2026-QUA-G3,Work Sample Review,APD-INT-037,Technical Assessor,2026-02-26,2026-02-28,28.0,Yes,3.2,3.2,3.2,3.8,3.35,Work sample evidence recorded against the controlled scoring key
INT-2026-1358,CAND-2026-2440,REQ-2026-QUA-G3,Structured Interview A,APD-INT-038,Hiring Manager,2026-02-28,2026-03-02,39.0,Yes,3.2,3.2,3.2,3.8,3.35,Behavioral evidence mapped to published BARS anchors
INT-2026-1359,CAND-2026-2440,REQ-2026-QUA-G3,Structured Interview B,APD-INT-039,Cross-functional Panelist,2026-03-02,2026-03-03,13.0,Yes,3.2,3.2,3.2,3.8,3.35,Independent follow-up evidence locked before panel release
INT-2026-1360,CAND-2026-2440,REQ-2026-QUA-G3,Calibration Review,APD-INT-040,Talent Acquisition Partner,2026-03-04,2026-03-05,24.0,Yes,3.2,3.2,3.2,3.8,3.35,Composite and decision evidence reviewed in calibration
INT-2026-1361,CAND-2026-2441,REQ-2026-QUA-G3,Work Sample Review,APD-INT-041,Technical Assessor,2026-02-20,2026-02-22,35.0,Yes,3.5,3.7,3.9,4.0,3.78,Work sample evidence recorded against the controlled scoring key
INT-2026-1362,CAND-2026-2441,REQ-2026-QUA-G3,Structured Interview A,APD-INT-042,Hiring Manager,2026-02-22,2026-02-24,46.0,Yes,3.5,3.7,3.9,4.0,3.78,Behavioral evidence mapped to published BARS anchors
INT-2026-1363,CAND-2026-2441,REQ-2026-QUA-G3,Structured Interview B,APD-INT-043,Cross-functional Panelist,2026-02-24,2026-02-25,20.0,Yes,3.5,3.7,3.9,4.0,3.78,Independent follow-up evidence locked before panel release
INT-2026-1364,CAND-2026-2441,REQ-2026-QUA-G3,Calibration Review,APD-INT-044,Talent Acquisition Partner,2026-02-26,2026-02-28,31.0,Yes,3.5,3.7,3.9,4.0,3.78,Composite and decision evidence reviewed in calibration
INT-2026-1365,CAND-2026-2442,REQ-2026-QUA-G3,Work Sample Review,APD-INT-045,Technical Assessor,2026-02-27,2026-03-01,42.0,Yes,3.8,3.1,3.6,3.1,3.40,Work sample evidence recorded against the controlled scoring key
INT-2026-1366,CAND-2026-2442,REQ-2026-QUA-G3,Structured Interview A,APD-INT-046,Hiring Manager,2026-03-01,2026-03-02,16.0,Yes,3.8,3.1,3.6,3.1,3.40,Behavioral evidence mapped to published BARS anchors
INT-2026-1367,CAND-2026-2442,REQ-2026-QUA-G3,Structured Interview B,APD-INT-047,Cross-functional Panelist,2026-03-03,2026-03-05,27.0,Yes,3.8,3.1,3.6,3.1,3.40,Independent follow-up evidence locked before panel release
INT-2026-1368,CAND-2026-2442,REQ-2026-QUA-G3,Calibration Review,APD-INT-048,Talent Acquisition Partner,2026-03-05,2026-03-07,38.0,Yes,3.8,3.1,3.6,3.1,3.40,Composite and decision evidence reviewed in calibration
INT-2026-1369,CAND-2026-2443,REQ-2026-QUA-G3,Work Sample Review,APD-INT-049,Technical Assessor,2026-02-21,2026-02-22,12.0,Yes,4.1,3.6,3.3,3.3,3.58,Work sample evidence recorded against the controlled scoring key
INT-2026-1370,CAND-2026-2443,REQ-2026-QUA-G3,Structured Interview A,APD-INT-050,Hiring Manager,2026-02-23,2026-02-24,23.0,Yes,4.1,3.6,3.3,3.3,3.58,Behavioral evidence mapped to published BARS anchors
INT-2026-1371,CAND-2026-2443,REQ-2026-QUA-G3,Structured Interview B,APD-INT-051,Cross-functional Panelist,2026-02-25,2026-02-27,34.0,Yes,4.1,3.6,3.3,3.3,3.58,Independent follow-up evidence locked before panel release
INT-2026-1372,CAND-2026-2443,REQ-2026-QUA-G3,Calibration Review,APD-INT-052,Talent Acquisition Partner,2026-02-27,2026-03-01,45.0,Yes,4.1,3.6,3.3,3.3,3.58,Composite and decision evidence reviewed in calibration
INT-2026-1373,CAND-2026-2444,REQ-2026-QUA-G3,Work Sample Review,APD-INT-053,Technical Assessor,2026-02-28,2026-03-01,19.0,Yes,3.4,4.1,4.0,3.5,3.75,Work sample evidence recorded against the controlled scoring key
INT-2026-1374,CAND-2026-2444,REQ-2026-QUA-G3,Structured Interview A,APD-INT-054,Hiring Manager,2026-03-02,2026-03-04,30.0,Yes,3.4,4.1,4.0,3.5,3.75,Behavioral evidence mapped to published BARS anchors
INT-2026-1375,CAND-2026-2444,REQ-2026-QUA-G3,Structured Interview B,APD-INT-055,Cross-functional Panelist,2026-03-04,2026-03-06,41.0,Yes,3.4,4.1,4.0,3.5,3.75,Independent follow-up evidence locked before panel release
INT-2026-1376,CAND-2026-2444,REQ-2026-QUA-G3,Calibration Review,APD-INT-056,Talent Acquisition Partner,2026-03-06,2026-03-07,15.0,Yes,3.4,4.1,4.0,3.5,3.75,Composite and decision evidence reviewed in calibration
INT-2026-1377,CAND-2026-2445,REQ-2026-QUA-G3,Work Sample Review,APD-INT-057,Technical Assessor,2026-02-22,2026-02-24,26.0,Yes,3.7,3.5,3.7,3.7,3.65,Work sample evidence recorded against the controlled scoring key
INT-2026-1378,CAND-2026-2445,REQ-2026-QUA-G3,Structured Interview A,APD-INT-058,Hiring Manager,2026-02-24,2026-02-26,37.0,Yes,3.7,3.5,3.7,3.7,3.65,Behavioral evidence mapped to published BARS anchors
INT-2026-1379,CAND-2026-2445,REQ-2026-QUA-G3,Structured Interview B,APD-INT-059,Cross-functional Panelist,2026-02-26,2026-02-28,48.0,Yes,3.7,3.5,3.7,3.7,3.65,Independent follow-up evidence locked before panel release
INT-2026-1380,CAND-2026-2445,REQ-2026-QUA-G3,Calibration Review,APD-INT-060,Talent Acquisition Partner,2026-02-28,2026-03-01,22.0,Yes,3.7,3.5,3.7,3.7,3.65,Composite and decision evidence reviewed in calibration
INT-2026-1381,CAND-2026-2446,REQ-2026-QUA-G3,Work Sample Review,APD-INT-001,Technical Assessor,2026-03-01,2026-03-03,33.0,Yes,4.0,4.0,3.4,3.9,3.83,Work sample evidence recorded against the controlled scoring key
INT-2026-1382,CAND-2026-2446,REQ-2026-QUA-G3,Structured Interview A,APD-INT-002,Hiring Manager,2026-03-03,2026-03-05,44.0,Yes,4.0,4.0,3.4,3.9,3.83,Behavioral evidence mapped to published BARS anchors
INT-2026-1383,CAND-2026-2446,REQ-2026-QUA-G3,Structured Interview B,APD-INT-003,Cross-functional Panelist,2026-03-05,2026-03-06,18.0,Yes,4.0,4.0,3.4,3.9,3.83,Independent follow-up evidence locked before panel release
INT-2026-1384,CAND-2026-2446,REQ-2026-QUA-G3,Calibration Review,APD-INT-004,Talent Acquisition Partner,2026-03-07,2026-03-09,29.0,Yes,4.0,4.0,3.4,3.9,3.83,Composite and decision evidence reviewed in calibration
INT-2026-1385,CAND-2026-2447,REQ-2026-QUA-G3,Work Sample Review,APD-INT-005,Technical Assessor,2026-02-23,2026-02-25,40.0,Yes,3.3,3.4,4.1,4.1,3.73,Work sample evidence recorded against the controlled scoring key
INT-2026-1386,CAND-2026-2447,REQ-2026-QUA-G3,Structured Interview A,APD-INT-006,Hiring Manager,2026-02-25,2026-02-26,14.0,Yes,3.3,3.4,4.1,4.1,3.73,Behavioral evidence mapped to published BARS anchors
INT-2026-1387,CAND-2026-2447,REQ-2026-QUA-G3,Structured Interview B,APD-INT-007,Cross-functional Panelist,2026-02-27,2026-03-01,25.0,Yes,3.3,3.4,4.1,4.1,3.73,Independent follow-up evidence locked before panel release
INT-2026-1388,CAND-2026-2447,REQ-2026-QUA-G3,Calibration Review,APD-INT-008,Talent Acquisition Partner,2026-03-01,2026-03-03,36.0,Yes,3.3,3.4,4.1,4.1,3.73,Composite and decision evidence reviewed in calibration
INT-2026-1389,CAND-2026-2448,REQ-2026-QUA-G3,Work Sample Review,APD-INT-009,Technical Assessor,2026-03-02,2026-03-04,47.0,Yes,3.6,3.9,3.8,3.2,3.63,Work sample evidence recorded against the controlled scoring key
INT-2026-1390,CAND-2026-2448,REQ-2026-QUA-G3,Structured Interview A,APD-INT-010,Hiring Manager,2026-03-04,2026-03-05,21.0,Yes,3.6,3.9,3.8,3.2,3.63,Behavioral evidence mapped to published BARS anchors
INT-2026-1391,CAND-2026-2448,REQ-2026-QUA-G3,Structured Interview B,APD-INT-011,Cross-functional Panelist,2026-03-06,2026-03-08,32.0,Yes,3.6,3.9,3.8,3.2,3.63,Independent follow-up evidence locked before panel release
INT-2026-1392,CAND-2026-2448,REQ-2026-QUA-G3,Calibration Review,APD-INT-012,Talent Acquisition Partner,2026-03-08,2026-03-10,43.0,Yes,3.6,3.9,3.8,3.2,3.63,Composite and decision evidence reviewed in calibration
INT-2026-1393,CAND-2026-2449,REQ-2026-QUA-G3,Work Sample Review,APD-INT-013,Technical Assessor,2026-02-24,2026-02-25,17.0,Yes,3.9,3.3,3.5,3.4,3.53,Work sample evidence recorded against the controlled scoring key
INT-2026-1394,CAND-2026-2449,REQ-2026-QUA-G3,Structured Interview A,APD-INT-014,Hiring Manager,2026-02-26,2026-02-28,28.0,Yes,3.9,3.3,3.5,3.4,3.53,Behavioral evidence mapped to published BARS anchors
INT-2026-1395,CAND-2026-2449,REQ-2026-QUA-G3,Structured Interview B,APD-INT-015,Cross-functional Panelist,2026-02-28,2026-03-02,39.0,Yes,3.9,3.3,3.5,3.4,3.53,Independent follow-up evidence locked before panel release
INT-2026-1396,CAND-2026-2449,REQ-2026-QUA-G3,Calibration Review,APD-INT-016,Talent Acquisition Partner,2026-03-02,2026-03-03,13.0,Yes,3.9,3.3,3.5,3.4,3.53,Composite and decision evidence reviewed in calibration
INT-2026-1397,CAND-2026-2450,REQ-2026-QUA-G3,Work Sample Review,APD-INT-017,Technical Assessor,2026-03-03,2026-03-04,24.0,Yes,3.2,3.8,3.2,3.6,3.45,Work sample evidence recorded against the controlled scoring key
INT-2026-1398,CAND-2026-2450,REQ-2026-QUA-G3,Structured Interview A,APD-INT-018,Hiring Manager,2026-03-05,2026-03-07,35.0,Yes,3.2,3.8,3.2,3.6,3.45,Behavioral evidence mapped to published BARS anchors
INT-2026-1399,CAND-2026-2450,REQ-2026-QUA-G3,Structured Interview B,APD-INT-019,Cross-functional Panelist,2026-03-07,2026-03-09,46.0,Yes,3.2,3.8,3.2,3.6,3.45,Independent follow-up evidence locked before panel release
INT-2026-1400,CAND-2026-2450,REQ-2026-QUA-G3,Calibration Review,APD-INT-020,Talent Acquisition Partner,2026-03-09,2026-03-10,20.0,Yes,3.2,3.8,3.2,3.6,3.45,Composite and decision evidence reviewed in calibration
INT-2026-1401,CAND-2026-2451,REQ-2026-QUA-G3,Work Sample Review,APD-INT-021,Technical Assessor,2026-02-25,2026-02-27,31.0,Yes,3.5,3.2,3.9,3.8,3.60,Work sample evidence recorded against the controlled scoring key
INT-2026-1402,CAND-2026-2451,REQ-2026-QUA-G3,Structured Interview A,APD-INT-022,Hiring Manager,2026-02-27,2026-03-01,42.0,Yes,3.5,3.2,3.9,3.8,3.60,Behavioral evidence mapped to published BARS anchors
INT-2026-1403,CAND-2026-2451,REQ-2026-QUA-G3,Structured Interview B,APD-INT-023,Cross-functional Panelist,2026-03-01,2026-03-02,16.0,Yes,3.5,3.2,3.9,3.8,3.60,Independent follow-up evidence locked before panel release
INT-2026-1404,CAND-2026-2451,REQ-2026-QUA-G3,Calibration Review,APD-INT-024,Talent Acquisition Partner,2026-03-03,2026-03-05,27.0,Yes,3.5,3.2,3.9,3.8,3.60,Composite and decision evidence reviewed in calibration
INT-2026-1405,CAND-2026-2452,REQ-2026-QUA-G3,Work Sample Review,APD-INT-025,Technical Assessor,2026-02-19,2026-02-21,38.0,Yes,3.8,3.7,3.6,4.0,3.78,Work sample evidence recorded against the controlled scoring key
INT-2026-1406,CAND-2026-2452,REQ-2026-QUA-G3,Structured Interview A,APD-INT-026,Hiring Manager,2026-02-21,2026-02-24,51.0,No,3.8,3.7,3.6,4.0,3.78,Behavioral evidence mapped to published BARS anchors
INT-2026-1407,CAND-2026-2452,REQ-2026-QUA-G3,Structured Interview B,APD-INT-027,Cross-functional Panelist,2026-02-23,2026-02-26,58.0,No,3.8,3.7,3.6,4.0,3.78,Independent follow-up evidence locked before panel release
INT-2026-1408,CAND-2026-2452,REQ-2026-QUA-G3,Calibration Review,APD-INT-028,Talent Acquisition Partner,2026-02-25,2026-02-28,65.0,No,3.8,3.7,3.6,4.0,3.78,Composite and decision evidence reviewed in calibration
INT-2026-1409,CAND-2026-2453,REQ-2026-QUA-G3,Work Sample Review,APD-INT-029,Technical Assessor,2026-02-26,2026-03-01,72.0,No,4.1,3.1,3.3,3.1,3.40,Work sample evidence recorded against the controlled scoring key
INT-2026-1410,CAND-2026-2453,REQ-2026-QUA-G3,Structured Interview A,APD-INT-030,Hiring Manager,2026-02-28,2026-03-01,19.0,Yes,4.1,3.1,3.3,3.1,3.40,Behavioral evidence mapped to published BARS anchors
INT-2026-1411,CAND-2026-2453,REQ-2026-QUA-G3,Structured Interview B,APD-INT-031,Cross-functional Panelist,2026-03-02,2026-03-04,30.0,Yes,4.1,3.1,3.3,3.1,3.40,Independent follow-up evidence locked before panel release
INT-2026-1412,CAND-2026-2453,REQ-2026-QUA-G3,Calibration Review,APD-INT-032,Talent Acquisition Partner,2026-03-04,2026-03-06,41.0,Yes,4.1,3.1,3.3,3.1,3.40,Composite and decision evidence reviewed in calibration
INT-2026-1413,CAND-2026-2454,REQ-2026-QUA-G3,Work Sample Review,APD-INT-033,Technical Assessor,2026-02-20,2026-02-21,15.0,Yes,3.4,3.6,4.0,3.3,3.58,Work sample evidence recorded against the controlled scoring key
INT-2026-1414,CAND-2026-2454,REQ-2026-QUA-G3,Structured Interview A,APD-INT-034,Hiring Manager,2026-02-22,2026-02-24,26.0,Yes,3.4,3.6,4.0,3.3,3.58,Behavioral evidence mapped to published BARS anchors
INT-2026-1415,CAND-2026-2454,REQ-2026-QUA-G3,Structured Interview B,APD-INT-035,Cross-functional Panelist,2026-02-24,2026-02-26,37.0,Yes,3.4,3.6,4.0,3.3,3.58,Independent follow-up evidence locked before panel release
INT-2026-1416,CAND-2026-2454,REQ-2026-QUA-G3,Calibration Review,APD-INT-036,Talent Acquisition Partner,2026-02-26,2026-02-28,48.0,Yes,3.4,3.6,4.0,3.3,3.58,Composite and decision evidence reviewed in calibration
INT-2026-1417,CAND-2026-2455,REQ-2026-QUA-G3,Work Sample Review,APD-INT-037,Technical Assessor,2026-02-27,2026-02-28,22.0,Yes,3.7,4.1,3.7,3.5,3.75,Work sample evidence recorded against the controlled scoring key
INT-2026-1418,CAND-2026-2455,REQ-2026-QUA-G3,Structured Interview A,APD-INT-038,Hiring Manager,2026-03-01,2026-03-03,33.0,Yes,3.7,4.1,3.7,3.5,3.75,Behavioral evidence mapped to published BARS anchors
INT-2026-1419,CAND-2026-2455,REQ-2026-QUA-G3,Structured Interview B,APD-INT-039,Cross-functional Panelist,2026-03-03,2026-03-05,44.0,Yes,3.7,4.1,3.7,3.5,3.75,Independent follow-up evidence locked before panel release
INT-2026-1420,CAND-2026-2455,REQ-2026-QUA-G3,Calibration Review,APD-INT-040,Talent Acquisition Partner,2026-03-05,2026-03-06,18.0,Yes,3.7,4.1,3.7,3.5,3.75,Composite and decision evidence reviewed in calibration
INT-2026-1421,CAND-2026-2456,REQ-2026-QUA-G3,Work Sample Review,APD-INT-041,Technical Assessor,2026-02-21,2026-02-23,29.0,Yes,4.0,3.5,3.4,3.7,3.65,Work sample evidence recorded against the controlled scoring key
INT-2026-1422,CAND-2026-2456,REQ-2026-QUA-G3,Structured Interview A,APD-INT-042,Hiring Manager,2026-02-23,2026-02-25,40.0,Yes,4.0,3.5,3.4,3.7,3.65,Behavioral evidence mapped to published BARS anchors
INT-2026-1423,CAND-2026-2456,REQ-2026-QUA-G3,Structured Interview B,APD-INT-043,Cross-functional Panelist,2026-02-25,2026-02-26,14.0,Yes,4.0,3.5,3.4,3.7,3.65,Independent follow-up evidence locked before panel release
INT-2026-1424,CAND-2026-2456,REQ-2026-QUA-G3,Calibration Review,APD-INT-044,Talent Acquisition Partner,2026-02-27,2026-03-01,25.0,Yes,4.0,3.5,3.4,3.7,3.65,Composite and decision evidence reviewed in calibration
INT-2026-1425,CAND-2026-2457,REQ-2026-QUA-G3,Work Sample Review,APD-INT-045,Technical Assessor,2026-02-28,2026-03-02,36.0,Yes,3.3,4.0,4.1,3.9,3.83,Work sample evidence recorded against the controlled scoring key
INT-2026-1426,CAND-2026-2457,REQ-2026-QUA-G3,Structured Interview A,APD-INT-046,Hiring Manager,2026-03-02,2026-03-04,47.0,Yes,3.3,4.0,4.1,3.9,3.83,Behavioral evidence mapped to published BARS anchors
INT-2026-1427,CAND-2026-2457,REQ-2026-QUA-G3,Structured Interview B,APD-INT-047,Cross-functional Panelist,2026-03-04,2026-03-05,21.0,Yes,3.3,4.0,4.1,3.9,3.83,Independent follow-up evidence locked before panel release
INT-2026-1428,CAND-2026-2457,REQ-2026-QUA-G3,Calibration Review,APD-INT-048,Talent Acquisition Partner,2026-03-06,2026-03-08,32.0,Yes,3.3,4.0,4.1,3.9,3.83,Composite and decision evidence reviewed in calibration
INT-2026-1429,CAND-2026-2458,REQ-2026-QUA-G3,Work Sample Review,APD-INT-049,Technical Assessor,2026-02-22,2026-02-24,43.0,Yes,3.6,3.4,3.8,4.1,3.73,Work sample evidence recorded against the controlled scoring key
INT-2026-1430,CAND-2026-2458,REQ-2026-QUA-G3,Structured Interview A,APD-INT-050,Hiring Manager,2026-02-24,2026-02-25,17.0,Yes,3.6,3.4,3.8,4.1,3.73,Behavioral evidence mapped to published BARS anchors
INT-2026-1431,CAND-2026-2458,REQ-2026-QUA-G3,Structured Interview B,APD-INT-051,Cross-functional Panelist,2026-02-26,2026-02-28,28.0,Yes,3.6,3.4,3.8,4.1,3.73,Independent follow-up evidence locked before panel release
INT-2026-1432,CAND-2026-2458,REQ-2026-QUA-G3,Calibration Review,APD-INT-052,Talent Acquisition Partner,2026-02-28,2026-03-02,39.0,Yes,3.6,3.4,3.8,4.1,3.73,Composite and decision evidence reviewed in calibration
INT-2026-1433,CAND-2026-2459,REQ-2026-QUA-G3,Work Sample Review,APD-INT-053,Technical Assessor,2026-03-01,2026-03-02,13.0,Yes,3.9,3.9,3.5,3.2,3.63,Work sample evidence recorded against the controlled scoring key
INT-2026-1434,CAND-2026-2459,REQ-2026-QUA-G3,Structured Interview A,APD-INT-054,Hiring Manager,2026-03-03,2026-03-04,24.0,Yes,3.9,3.9,3.5,3.2,3.63,Behavioral evidence mapped to published BARS anchors
INT-2026-1435,CAND-2026-2459,REQ-2026-QUA-G3,Structured Interview B,APD-INT-055,Cross-functional Panelist,2026-03-05,2026-03-07,35.0,Yes,3.9,3.9,3.5,3.2,3.63,Independent follow-up evidence locked before panel release
INT-2026-1436,CAND-2026-2459,REQ-2026-QUA-G3,Calibration Review,APD-INT-056,Talent Acquisition Partner,2026-03-07,2026-03-09,46.0,Yes,3.9,3.9,3.5,3.2,3.63,Composite and decision evidence reviewed in calibration
INT-2026-1437,CAND-2026-2460,REQ-2026-QUA-G3,Work Sample Review,APD-INT-057,Technical Assessor,2026-02-23,2026-02-24,20.0,Yes,3.2,3.3,3.2,3.4,3.28,Work sample evidence recorded against the controlled scoring key
INT-2026-1438,CAND-2026-2460,REQ-2026-QUA-G3,Structured Interview A,APD-INT-058,Hiring Manager,2026-02-25,2026-02-27,31.0,Yes,3.2,3.3,3.2,3.4,3.28,Behavioral evidence mapped to published BARS anchors
INT-2026-1439,CAND-2026-2460,REQ-2026-QUA-G3,Structured Interview B,APD-INT-059,Cross-functional Panelist,2026-02-27,2026-03-01,42.0,Yes,3.2,3.3,3.2,3.4,3.28,Independent follow-up evidence locked before panel release
INT-2026-1440,CAND-2026-2460,REQ-2026-QUA-G3,Calibration Review,APD-INT-060,Talent Acquisition Partner,2026-03-01,2026-03-02,16.0,Yes,3.2,3.3,3.2,3.4,3.28,Composite and decision evidence reviewed in calibration
INT-2026-1441,CAND-2026-2461,REQ-2026-QUA-G3,Work Sample Review,APD-INT-001,Technical Assessor,2026-03-02,2026-03-04,27.0,Yes,3.5,3.8,3.9,3.6,3.70,Work sample evidence recorded against the controlled scoring key
INT-2026-1442,CAND-2026-2461,REQ-2026-QUA-G3,Structured Interview A,APD-INT-002,Hiring Manager,2026-03-04,2026-03-06,38.0,Yes,3.5,3.8,3.9,3.6,3.70,Behavioral evidence mapped to published BARS anchors
INT-2026-1443,CAND-2026-2461,REQ-2026-QUA-G3,Structured Interview B,APD-INT-003,Cross-functional Panelist,2026-03-06,2026-03-07,12.0,Yes,3.5,3.8,3.9,3.6,3.70,Independent follow-up evidence locked before panel release
INT-2026-1444,CAND-2026-2461,REQ-2026-QUA-G3,Calibration Review,APD-INT-004,Talent Acquisition Partner,2026-03-08,2026-03-09,23.0,Yes,3.5,3.8,3.9,3.6,3.70,Composite and decision evidence reviewed in calibration
INT-2026-1445,CAND-2026-2462,REQ-2026-QUA-G3,Work Sample Review,APD-INT-005,Technical Assessor,2026-02-24,2026-02-26,34.0,Yes,3.8,3.2,3.6,3.8,3.60,Work sample evidence recorded against the controlled scoring key
INT-2026-1446,CAND-2026-2462,REQ-2026-QUA-G3,Structured Interview A,APD-INT-006,Hiring Manager,2026-02-26,2026-02-28,45.0,Yes,3.8,3.2,3.6,3.8,3.60,Behavioral evidence mapped to published BARS anchors
INT-2026-1447,CAND-2026-2462,REQ-2026-QUA-G3,Structured Interview B,APD-INT-007,Cross-functional Panelist,2026-02-28,2026-03-01,19.0,Yes,3.8,3.2,3.6,3.8,3.60,Independent follow-up evidence locked before panel release
INT-2026-1448,CAND-2026-2462,REQ-2026-QUA-G3,Calibration Review,APD-INT-008,Talent Acquisition Partner,2026-03-02,2026-03-04,30.0,Yes,3.8,3.2,3.6,3.8,3.60,Composite and decision evidence reviewed in calibration
INT-2026-1449,CAND-2026-2463,REQ-2026-QUA-G3,Work Sample Review,APD-INT-009,Technical Assessor,2026-03-03,2026-03-05,41.0,Yes,4.1,3.7,3.3,4.0,3.78,Work sample evidence recorded against the controlled scoring key
INT-2026-1450,CAND-2026-2463,REQ-2026-QUA-G3,Structured Interview A,APD-INT-010,Hiring Manager,2026-03-05,2026-03-06,15.0,Yes,4.1,3.7,3.3,4.0,3.78,Behavioral evidence mapped to published BARS anchors
INT-2026-1451,CAND-2026-2463,REQ-2026-QUA-G3,Structured Interview B,APD-INT-011,Cross-functional Panelist,2026-03-07,2026-03-09,26.0,Yes,4.1,3.7,3.3,4.0,3.78,Independent follow-up evidence locked before panel release
INT-2026-1452,CAND-2026-2463,REQ-2026-QUA-G3,Calibration Review,APD-INT-012,Talent Acquisition Partner,2026-03-09,2026-03-11,37.0,Yes,4.1,3.7,3.3,4.0,3.78,Composite and decision evidence reviewed in calibration
INT-2026-1453,CAND-2026-2464,REQ-2026-QUA-G3,Work Sample Review,APD-INT-013,Technical Assessor,2026-02-25,2026-02-27,48.0,Yes,3.4,3.1,4.0,3.1,3.40,Work sample evidence recorded against the controlled scoring key
INT-2026-1454,CAND-2026-2464,REQ-2026-QUA-G3,Structured Interview A,APD-INT-014,Hiring Manager,2026-02-27,2026-02-28,22.0,Yes,3.4,3.1,4.0,3.1,3.40,Behavioral evidence mapped to published BARS anchors
INT-2026-1455,CAND-2026-2464,REQ-2026-QUA-G3,Structured Interview B,APD-INT-015,Cross-functional Panelist,2026-03-01,2026-03-03,33.0,Yes,3.4,3.1,4.0,3.1,3.40,Independent follow-up evidence locked before panel release
INT-2026-1456,CAND-2026-2464,REQ-2026-QUA-G3,Calibration Review,APD-INT-016,Talent Acquisition Partner,2026-03-03,2026-03-05,44.0,Yes,3.4,3.1,4.0,3.1,3.40,Composite and decision evidence reviewed in calibration
INT-2026-1457,CAND-2026-2465,REQ-2026-QUA-G3,Work Sample Review,APD-INT-017,Technical Assessor,2026-02-19,2026-02-20,18.0,Yes,3.7,3.6,3.7,3.3,3.58,Work sample evidence recorded against the controlled scoring key
INT-2026-1458,CAND-2026-2465,REQ-2026-QUA-G3,Structured Interview A,APD-INT-018,Hiring Manager,2026-02-21,2026-02-23,29.0,Yes,3.7,3.6,3.7,3.3,3.58,Behavioral evidence mapped to published BARS anchors
INT-2026-1459,CAND-2026-2465,REQ-2026-QUA-G3,Structured Interview B,APD-INT-019,Cross-functional Panelist,2026-02-23,2026-02-25,40.0,Yes,3.7,3.6,3.7,3.3,3.58,Independent follow-up evidence locked before panel release
INT-2026-1460,CAND-2026-2465,REQ-2026-QUA-G3,Calibration Review,APD-INT-020,Talent Acquisition Partner,2026-02-25,2026-02-28,69.0,No,3.7,3.6,3.7,3.3,3.58,Composite and decision evidence reviewed in calibration
INT-2026-1461,CAND-2026-2466,REQ-2026-QUA-G3,Work Sample Review,APD-INT-021,Technical Assessor,2026-02-26,2026-03-01,52.0,No,4.0,4.1,3.4,3.5,3.75,Work sample evidence recorded against the controlled scoring key
INT-2026-1462,CAND-2026-2466,REQ-2026-QUA-G3,Structured Interview A,APD-INT-022,Hiring Manager,2026-02-28,2026-03-03,59.0,No,4.0,4.1,3.4,3.5,3.75,Behavioral evidence mapped to published BARS anchors
INT-2026-1463,CAND-2026-2466,REQ-2026-QUA-G3,Structured Interview B,APD-INT-023,Cross-functional Panelist,2026-03-02,2026-03-05,66.0,No,4.0,4.1,3.4,3.5,3.75,Independent follow-up evidence locked before panel release
INT-2026-1464,CAND-2026-2466,REQ-2026-QUA-G3,Calibration Review,APD-INT-024,Talent Acquisition Partner,2026-03-04,2026-03-05,21.0,Yes,4.0,4.1,3.4,3.5,3.75,Composite and decision evidence reviewed in calibration
INT-2026-1465,CAND-2026-2467,REQ-2026-QUA-G3,Work Sample Review,APD-INT-025,Technical Assessor,2026-02-20,2026-02-22,32.0,Yes,3.3,3.5,4.1,3.7,3.65,Work sample evidence recorded against the controlled scoring key
INT-2026-1466,CAND-2026-2467,REQ-2026-QUA-G3,Structured Interview A,APD-INT-026,Hiring Manager,2026-02-22,2026-02-24,43.0,Yes,3.3,3.5,4.1,3.7,3.65,Behavioral evidence mapped to published BARS anchors
INT-2026-1467,CAND-2026-2467,REQ-2026-QUA-G3,Structured Interview B,APD-INT-027,Cross-functional Panelist,2026-02-24,2026-02-25,17.0,Yes,3.3,3.5,4.1,3.7,3.65,Independent follow-up evidence locked before panel release
INT-2026-1468,CAND-2026-2467,REQ-2026-QUA-G3,Calibration Review,APD-INT-028,Talent Acquisition Partner,2026-02-26,2026-02-28,28.0,Yes,3.3,3.5,4.1,3.7,3.65,Composite and decision evidence reviewed in calibration
INT-2026-1469,CAND-2026-2468,REQ-2026-QUA-G3,Work Sample Review,APD-INT-029,Technical Assessor,2026-02-27,2026-03-01,39.0,Yes,3.6,4.0,3.8,3.9,3.83,Work sample evidence recorded against the controlled scoring key
INT-2026-1470,CAND-2026-2468,REQ-2026-QUA-G3,Structured Interview A,APD-INT-030,Hiring Manager,2026-03-01,2026-03-02,13.0,Yes,3.6,4.0,3.8,3.9,3.83,Behavioral evidence mapped to published BARS anchors
INT-2026-1471,CAND-2026-2468,REQ-2026-QUA-G3,Structured Interview B,APD-INT-031,Cross-functional Panelist,2026-03-03,2026-03-04,24.0,Yes,3.6,4.0,3.8,3.9,3.83,Independent follow-up evidence locked before panel release
INT-2026-1472,CAND-2026-2468,REQ-2026-QUA-G3,Calibration Review,APD-INT-032,Talent Acquisition Partner,2026-03-05,2026-03-07,35.0,Yes,3.6,4.0,3.8,3.9,3.83,Composite and decision evidence reviewed in calibration
INT-2026-1473,CAND-2026-2469,REQ-2026-QUA-G3,Work Sample Review,APD-INT-033,Technical Assessor,2026-02-21,2026-02-23,46.0,Yes,3.9,3.4,3.5,4.1,3.73,Work sample evidence recorded against the controlled scoring key
INT-2026-1474,CAND-2026-2469,REQ-2026-QUA-G3,Structured Interview A,APD-INT-034,Hiring Manager,2026-02-23,2026-02-24,20.0,Yes,3.9,3.4,3.5,4.1,3.73,Behavioral evidence mapped to published BARS anchors
INT-2026-1475,CAND-2026-2469,REQ-2026-QUA-G3,Structured Interview B,APD-INT-035,Cross-functional Panelist,2026-02-25,2026-02-27,31.0,Yes,3.9,3.4,3.5,4.1,3.73,Independent follow-up evidence locked before panel release
INT-2026-1476,CAND-2026-2469,REQ-2026-QUA-G3,Calibration Review,APD-INT-036,Talent Acquisition Partner,2026-02-27,2026-03-01,42.0,Yes,3.9,3.4,3.5,4.1,3.73,Composite and decision evidence reviewed in calibration
INT-2026-1477,CAND-2026-2470,REQ-2026-QUA-G3,Work Sample Review,APD-INT-037,Technical Assessor,2026-02-28,2026-03-01,16.0,Yes,3.2,3.9,3.2,3.2,3.38,Work sample evidence recorded against the controlled scoring key
INT-2026-1478,CAND-2026-2470,REQ-2026-QUA-G3,Structured Interview A,APD-INT-038,Hiring Manager,2026-03-02,2026-03-04,27.0,Yes,3.2,3.9,3.2,3.2,3.38,Behavioral evidence mapped to published BARS anchors
INT-2026-1479,CAND-2026-2470,REQ-2026-QUA-G3,Structured Interview B,APD-INT-039,Cross-functional Panelist,2026-03-04,2026-03-06,38.0,Yes,3.2,3.9,3.2,3.2,3.38,Independent follow-up evidence locked before panel release
INT-2026-1480,CAND-2026-2470,REQ-2026-QUA-G3,Calibration Review,APD-INT-040,Talent Acquisition Partner,2026-03-06,2026-03-07,12.0,Yes,3.2,3.9,3.2,3.2,3.38,Composite and decision evidence reviewed in calibration
INT-2026-1481,CAND-2026-2471,REQ-2026-QUA-G3,Work Sample Review,APD-INT-041,Technical Assessor,2026-02-22,2026-02-23,23.0,Yes,3.5,3.3,3.9,3.4,3.53,Work sample evidence recorded against the controlled scoring key
INT-2026-1482,CAND-2026-2471,REQ-2026-QUA-G3,Structured Interview A,APD-INT-042,Hiring Manager,2026-02-24,2026-02-26,34.0,Yes,3.5,3.3,3.9,3.4,3.53,Behavioral evidence mapped to published BARS anchors
INT-2026-1483,CAND-2026-2471,REQ-2026-QUA-G3,Structured Interview B,APD-INT-043,Cross-functional Panelist,2026-02-26,2026-02-28,45.0,Yes,3.5,3.3,3.9,3.4,3.53,Independent follow-up evidence locked before panel release
INT-2026-1484,CAND-2026-2471,REQ-2026-QUA-G3,Calibration Review,APD-INT-044,Talent Acquisition Partner,2026-02-28,2026-03-01,19.0,Yes,3.5,3.3,3.9,3.4,3.53,Composite and decision evidence reviewed in calibration
INT-2026-1485,CAND-2026-2472,REQ-2026-QUA-G3,Work Sample Review,APD-INT-045,Technical Assessor,2026-03-01,2026-03-03,30.0,Yes,3.8,3.8,3.6,3.6,3.70,Work sample evidence recorded against the controlled scoring key
INT-2026-1486,CAND-2026-2472,REQ-2026-QUA-G3,Structured Interview A,APD-INT-046,Hiring Manager,2026-03-03,2026-03-05,41.0,Yes,3.8,3.8,3.6,3.6,3.70,Behavioral evidence mapped to published BARS anchors
INT-2026-1487,CAND-2026-2472,REQ-2026-QUA-G3,Structured Interview B,APD-INT-047,Cross-functional Panelist,2026-03-05,2026-03-06,15.0,Yes,3.8,3.8,3.6,3.6,3.70,Independent follow-up evidence locked before panel release
INT-2026-1488,CAND-2026-2472,REQ-2026-QUA-G3,Calibration Review,APD-INT-048,Talent Acquisition Partner,2026-03-07,2026-03-09,26.0,Yes,3.8,3.8,3.6,3.6,3.70,Composite and decision evidence reviewed in calibration
INT-2026-1489,CAND-2026-2473,REQ-2026-QUA-G3,Work Sample Review,APD-INT-049,Technical Assessor,2026-02-23,2026-02-25,37.0,Yes,4.1,3.2,3.3,3.8,3.60,Work sample evidence recorded against the controlled scoring key
INT-2026-1490,CAND-2026-2473,REQ-2026-QUA-G3,Structured Interview A,APD-INT-050,Hiring Manager,2026-02-25,2026-02-27,48.0,Yes,4.1,3.2,3.3,3.8,3.60,Behavioral evidence mapped to published BARS anchors
INT-2026-1491,CAND-2026-2473,REQ-2026-QUA-G3,Structured Interview B,APD-INT-051,Cross-functional Panelist,2026-02-27,2026-02-28,22.0,Yes,4.1,3.2,3.3,3.8,3.60,Independent follow-up evidence locked before panel release
INT-2026-1492,CAND-2026-2473,REQ-2026-QUA-G3,Calibration Review,APD-INT-052,Talent Acquisition Partner,2026-03-01,2026-03-03,33.0,Yes,4.1,3.2,3.3,3.8,3.60,Composite and decision evidence reviewed in calibration
INT-2026-1493,CAND-2026-2474,REQ-2026-QUA-G3,Work Sample Review,APD-INT-053,Technical Assessor,2026-03-02,2026-03-04,44.0,Yes,3.4,3.7,4.0,4.0,3.78,Work sample evidence recorded against the controlled scoring key
INT-2026-1494,CAND-2026-2474,REQ-2026-QUA-G3,Structured Interview A,APD-INT-054,Hiring Manager,2026-03-04,2026-03-05,18.0,Yes,3.4,3.7,4.0,4.0,3.78,Behavioral evidence mapped to published BARS anchors
INT-2026-1495,CAND-2026-2474,REQ-2026-QUA-G3,Structured Interview B,APD-INT-055,Cross-functional Panelist,2026-03-06,2026-03-08,29.0,Yes,3.4,3.7,4.0,4.0,3.78,Independent follow-up evidence locked before panel release
INT-2026-1496,CAND-2026-2474,REQ-2026-QUA-G3,Calibration Review,APD-INT-056,Talent Acquisition Partner,2026-03-08,2026-03-10,40.0,Yes,3.4,3.7,4.0,4.0,3.78,Composite and decision evidence reviewed in calibration
INT-2026-1497,CAND-2026-2475,REQ-2026-QUA-G3,Work Sample Review,APD-INT-057,Technical Assessor,2026-02-24,2026-02-25,14.0,Yes,3.7,3.1,3.7,3.1,3.40,Work sample evidence recorded against the controlled scoring key
INT-2026-1498,CAND-2026-2475,REQ-2026-QUA-G3,Structured Interview A,APD-INT-058,Hiring Manager,2026-02-26,2026-02-28,25.0,Yes,3.7,3.1,3.7,3.1,3.40,Behavioral evidence mapped to published BARS anchors
INT-2026-1499,CAND-2026-2475,REQ-2026-QUA-G3,Structured Interview B,APD-INT-059,Cross-functional Panelist,2026-02-28,2026-03-02,36.0,Yes,3.7,3.1,3.7,3.1,3.40,Independent follow-up evidence locked before panel release
INT-2026-1500,CAND-2026-2475,REQ-2026-QUA-G3,Calibration Review,APD-INT-060,Talent Acquisition Partner,2026-03-02,2026-03-04,47.0,Yes,3.7,3.1,3.7,3.1,3.40,Composite and decision evidence reviewed in calibration
INT-2026-1501,CAND-2026-3001,REQ-2026-PNC-G2,Work Sample Review,APD-INT-001,Technical Assessor,2026-02-09,2026-02-10,21.0,Yes,4.5,4.6,4.7,4.8,4.65,Work sample evidence recorded against the controlled scoring key
INT-2026-1502,CAND-2026-3001,REQ-2026-PNC-G2,Structured Interview A,APD-INT-002,Hiring Manager,2026-02-11,2026-02-13,32.0,Yes,4.5,4.6,4.7,4.8,4.65,Behavioral evidence mapped to published BARS anchors
INT-2026-1503,CAND-2026-3001,REQ-2026-PNC-G2,Structured Interview B,APD-INT-003,Cross-functional Panelist,2026-02-13,2026-02-15,43.0,Yes,4.5,4.6,4.7,4.8,4.65,Independent follow-up evidence locked before panel release
INT-2026-1504,CAND-2026-3001,REQ-2026-PNC-G2,Calibration Review,APD-INT-004,Talent Acquisition Partner,2026-02-15,2026-02-16,17.0,Yes,4.5,4.6,4.7,4.8,4.65,Composite and decision evidence reviewed in calibration
INT-2026-1505,CAND-2026-3002,REQ-2026-PNC-G2,Work Sample Review,APD-INT-005,Technical Assessor,2026-02-03,2026-02-05,28.0,Yes,4.6,4.7,4.8,4.4,4.63,Work sample evidence recorded against the controlled scoring key
INT-2026-1506,CAND-2026-3002,REQ-2026-PNC-G2,Structured Interview A,APD-INT-006,Hiring Manager,2026-02-05,2026-02-07,39.0,Yes,4.6,4.7,4.8,4.4,4.63,Behavioral evidence mapped to published BARS anchors
INT-2026-1507,CAND-2026-3002,REQ-2026-PNC-G2,Structured Interview B,APD-INT-007,Cross-functional Panelist,2026-02-07,2026-02-08,13.0,Yes,4.6,4.7,4.8,4.4,4.63,Independent follow-up evidence locked before panel release
INT-2026-1508,CAND-2026-3002,REQ-2026-PNC-G2,Calibration Review,APD-INT-008,Talent Acquisition Partner,2026-02-09,2026-02-10,24.0,Yes,4.6,4.7,4.8,4.4,4.63,Composite and decision evidence reviewed in calibration
INT-2026-1509,CAND-2026-3003,REQ-2026-PNC-G2,Work Sample Review,APD-INT-009,Technical Assessor,2026-02-10,2026-02-12,35.0,Yes,4.7,4.8,4.4,4.5,4.60,Work sample evidence recorded against the controlled scoring key
INT-2026-1510,CAND-2026-3003,REQ-2026-PNC-G2,Structured Interview A,APD-INT-010,Hiring Manager,2026-02-12,2026-02-14,46.0,Yes,4.7,4.8,4.4,4.5,4.60,Behavioral evidence mapped to published BARS anchors
INT-2026-1511,CAND-2026-3003,REQ-2026-PNC-G2,Structured Interview B,APD-INT-011,Cross-functional Panelist,2026-02-14,2026-02-15,20.0,Yes,4.7,4.8,4.4,4.5,4.60,Independent follow-up evidence locked before panel release
INT-2026-1512,CAND-2026-3003,REQ-2026-PNC-G2,Calibration Review,APD-INT-012,Talent Acquisition Partner,2026-02-16,2026-02-18,31.0,Yes,4.7,4.8,4.4,4.5,4.60,Composite and decision evidence reviewed in calibration
INT-2026-1513,CAND-2026-3004,REQ-2026-PNC-G2,Work Sample Review,APD-INT-013,Technical Assessor,2026-02-04,2026-02-06,42.0,Yes,4.5,4.6,4.7,4.8,4.65,Work sample evidence recorded against the controlled scoring key
INT-2026-1514,CAND-2026-3004,REQ-2026-PNC-G2,Structured Interview A,APD-INT-014,Hiring Manager,2026-02-06,2026-02-09,63.0,No,4.5,4.6,4.7,4.8,4.65,Behavioral evidence mapped to published BARS anchors
INT-2026-1515,CAND-2026-3004,REQ-2026-PNC-G2,Structured Interview B,APD-INT-015,Cross-functional Panelist,2026-02-08,2026-02-11,70.0,No,4.5,4.6,4.7,4.8,4.65,Independent follow-up evidence locked before panel release
INT-2026-1516,CAND-2026-3004,REQ-2026-PNC-G2,Calibration Review,APD-INT-016,Talent Acquisition Partner,2026-02-10,2026-02-13,53.0,No,4.5,4.6,4.7,4.8,4.65,Composite and decision evidence reviewed in calibration
INT-2026-1517,CAND-2026-3005,REQ-2026-PNC-G2,Work Sample Review,APD-INT-017,Technical Assessor,2026-02-11,2026-02-14,60.0,No,4.6,4.7,4.8,4.4,4.63,Work sample evidence recorded against the controlled scoring key
INT-2026-1518,CAND-2026-3005,REQ-2026-PNC-G2,Structured Interview A,APD-INT-018,Hiring Manager,2026-02-13,2026-02-14,23.0,Yes,4.6,4.7,4.8,4.4,4.63,Behavioral evidence mapped to published BARS anchors
INT-2026-1519,CAND-2026-3005,REQ-2026-PNC-G2,Structured Interview B,APD-INT-019,Cross-functional Panelist,2026-02-15,2026-02-17,34.0,Yes,4.6,4.7,4.8,4.4,4.63,Independent follow-up evidence locked before panel release
INT-2026-1520,CAND-2026-3005,REQ-2026-PNC-G2,Calibration Review,APD-INT-020,Talent Acquisition Partner,2026-02-17,2026-02-19,45.0,Yes,4.6,4.7,4.8,4.4,4.63,Composite and decision evidence reviewed in calibration
INT-2026-1521,CAND-2026-3006,REQ-2026-PNC-G2,Work Sample Review,APD-INT-021,Technical Assessor,2026-02-05,2026-02-06,19.0,Yes,4.8,4.4,4.5,4.6,4.58,Work sample evidence recorded against the controlled scoring key
INT-2026-1522,CAND-2026-3006,REQ-2026-PNC-G2,Structured Interview A,APD-INT-022,Hiring Manager,2026-02-07,2026-02-09,30.0,Yes,4.8,4.4,4.5,4.6,4.58,Behavioral evidence mapped to published BARS anchors
INT-2026-1523,CAND-2026-3006,REQ-2026-PNC-G2,Structured Interview B,APD-INT-023,Cross-functional Panelist,2026-02-09,2026-02-11,41.0,Yes,4.8,4.4,4.5,4.6,4.58,Independent follow-up evidence locked before panel release
INT-2026-1524,CAND-2026-3006,REQ-2026-PNC-G2,Calibration Review,APD-INT-024,Talent Acquisition Partner,2026-02-11,2026-02-12,15.0,Yes,4.8,4.4,4.5,4.6,4.58,Composite and decision evidence reviewed in calibration
INT-2026-1525,CAND-2026-3007,REQ-2026-PNC-G2,Work Sample Review,APD-INT-025,Technical Assessor,2026-02-12,2026-02-14,26.0,Yes,4.4,4.5,4.6,4.7,4.55,Work sample evidence recorded against the controlled scoring key
INT-2026-1526,CAND-2026-3007,REQ-2026-PNC-G2,Structured Interview A,APD-INT-026,Hiring Manager,2026-02-14,2026-02-16,37.0,Yes,4.4,4.5,4.6,4.7,4.55,Behavioral evidence mapped to published BARS anchors
INT-2026-1527,CAND-2026-3007,REQ-2026-PNC-G2,Structured Interview B,APD-INT-027,Cross-functional Panelist,2026-02-16,2026-02-18,48.0,Yes,4.4,4.5,4.6,4.7,4.55,Independent follow-up evidence locked before panel release
INT-2026-1528,CAND-2026-3007,REQ-2026-PNC-G2,Calibration Review,APD-INT-028,Talent Acquisition Partner,2026-02-18,2026-02-19,22.0,Yes,4.4,4.5,4.6,4.7,4.55,Composite and decision evidence reviewed in calibration
INT-2026-1529,CAND-2026-3008,REQ-2026-PNC-G2,Work Sample Review,APD-INT-029,Technical Assessor,2026-02-06,2026-02-08,33.0,Yes,4.5,4.6,4.7,4.8,4.65,Work sample evidence recorded against the controlled scoring key
INT-2026-1530,CAND-2026-3008,REQ-2026-PNC-G2,Structured Interview A,APD-INT-030,Hiring Manager,2026-02-08,2026-02-10,44.0,Yes,4.5,4.6,4.7,4.8,4.65,Behavioral evidence mapped to published BARS anchors
INT-2026-1531,CAND-2026-3008,REQ-2026-PNC-G2,Structured Interview B,APD-INT-031,Cross-functional Panelist,2026-02-10,2026-02-11,18.0,Yes,4.5,4.6,4.7,4.8,4.65,Independent follow-up evidence locked before panel release
INT-2026-1532,CAND-2026-3008,REQ-2026-PNC-G2,Calibration Review,APD-INT-032,Talent Acquisition Partner,2026-02-12,2026-02-14,29.0,Yes,4.5,4.6,4.7,4.8,4.65,Composite and decision evidence reviewed in calibration
INT-2026-1533,CAND-2026-3009,REQ-2026-PNC-G2,Work Sample Review,APD-INT-033,Technical Assessor,2026-02-13,2026-02-15,40.0,Yes,4.7,4.8,4.4,4.5,4.60,Work sample evidence recorded against the controlled scoring key
INT-2026-1534,CAND-2026-3009,REQ-2026-PNC-G2,Structured Interview A,APD-INT-034,Hiring Manager,2026-02-15,2026-02-16,14.0,Yes,4.7,4.8,4.4,4.5,4.60,Behavioral evidence mapped to published BARS anchors
INT-2026-1535,CAND-2026-3009,REQ-2026-PNC-G2,Structured Interview B,APD-INT-035,Cross-functional Panelist,2026-02-17,2026-02-19,25.0,Yes,4.7,4.8,4.4,4.5,4.60,Independent follow-up evidence locked before panel release
INT-2026-1536,CAND-2026-3009,REQ-2026-PNC-G2,Calibration Review,APD-INT-036,Talent Acquisition Partner,2026-02-19,2026-02-21,36.0,Yes,4.7,4.8,4.4,4.5,4.60,Composite and decision evidence reviewed in calibration
INT-2026-1537,CAND-2026-3010,REQ-2026-PNC-G2,Work Sample Review,APD-INT-037,Technical Assessor,2026-02-07,2026-02-09,47.0,Yes,4.8,4.4,4.5,4.6,4.58,Work sample evidence recorded against the controlled scoring key
INT-2026-1538,CAND-2026-3010,REQ-2026-PNC-G2,Structured Interview A,APD-INT-038,Hiring Manager,2026-02-09,2026-02-10,21.0,Yes,4.8,4.4,4.5,4.6,4.58,Behavioral evidence mapped to published BARS anchors
INT-2026-1539,CAND-2026-3010,REQ-2026-PNC-G2,Structured Interview B,APD-INT-039,Cross-functional Panelist,2026-02-11,2026-02-13,32.0,Yes,4.8,4.4,4.5,4.6,4.58,Independent follow-up evidence locked before panel release
INT-2026-1540,CAND-2026-3010,REQ-2026-PNC-G2,Calibration Review,APD-INT-040,Talent Acquisition Partner,2026-02-13,2026-02-15,43.0,Yes,4.8,4.4,4.5,4.6,4.58,Composite and decision evidence reviewed in calibration
INT-2026-1541,CAND-2026-3011,REQ-2026-PNC-G2,Work Sample Review,APD-INT-041,Technical Assessor,2026-02-14,2026-02-15,17.0,Yes,3.5,3.8,3.9,3.6,3.70,Work sample evidence recorded against the controlled scoring key
INT-2026-1542,CAND-2026-3011,REQ-2026-PNC-G2,Structured Interview A,APD-INT-042,Hiring Manager,2026-02-16,2026-02-18,28.0,Yes,3.5,3.8,3.9,3.6,3.70,Behavioral evidence mapped to published BARS anchors
INT-2026-1543,CAND-2026-3011,REQ-2026-PNC-G2,Structured Interview B,APD-INT-043,Cross-functional Panelist,2026-02-18,2026-02-20,39.0,Yes,3.5,3.8,3.9,3.6,3.70,Independent follow-up evidence locked before panel release
INT-2026-1544,CAND-2026-3011,REQ-2026-PNC-G2,Calibration Review,APD-INT-044,Talent Acquisition Partner,2026-02-20,2026-02-21,13.0,Yes,3.5,3.8,3.9,3.6,3.70,Composite and decision evidence reviewed in calibration
INT-2026-1545,CAND-2026-3012,REQ-2026-PNC-G2,Work Sample Review,APD-INT-045,Technical Assessor,2026-02-08,2026-02-09,24.0,Yes,3.8,3.2,3.6,3.8,3.60,Work sample evidence recorded against the controlled scoring key
INT-2026-1546,CAND-2026-3012,REQ-2026-PNC-G2,Structured Interview A,APD-INT-046,Hiring Manager,2026-02-10,2026-02-12,35.0,Yes,3.8,3.2,3.6,3.8,3.60,Behavioral evidence mapped to published BARS anchors
INT-2026-1547,CAND-2026-3012,REQ-2026-PNC-G2,Structured Interview B,APD-INT-047,Cross-functional Panelist,2026-02-12,2026-02-14,46.0,Yes,3.8,3.2,3.6,3.8,3.60,Independent follow-up evidence locked before panel release
INT-2026-1548,CAND-2026-3012,REQ-2026-PNC-G2,Calibration Review,APD-INT-048,Talent Acquisition Partner,2026-02-14,2026-02-15,20.0,Yes,3.8,3.2,3.6,3.8,3.60,Composite and decision evidence reviewed in calibration
INT-2026-1549,CAND-2026-3013,REQ-2026-PNC-G2,Work Sample Review,APD-INT-049,Technical Assessor,2026-02-02,2026-02-04,31.0,Yes,4.1,3.7,3.3,4.0,3.78,Work sample evidence recorded against the controlled scoring key
INT-2026-1550,CAND-2026-3013,REQ-2026-PNC-G2,Structured Interview A,APD-INT-050,Hiring Manager,2026-02-04,2026-02-06,42.0,Yes,4.1,3.7,3.3,4.0,3.78,Behavioral evidence mapped to published BARS anchors
INT-2026-1551,CAND-2026-3013,REQ-2026-PNC-G2,Structured Interview B,APD-INT-051,Cross-functional Panelist,2026-02-06,2026-02-07,16.0,Yes,4.1,3.7,3.3,4.0,3.78,Independent follow-up evidence locked before panel release
INT-2026-1552,CAND-2026-3013,REQ-2026-PNC-G2,Calibration Review,APD-INT-052,Talent Acquisition Partner,2026-02-08,2026-02-10,27.0,Yes,4.1,3.7,3.3,4.0,3.78,Composite and decision evidence reviewed in calibration
INT-2026-1553,CAND-2026-3014,REQ-2026-PNC-G2,Work Sample Review,APD-INT-053,Technical Assessor,2026-02-09,2026-02-11,38.0,Yes,3.4,3.1,4.0,3.1,3.40,Work sample evidence recorded against the controlled scoring key
INT-2026-1554,CAND-2026-3014,REQ-2026-PNC-G2,Structured Interview A,APD-INT-054,Hiring Manager,2026-02-11,2026-02-12,12.0,Yes,3.4,3.1,4.0,3.1,3.40,Behavioral evidence mapped to published BARS anchors
INT-2026-1555,CAND-2026-3014,REQ-2026-PNC-G2,Structured Interview B,APD-INT-055,Cross-functional Panelist,2026-02-13,2026-02-14,23.0,Yes,3.4,3.1,4.0,3.1,3.40,Independent follow-up evidence locked before panel release
INT-2026-1556,CAND-2026-3014,REQ-2026-PNC-G2,Calibration Review,APD-INT-056,Talent Acquisition Partner,2026-02-15,2026-02-17,34.0,Yes,3.4,3.1,4.0,3.1,3.40,Composite and decision evidence reviewed in calibration
INT-2026-1557,CAND-2026-3015,REQ-2026-PNC-G2,Work Sample Review,APD-INT-057,Technical Assessor,2026-02-03,2026-02-05,45.0,Yes,3.7,3.6,3.7,3.3,3.58,Work sample evidence recorded against the controlled scoring key
INT-2026-1558,CAND-2026-3015,REQ-2026-PNC-G2,Structured Interview A,APD-INT-058,Hiring Manager,2026-02-05,2026-02-06,19.0,Yes,3.7,3.6,3.7,3.3,3.58,Behavioral evidence mapped to published BARS anchors
INT-2026-1559,CAND-2026-3015,REQ-2026-PNC-G2,Structured Interview B,APD-INT-059,Cross-functional Panelist,2026-02-07,2026-02-09,30.0,Yes,3.7,3.6,3.7,3.3,3.58,Independent follow-up evidence locked before panel release
INT-2026-1560,CAND-2026-3015,REQ-2026-PNC-G2,Calibration Review,APD-INT-060,Talent Acquisition Partner,2026-02-09,2026-02-11,41.0,Yes,3.7,3.6,3.7,3.3,3.58,Composite and decision evidence reviewed in calibration
INT-2026-1561,CAND-2026-3016,REQ-2026-PNC-G2,Work Sample Review,APD-INT-001,Technical Assessor,2026-02-10,2026-02-11,15.0,Yes,4.0,4.1,3.4,3.5,3.75,Work sample evidence recorded against the controlled scoring key
INT-2026-1562,CAND-2026-3016,REQ-2026-PNC-G2,Structured Interview A,APD-INT-002,Hiring Manager,2026-02-12,2026-02-14,26.0,Yes,4.0,4.1,3.4,3.5,3.75,Behavioral evidence mapped to published BARS anchors
INT-2026-1563,CAND-2026-3016,REQ-2026-PNC-G2,Structured Interview B,APD-INT-003,Cross-functional Panelist,2026-02-14,2026-02-16,37.0,Yes,4.0,4.1,3.4,3.5,3.75,Independent follow-up evidence locked before panel release
INT-2026-1564,CAND-2026-3016,REQ-2026-PNC-G2,Calibration Review,APD-INT-004,Talent Acquisition Partner,2026-02-16,2026-02-18,48.0,Yes,4.0,4.1,3.4,3.5,3.75,Composite and decision evidence reviewed in calibration
INT-2026-1565,CAND-2026-3017,REQ-2026-PNC-G2,Work Sample Review,APD-INT-005,Technical Assessor,2026-02-04,2026-02-05,22.0,Yes,3.3,3.5,4.1,3.7,3.65,Work sample evidence recorded against the controlled scoring key
INT-2026-1566,CAND-2026-3017,REQ-2026-PNC-G2,Structured Interview A,APD-INT-006,Hiring Manager,2026-02-06,2026-02-08,33.0,Yes,3.3,3.5,4.1,3.7,3.65,Behavioral evidence mapped to published BARS anchors
INT-2026-1567,CAND-2026-3017,REQ-2026-PNC-G2,Structured Interview B,APD-INT-007,Cross-functional Panelist,2026-02-08,2026-02-10,44.0,Yes,3.3,3.5,4.1,3.7,3.65,Independent follow-up evidence locked before panel release
INT-2026-1568,CAND-2026-3017,REQ-2026-PNC-G2,Calibration Review,APD-INT-008,Talent Acquisition Partner,2026-02-10,2026-02-13,57.0,No,3.3,3.5,4.1,3.7,3.65,Composite and decision evidence reviewed in calibration
INT-2026-1569,CAND-2026-3018,REQ-2026-PNC-G2,Work Sample Review,APD-INT-009,Technical Assessor,2026-02-11,2026-02-14,64.0,No,3.6,4.0,3.8,3.9,3.83,Work sample evidence recorded against the controlled scoring key
INT-2026-1570,CAND-2026-3018,REQ-2026-PNC-G2,Structured Interview A,APD-INT-010,Hiring Manager,2026-02-13,2026-02-16,71.0,No,3.6,4.0,3.8,3.9,3.83,Behavioral evidence mapped to published BARS anchors
INT-2026-1571,CAND-2026-3018,REQ-2026-PNC-G2,Structured Interview B,APD-INT-011,Cross-functional Panelist,2026-02-15,2026-02-18,54.0,No,3.6,4.0,3.8,3.9,3.83,Independent follow-up evidence locked before panel release
INT-2026-1572,CAND-2026-3018,REQ-2026-PNC-G2,Calibration Review,APD-INT-012,Talent Acquisition Partner,2026-02-17,2026-02-19,25.0,Yes,3.6,4.0,3.8,3.9,3.83,Composite and decision evidence reviewed in calibration
INT-2026-1573,CAND-2026-3019,REQ-2026-PNC-G2,Work Sample Review,APD-INT-013,Technical Assessor,2026-02-05,2026-02-07,36.0,Yes,3.9,3.4,3.5,4.1,3.73,Work sample evidence recorded against the controlled scoring key
INT-2026-1574,CAND-2026-3019,REQ-2026-PNC-G2,Structured Interview A,APD-INT-014,Hiring Manager,2026-02-07,2026-02-09,47.0,Yes,3.9,3.4,3.5,4.1,3.73,Behavioral evidence mapped to published BARS anchors
INT-2026-1575,CAND-2026-3019,REQ-2026-PNC-G2,Structured Interview B,APD-INT-015,Cross-functional Panelist,2026-02-09,2026-02-10,21.0,Yes,3.9,3.4,3.5,4.1,3.73,Independent follow-up evidence locked before panel release
INT-2026-1576,CAND-2026-3019,REQ-2026-PNC-G2,Calibration Review,APD-INT-016,Talent Acquisition Partner,2026-02-11,2026-02-13,32.0,Yes,3.9,3.4,3.5,4.1,3.73,Composite and decision evidence reviewed in calibration
INT-2026-1577,CAND-2026-3020,REQ-2026-PNC-G2,Work Sample Review,APD-INT-017,Technical Assessor,2026-02-12,2026-02-14,43.0,Yes,3.2,3.9,3.2,3.2,3.38,Work sample evidence recorded against the controlled scoring key
INT-2026-1578,CAND-2026-3020,REQ-2026-PNC-G2,Structured Interview A,APD-INT-018,Hiring Manager,2026-02-14,2026-02-15,17.0,Yes,3.2,3.9,3.2,3.2,3.38,Behavioral evidence mapped to published BARS anchors
INT-2026-1579,CAND-2026-3020,REQ-2026-PNC-G2,Structured Interview B,APD-INT-019,Cross-functional Panelist,2026-02-16,2026-02-18,28.0,Yes,3.2,3.9,3.2,3.2,3.38,Independent follow-up evidence locked before panel release
INT-2026-1580,CAND-2026-3020,REQ-2026-PNC-G2,Calibration Review,APD-INT-020,Talent Acquisition Partner,2026-02-18,2026-02-20,39.0,Yes,3.2,3.9,3.2,3.2,3.38,Composite and decision evidence reviewed in calibration
INT-2026-1581,CAND-2026-3021,REQ-2026-PNC-G2,Work Sample Review,APD-INT-021,Technical Assessor,2026-02-06,2026-02-07,13.0,Yes,3.5,3.3,3.9,3.4,3.53,Work sample evidence recorded against the controlled scoring key
INT-2026-1582,CAND-2026-3021,REQ-2026-PNC-G2,Structured Interview A,APD-INT-022,Hiring Manager,2026-02-08,2026-02-09,24.0,Yes,3.5,3.3,3.9,3.4,3.53,Behavioral evidence mapped to published BARS anchors
INT-2026-1583,CAND-2026-3021,REQ-2026-PNC-G2,Structured Interview B,APD-INT-023,Cross-functional Panelist,2026-02-10,2026-02-12,35.0,Yes,3.5,3.3,3.9,3.4,3.53,Independent follow-up evidence locked before panel release
INT-2026-1584,CAND-2026-3021,REQ-2026-PNC-G2,Calibration Review,APD-INT-024,Talent Acquisition Partner,2026-02-12,2026-02-14,46.0,Yes,3.5,3.3,3.9,3.4,3.53,Composite and decision evidence reviewed in calibration
INT-2026-1585,CAND-2026-3022,REQ-2026-PNC-G2,Work Sample Review,APD-INT-025,Technical Assessor,2026-02-13,2026-02-14,20.0,Yes,3.8,3.8,3.6,3.6,3.70,Work sample evidence recorded against the controlled scoring key
INT-2026-1586,CAND-2026-3022,REQ-2026-PNC-G2,Structured Interview A,APD-INT-026,Hiring Manager,2026-02-15,2026-02-17,31.0,Yes,3.8,3.8,3.6,3.6,3.70,Behavioral evidence mapped to published BARS anchors
INT-2026-1587,CAND-2026-3022,REQ-2026-PNC-G2,Structured Interview B,APD-INT-027,Cross-functional Panelist,2026-02-17,2026-02-19,42.0,Yes,3.8,3.8,3.6,3.6,3.70,Independent follow-up evidence locked before panel release
INT-2026-1588,CAND-2026-3022,REQ-2026-PNC-G2,Calibration Review,APD-INT-028,Talent Acquisition Partner,2026-02-19,2026-02-20,16.0,Yes,3.8,3.8,3.6,3.6,3.70,Composite and decision evidence reviewed in calibration
INT-2026-1589,CAND-2026-3023,REQ-2026-PNC-G2,Work Sample Review,APD-INT-029,Technical Assessor,2026-02-07,2026-02-09,27.0,Yes,4.1,3.2,3.3,3.8,3.60,Work sample evidence recorded against the controlled scoring key
INT-2026-1590,CAND-2026-3023,REQ-2026-PNC-G2,Structured Interview A,APD-INT-030,Hiring Manager,2026-02-09,2026-02-11,38.0,Yes,4.1,3.2,3.3,3.8,3.60,Behavioral evidence mapped to published BARS anchors
INT-2026-1591,CAND-2026-3023,REQ-2026-PNC-G2,Structured Interview B,APD-INT-031,Cross-functional Panelist,2026-02-11,2026-02-12,12.0,Yes,4.1,3.2,3.3,3.8,3.60,Independent follow-up evidence locked before panel release
INT-2026-1592,CAND-2026-3023,REQ-2026-PNC-G2,Calibration Review,APD-INT-032,Talent Acquisition Partner,2026-02-13,2026-02-14,23.0,Yes,4.1,3.2,3.3,3.8,3.60,Composite and decision evidence reviewed in calibration
INT-2026-1593,CAND-2026-3024,REQ-2026-PNC-G2,Work Sample Review,APD-INT-033,Technical Assessor,2026-02-14,2026-02-16,34.0,Yes,3.4,3.7,4.0,4.0,3.78,Work sample evidence recorded against the controlled scoring key
INT-2026-1594,CAND-2026-3024,REQ-2026-PNC-G2,Structured Interview A,APD-INT-034,Hiring Manager,2026-02-16,2026-02-18,45.0,Yes,3.4,3.7,4.0,4.0,3.78,Behavioral evidence mapped to published BARS anchors
INT-2026-1595,CAND-2026-3024,REQ-2026-PNC-G2,Structured Interview B,APD-INT-035,Cross-functional Panelist,2026-02-18,2026-02-19,19.0,Yes,3.4,3.7,4.0,4.0,3.78,Independent follow-up evidence locked before panel release
INT-2026-1596,CAND-2026-3024,REQ-2026-PNC-G2,Calibration Review,APD-INT-036,Talent Acquisition Partner,2026-02-20,2026-02-22,30.0,Yes,3.4,3.7,4.0,4.0,3.78,Composite and decision evidence reviewed in calibration
INT-2026-1597,CAND-2026-3025,REQ-2026-PNC-G2,Work Sample Review,APD-INT-037,Technical Assessor,2026-02-08,2026-02-10,41.0,Yes,3.7,3.1,3.7,3.1,3.40,Work sample evidence recorded against the controlled scoring key
INT-2026-1598,CAND-2026-3025,REQ-2026-PNC-G2,Structured Interview A,APD-INT-038,Hiring Manager,2026-02-10,2026-02-11,15.0,Yes,3.7,3.1,3.7,3.1,3.40,Behavioral evidence mapped to published BARS anchors
INT-2026-1599,CAND-2026-3025,REQ-2026-PNC-G2,Structured Interview B,APD-INT-039,Cross-functional Panelist,2026-02-12,2026-02-14,26.0,Yes,3.7,3.1,3.7,3.1,3.40,Independent follow-up evidence locked before panel release
INT-2026-1600,CAND-2026-3025,REQ-2026-PNC-G2,Calibration Review,APD-INT-040,Talent Acquisition Partner,2026-02-14,2026-02-16,37.0,Yes,3.7,3.1,3.7,3.1,3.40,Composite and decision evidence reviewed in calibration
INT-2026-1601,CAND-2026-3026,REQ-2026-PNC-G2,Work Sample Review,APD-INT-041,Technical Assessor,2026-02-02,2026-02-04,48.0,Yes,4.0,3.6,3.4,3.3,3.58,Work sample evidence recorded against the controlled scoring key
INT-2026-1602,CAND-2026-3026,REQ-2026-PNC-G2,Structured Interview A,APD-INT-042,Hiring Manager,2026-02-04,2026-02-05,22.0,Yes,4.0,3.6,3.4,3.3,3.58,Behavioral evidence mapped to published BARS anchors
INT-2026-1603,CAND-2026-3026,REQ-2026-PNC-G2,Structured Interview B,APD-INT-043,Cross-functional Panelist,2026-02-06,2026-02-08,33.0,Yes,4.0,3.6,3.4,3.3,3.58,Independent follow-up evidence locked before panel release
INT-2026-1604,CAND-2026-3026,REQ-2026-PNC-G2,Calibration Review,APD-INT-044,Talent Acquisition Partner,2026-02-08,2026-02-10,44.0,Yes,4.0,3.6,3.4,3.3,3.58,Composite and decision evidence reviewed in calibration
INT-2026-1605,CAND-2026-3027,REQ-2026-PNC-G2,Work Sample Review,APD-INT-045,Technical Assessor,2026-02-09,2026-02-10,18.0,Yes,3.3,4.1,4.1,3.5,3.75,Work sample evidence recorded against the controlled scoring key
INT-2026-1606,CAND-2026-3027,REQ-2026-PNC-G2,Structured Interview A,APD-INT-046,Hiring Manager,2026-02-11,2026-02-13,29.0,Yes,3.3,4.1,4.1,3.5,3.75,Behavioral evidence mapped to published BARS anchors
INT-2026-1607,CAND-2026-3027,REQ-2026-PNC-G2,Structured Interview B,APD-INT-047,Cross-functional Panelist,2026-02-13,2026-02-15,40.0,Yes,3.3,4.1,4.1,3.5,3.75,Independent follow-up evidence locked before panel release
INT-2026-1608,CAND-2026-3027,REQ-2026-PNC-G2,Calibration Review,APD-INT-048,Talent Acquisition Partner,2026-02-15,2026-02-16,14.0,Yes,3.3,4.1,4.1,3.5,3.75,Composite and decision evidence reviewed in calibration
INT-2026-1609,CAND-2026-3028,REQ-2026-PNC-G2,Work Sample Review,APD-INT-049,Technical Assessor,2026-02-03,2026-02-05,25.0,Yes,3.6,3.5,3.8,3.7,3.65,Work sample evidence recorded against the controlled scoring key
INT-2026-1610,CAND-2026-3028,REQ-2026-PNC-G2,Structured Interview A,APD-INT-050,Hiring Manager,2026-02-05,2026-02-07,36.0,Yes,3.6,3.5,3.8,3.7,3.65,Behavioral evidence mapped to published BARS anchors
INT-2026-1611,CAND-2026-3028,REQ-2026-PNC-G2,Structured Interview B,APD-INT-051,Cross-functional Panelist,2026-02-07,2026-02-09,47.0,Yes,3.6,3.5,3.8,3.7,3.65,Independent follow-up evidence locked before panel release
INT-2026-1612,CAND-2026-3028,REQ-2026-PNC-G2,Calibration Review,APD-INT-052,Talent Acquisition Partner,2026-02-09,2026-02-10,21.0,Yes,3.6,3.5,3.8,3.7,3.65,Composite and decision evidence reviewed in calibration
INT-2026-1613,CAND-2026-3029,REQ-2026-PNC-G2,Work Sample Review,APD-INT-053,Technical Assessor,2026-02-10,2026-02-12,32.0,Yes,3.9,4.0,3.5,3.9,3.83,Work sample evidence recorded against the controlled scoring key
INT-2026-1614,CAND-2026-3029,REQ-2026-PNC-G2,Structured Interview A,APD-INT-054,Hiring Manager,2026-02-12,2026-02-14,43.0,Yes,3.9,4.0,3.5,3.9,3.83,Behavioral evidence mapped to published BARS anchors
INT-2026-1615,CAND-2026-3029,REQ-2026-PNC-G2,Structured Interview B,APD-INT-055,Cross-functional Panelist,2026-02-14,2026-02-15,17.0,Yes,3.9,4.0,3.5,3.9,3.83,Independent follow-up evidence locked before panel release
INT-2026-1616,CAND-2026-3029,REQ-2026-PNC-G2,Calibration Review,APD-INT-056,Talent Acquisition Partner,2026-02-16,2026-02-18,28.0,Yes,3.9,4.0,3.5,3.9,3.83,Composite and decision evidence reviewed in calibration
INT-2026-1617,CAND-2026-3030,REQ-2026-PNC-G2,Work Sample Review,APD-INT-057,Technical Assessor,2026-02-04,2026-02-06,39.0,Yes,3.2,3.4,3.2,4.1,3.48,Work sample evidence recorded against the controlled scoring key
INT-2026-1618,CAND-2026-3030,REQ-2026-PNC-G2,Structured Interview A,APD-INT-058,Hiring Manager,2026-02-06,2026-02-07,13.0,Yes,3.2,3.4,3.2,4.1,3.48,Behavioral evidence mapped to published BARS anchors
INT-2026-1619,CAND-2026-3030,REQ-2026-PNC-G2,Structured Interview B,APD-INT-059,Cross-functional Panelist,2026-02-08,2026-02-09,24.0,Yes,3.2,3.4,3.2,4.1,3.48,Independent follow-up evidence locked before panel release
INT-2026-1620,CAND-2026-3030,REQ-2026-PNC-G2,Calibration Review,APD-INT-060,Talent Acquisition Partner,2026-02-10,2026-02-12,35.0,Yes,3.2,3.4,3.2,4.1,3.48,Composite and decision evidence reviewed in calibration
INT-2026-1621,CAND-2026-3031,REQ-2026-PNC-G2,Work Sample Review,APD-INT-001,Technical Assessor,2026-02-11,2026-02-13,46.0,Yes,3.5,3.9,3.9,3.2,3.63,Work sample evidence recorded against the controlled scoring key
INT-2026-1622,CAND-2026-3031,REQ-2026-PNC-G2,Structured Interview A,APD-INT-002,Hiring Manager,2026-02-13,2026-02-16,51.0,No,3.5,3.9,3.9,3.2,3.63,Behavioral evidence mapped to published BARS anchors
INT-2026-1623,CAND-2026-3031,REQ-2026-PNC-G2,Structured Interview B,APD-INT-003,Cross-functional Panelist,2026-02-15,2026-02-18,58.0,No,3.5,3.9,3.9,3.2,3.63,Independent follow-up evidence locked before panel release
INT-2026-1624,CAND-2026-3031,REQ-2026-PNC-G2,Calibration Review,APD-INT-004,Talent Acquisition Partner,2026-02-17,2026-02-20,65.0,No,3.5,3.9,3.9,3.2,3.63,Composite and decision evidence reviewed in calibration
INT-2026-1625,CAND-2026-3032,REQ-2026-PNC-G2,Work Sample Review,APD-INT-005,Technical Assessor,2026-02-05,2026-02-08,72.0,No,3.8,3.3,3.6,3.4,3.53,Work sample evidence recorded against the controlled scoring key
INT-2026-1626,CAND-2026-3032,REQ-2026-PNC-G2,Structured Interview A,APD-INT-006,Hiring Manager,2026-02-07,2026-02-10,55.0,No,3.8,3.3,3.6,3.4,3.53,Behavioral evidence mapped to published BARS anchors
INT-2026-1627,CAND-2026-3032,REQ-2026-PNC-G2,Structured Interview B,APD-INT-007,Cross-functional Panelist,2026-02-09,2026-02-11,38.0,Yes,3.8,3.3,3.6,3.4,3.53,Independent follow-up evidence locked before panel release
INT-2026-1628,CAND-2026-3032,REQ-2026-PNC-G2,Calibration Review,APD-INT-008,Talent Acquisition Partner,2026-02-11,2026-02-12,12.0,Yes,3.8,3.3,3.6,3.4,3.53,Composite and decision evidence reviewed in calibration
INT-2026-1629,CAND-2026-3033,REQ-2026-PNC-G2,Work Sample Review,APD-INT-009,Technical Assessor,2026-02-12,2026-02-13,23.0,Yes,4.1,3.8,3.3,3.6,3.70,Work sample evidence recorded against the controlled scoring key
INT-2026-1630,CAND-2026-3033,REQ-2026-PNC-G2,Structured Interview A,APD-INT-010,Hiring Manager,2026-02-14,2026-02-16,34.0,Yes,4.1,3.8,3.3,3.6,3.70,Behavioral evidence mapped to published BARS anchors
INT-2026-1631,CAND-2026-3033,REQ-2026-PNC-G2,Structured Interview B,APD-INT-011,Cross-functional Panelist,2026-02-16,2026-02-18,45.0,Yes,4.1,3.8,3.3,3.6,3.70,Independent follow-up evidence locked before panel release
INT-2026-1632,CAND-2026-3033,REQ-2026-PNC-G2,Calibration Review,APD-INT-012,Talent Acquisition Partner,2026-02-18,2026-02-19,19.0,Yes,4.1,3.8,3.3,3.6,3.70,Composite and decision evidence reviewed in calibration
INT-2026-1633,CAND-2026-3034,REQ-2026-PNC-G2,Work Sample Review,APD-INT-013,Technical Assessor,2026-02-06,2026-02-08,30.0,Yes,3.4,3.2,4.0,3.8,3.60,Work sample evidence recorded against the controlled scoring key
INT-2026-1634,CAND-2026-3034,REQ-2026-PNC-G2,Structured Interview A,APD-INT-014,Hiring Manager,2026-02-08,2026-02-10,41.0,Yes,3.4,3.2,4.0,3.8,3.60,Behavioral evidence mapped to published BARS anchors
INT-2026-1635,CAND-2026-3034,REQ-2026-PNC-G2,Structured Interview B,APD-INT-015,Cross-functional Panelist,2026-02-10,2026-02-11,15.0,Yes,3.4,3.2,4.0,3.8,3.60,Independent follow-up evidence locked before panel release
INT-2026-1636,CAND-2026-3034,REQ-2026-PNC-G2,Calibration Review,APD-INT-016,Talent Acquisition Partner,2026-02-12,2026-02-14,26.0,Yes,3.4,3.2,4.0,3.8,3.60,Composite and decision evidence reviewed in calibration
INT-2026-1637,CAND-2026-3035,REQ-2026-PNC-G2,Work Sample Review,APD-INT-017,Technical Assessor,2026-02-13,2026-02-15,37.0,Yes,3.7,3.7,3.7,4.0,3.78,Work sample evidence recorded against the controlled scoring key
INT-2026-1638,CAND-2026-3035,REQ-2026-PNC-G2,Structured Interview A,APD-INT-018,Hiring Manager,2026-02-15,2026-02-17,48.0,Yes,3.7,3.7,3.7,4.0,3.78,Behavioral evidence mapped to published BARS anchors
INT-2026-1639,CAND-2026-3035,REQ-2026-PNC-G2,Structured Interview B,APD-INT-019,Cross-functional Panelist,2026-02-17,2026-02-18,22.0,Yes,3.7,3.7,3.7,4.0,3.78,Independent follow-up evidence locked before panel release
INT-2026-1640,CAND-2026-3035,REQ-2026-PNC-G2,Calibration Review,APD-INT-020,Talent Acquisition Partner,2026-02-19,2026-02-21,33.0,Yes,3.7,3.7,3.7,4.0,3.78,Composite and decision evidence reviewed in calibration
INT-2026-1641,CAND-2026-3036,REQ-2026-PNC-G2,Work Sample Review,APD-INT-021,Technical Assessor,2026-02-07,2026-02-09,44.0,Yes,4.0,3.1,3.4,3.1,3.40,Work sample evidence recorded against the controlled scoring key
INT-2026-1642,CAND-2026-3036,REQ-2026-PNC-G2,Structured Interview A,APD-INT-022,Hiring Manager,2026-02-09,2026-02-10,18.0,Yes,4.0,3.1,3.4,3.1,3.40,Behavioral evidence mapped to published BARS anchors
INT-2026-1643,CAND-2026-3036,REQ-2026-PNC-G2,Structured Interview B,APD-INT-023,Cross-functional Panelist,2026-02-11,2026-02-13,29.0,Yes,4.0,3.1,3.4,3.1,3.40,Independent follow-up evidence locked before panel release
INT-2026-1644,CAND-2026-3036,REQ-2026-PNC-G2,Calibration Review,APD-INT-024,Talent Acquisition Partner,2026-02-13,2026-02-15,40.0,Yes,4.0,3.1,3.4,3.1,3.40,Composite and decision evidence reviewed in calibration
INT-2026-1645,CAND-2026-3037,REQ-2026-PNC-G2,Work Sample Review,APD-INT-025,Technical Assessor,2026-02-14,2026-02-15,14.0,Yes,3.3,3.6,4.1,3.3,3.58,Work sample evidence recorded against the controlled scoring key
INT-2026-1646,CAND-2026-3037,REQ-2026-PNC-G2,Structured Interview A,APD-INT-026,Hiring Manager,2026-02-16,2026-02-18,25.0,Yes,3.3,3.6,4.1,3.3,3.58,Behavioral evidence mapped to published BARS anchors
INT-2026-1647,CAND-2026-3037,REQ-2026-PNC-G2,Structured Interview B,APD-INT-027,Cross-functional Panelist,2026-02-18,2026-02-20,36.0,Yes,3.3,3.6,4.1,3.3,3.58,Independent follow-up evidence locked before panel release
INT-2026-1648,CAND-2026-3037,REQ-2026-PNC-G2,Calibration Review,APD-INT-028,Talent Acquisition Partner,2026-02-20,2026-02-22,47.0,Yes,3.3,3.6,4.1,3.3,3.58,Composite and decision evidence reviewed in calibration
INT-2026-1649,CAND-2026-3038,REQ-2026-PNC-G2,Work Sample Review,APD-INT-029,Technical Assessor,2026-02-08,2026-02-09,21.0,Yes,3.6,4.1,3.8,3.5,3.75,Work sample evidence recorded against the controlled scoring key
INT-2026-1650,CAND-2026-3038,REQ-2026-PNC-G2,Structured Interview A,APD-INT-030,Hiring Manager,2026-02-10,2026-02-12,32.0,Yes,3.6,4.1,3.8,3.5,3.75,Behavioral evidence mapped to published BARS anchors
INT-2026-1651,CAND-2026-3038,REQ-2026-PNC-G2,Structured Interview B,APD-INT-031,Cross-functional Panelist,2026-02-12,2026-02-14,43.0,Yes,3.6,4.1,3.8,3.5,3.75,Independent follow-up evidence locked before panel release
INT-2026-1652,CAND-2026-3038,REQ-2026-PNC-G2,Calibration Review,APD-INT-032,Talent Acquisition Partner,2026-02-14,2026-02-15,17.0,Yes,3.6,4.1,3.8,3.5,3.75,Composite and decision evidence reviewed in calibration
INT-2026-1653,CAND-2026-3039,REQ-2026-PNC-G2,Work Sample Review,APD-INT-033,Technical Assessor,2026-02-02,2026-02-04,28.0,Yes,3.9,3.5,3.5,3.7,3.65,Work sample evidence recorded against the controlled scoring key
INT-2026-1654,CAND-2026-3039,REQ-2026-PNC-G2,Structured Interview A,APD-INT-034,Hiring Manager,2026-02-04,2026-02-06,39.0,Yes,3.9,3.5,3.5,3.7,3.65,Behavioral evidence mapped to published BARS anchors
INT-2026-1655,CAND-2026-3039,REQ-2026-PNC-G2,Structured Interview B,APD-INT-035,Cross-functional Panelist,2026-02-06,2026-02-07,13.0,Yes,3.9,3.5,3.5,3.7,3.65,Independent follow-up evidence locked before panel release
INT-2026-1656,CAND-2026-3039,REQ-2026-PNC-G2,Calibration Review,APD-INT-036,Talent Acquisition Partner,2026-02-08,2026-02-09,24.0,Yes,3.9,3.5,3.5,3.7,3.65,Composite and decision evidence reviewed in calibration
INT-2026-1657,CAND-2026-3040,REQ-2026-PNC-G2,Work Sample Review,APD-INT-037,Technical Assessor,2026-02-09,2026-02-11,35.0,Yes,3.2,4.0,3.2,3.9,3.58,Work sample evidence recorded against the controlled scoring key
INT-2026-1658,CAND-2026-3040,REQ-2026-PNC-G2,Structured Interview A,APD-INT-038,Hiring Manager,2026-02-11,2026-02-13,46.0,Yes,3.2,4.0,3.2,3.9,3.58,Behavioral evidence mapped to published BARS anchors
INT-2026-1659,CAND-2026-3040,REQ-2026-PNC-G2,Structured Interview B,APD-INT-039,Cross-functional Panelist,2026-02-13,2026-02-14,20.0,Yes,3.2,4.0,3.2,3.9,3.58,Independent follow-up evidence locked before panel release
INT-2026-1660,CAND-2026-3040,REQ-2026-PNC-G2,Calibration Review,APD-INT-040,Talent Acquisition Partner,2026-02-15,2026-02-17,31.0,Yes,3.2,4.0,3.2,3.9,3.58,Composite and decision evidence reviewed in calibration
INT-2026-1661,CAND-2026-3041,REQ-2026-PNC-G2,Work Sample Review,APD-INT-041,Technical Assessor,2026-02-03,2026-02-05,42.0,Yes,3.5,3.4,3.9,4.1,3.73,Work sample evidence recorded against the controlled scoring key
INT-2026-1662,CAND-2026-3041,REQ-2026-PNC-G2,Structured Interview A,APD-INT-042,Hiring Manager,2026-02-05,2026-02-06,16.0,Yes,3.5,3.4,3.9,4.1,3.73,Behavioral evidence mapped to published BARS anchors
INT-2026-1663,CAND-2026-3041,REQ-2026-PNC-G2,Structured Interview B,APD-INT-043,Cross-functional Panelist,2026-02-07,2026-02-09,27.0,Yes,3.5,3.4,3.9,4.1,3.73,Independent follow-up evidence locked before panel release
INT-2026-1664,CAND-2026-3041,REQ-2026-PNC-G2,Calibration Review,APD-INT-044,Talent Acquisition Partner,2026-02-09,2026-02-11,38.0,Yes,3.5,3.4,3.9,4.1,3.73,Composite and decision evidence reviewed in calibration
INT-2026-1665,CAND-2026-3042,REQ-2026-PNC-G2,Work Sample Review,APD-INT-045,Technical Assessor,2026-02-10,2026-02-11,12.0,Yes,3.8,3.9,3.6,3.2,3.63,Work sample evidence recorded against the controlled scoring key
INT-2026-1666,CAND-2026-3042,REQ-2026-PNC-G2,Structured Interview A,APD-INT-046,Hiring Manager,2026-02-12,2026-02-13,23.0,Yes,3.8,3.9,3.6,3.2,3.63,Behavioral evidence mapped to published BARS anchors
INT-2026-1667,CAND-2026-3042,REQ-2026-PNC-G2,Structured Interview B,APD-INT-047,Cross-functional Panelist,2026-02-14,2026-02-16,34.0,Yes,3.8,3.9,3.6,3.2,3.63,Independent follow-up evidence locked before panel release
INT-2026-1668,CAND-2026-3042,REQ-2026-PNC-G2,Calibration Review,APD-INT-048,Talent Acquisition Partner,2026-02-16,2026-02-18,45.0,Yes,3.8,3.9,3.6,3.2,3.63,Composite and decision evidence reviewed in calibration
INT-2026-1669,CAND-2026-3043,REQ-2026-PNC-G2,Work Sample Review,APD-INT-049,Technical Assessor,2026-02-04,2026-02-05,19.0,Yes,4.1,3.3,3.3,3.4,3.53,Work sample evidence recorded against the controlled scoring key
INT-2026-1670,CAND-2026-3043,REQ-2026-PNC-G2,Structured Interview A,APD-INT-050,Hiring Manager,2026-02-06,2026-02-08,30.0,Yes,4.1,3.3,3.3,3.4,3.53,Behavioral evidence mapped to published BARS anchors
INT-2026-1671,CAND-2026-3043,REQ-2026-PNC-G2,Structured Interview B,APD-INT-051,Cross-functional Panelist,2026-02-08,2026-02-10,41.0,Yes,4.1,3.3,3.3,3.4,3.53,Independent follow-up evidence locked before panel release
INT-2026-1672,CAND-2026-3043,REQ-2026-PNC-G2,Calibration Review,APD-INT-052,Talent Acquisition Partner,2026-02-10,2026-02-11,15.0,Yes,4.1,3.3,3.3,3.4,3.53,Composite and decision evidence reviewed in calibration
INT-2026-1673,CAND-2026-3044,REQ-2026-PNC-G2,Work Sample Review,APD-INT-053,Technical Assessor,2026-02-11,2026-02-13,26.0,Yes,3.4,3.8,4.0,3.6,3.70,Work sample evidence recorded against the controlled scoring key
INT-2026-1674,CAND-2026-3044,REQ-2026-PNC-G2,Structured Interview A,APD-INT-054,Hiring Manager,2026-02-13,2026-02-15,37.0,Yes,3.4,3.8,4.0,3.6,3.70,Behavioral evidence mapped to published BARS anchors
INT-2026-1675,CAND-2026-3044,REQ-2026-PNC-G2,Structured Interview B,APD-INT-055,Cross-functional Panelist,2026-02-15,2026-02-17,48.0,Yes,3.4,3.8,4.0,3.6,3.70,Independent follow-up evidence locked before panel release
INT-2026-1676,CAND-2026-3044,REQ-2026-PNC-G2,Calibration Review,APD-INT-056,Talent Acquisition Partner,2026-02-17,2026-02-20,69.0,No,3.4,3.8,4.0,3.6,3.70,Composite and decision evidence reviewed in calibration
INT-2026-1677,CAND-2026-3045,REQ-2026-PNC-G2,Work Sample Review,APD-INT-057,Technical Assessor,2026-02-05,2026-02-08,52.0,No,3.7,3.2,3.7,3.8,3.60,Work sample evidence recorded against the controlled scoring key
INT-2026-1678,CAND-2026-3045,REQ-2026-PNC-G2,Structured Interview A,APD-INT-058,Hiring Manager,2026-02-07,2026-02-10,59.0,No,3.7,3.2,3.7,3.8,3.60,Behavioral evidence mapped to published BARS anchors
INT-2026-1679,CAND-2026-3045,REQ-2026-PNC-G2,Structured Interview B,APD-INT-059,Cross-functional Panelist,2026-02-09,2026-02-12,66.0,No,3.7,3.2,3.7,3.8,3.60,Independent follow-up evidence locked before panel release
INT-2026-1680,CAND-2026-3045,REQ-2026-PNC-G2,Calibration Review,APD-INT-060,Talent Acquisition Partner,2026-02-11,2026-02-14,49.0,No,3.7,3.2,3.7,3.8,3.60,Composite and decision evidence reviewed in calibration
INT-2026-1681,CAND-2026-3046,REQ-2026-PNC-G2,Work Sample Review,APD-INT-001,Technical Assessor,2026-02-12,2026-02-14,40.0,Yes,4.0,3.7,3.4,4.0,3.78,Work sample evidence recorded against the controlled scoring key
INT-2026-1682,CAND-2026-3046,REQ-2026-PNC-G2,Structured Interview A,APD-INT-002,Hiring Manager,2026-02-14,2026-02-15,14.0,Yes,4.0,3.7,3.4,4.0,3.78,Behavioral evidence mapped to published BARS anchors
INT-2026-1683,CAND-2026-3046,REQ-2026-PNC-G2,Structured Interview B,APD-INT-003,Cross-functional Panelist,2026-02-16,2026-02-18,25.0,Yes,4.0,3.7,3.4,4.0,3.78,Independent follow-up evidence locked before panel release
INT-2026-1684,CAND-2026-3046,REQ-2026-PNC-G2,Calibration Review,APD-INT-004,Talent Acquisition Partner,2026-02-18,2026-02-20,36.0,Yes,4.0,3.7,3.4,4.0,3.78,Composite and decision evidence reviewed in calibration
INT-2026-1685,CAND-2026-3047,REQ-2026-PNC-G2,Work Sample Review,APD-INT-005,Technical Assessor,2026-02-06,2026-02-08,47.0,Yes,3.3,3.1,4.1,3.1,3.40,Work sample evidence recorded against the controlled scoring key
INT-2026-1686,CAND-2026-3047,REQ-2026-PNC-G2,Structured Interview A,APD-INT-006,Hiring Manager,2026-02-08,2026-02-09,21.0,Yes,3.3,3.1,4.1,3.1,3.40,Behavioral evidence mapped to published BARS anchors
INT-2026-1687,CAND-2026-3047,REQ-2026-PNC-G2,Structured Interview B,APD-INT-007,Cross-functional Panelist,2026-02-10,2026-02-12,32.0,Yes,3.3,3.1,4.1,3.1,3.40,Independent follow-up evidence locked before panel release
INT-2026-1688,CAND-2026-3047,REQ-2026-PNC-G2,Calibration Review,APD-INT-008,Talent Acquisition Partner,2026-02-12,2026-02-14,43.0,Yes,3.3,3.1,4.1,3.1,3.40,Composite and decision evidence reviewed in calibration
INT-2026-1689,CAND-2026-3048,REQ-2026-PNC-G2,Work Sample Review,APD-INT-009,Technical Assessor,2026-02-13,2026-02-14,17.0,Yes,3.6,3.6,3.8,3.3,3.58,Work sample evidence recorded against the controlled scoring key
INT-2026-1690,CAND-2026-3048,REQ-2026-PNC-G2,Structured Interview A,APD-INT-010,Hiring Manager,2026-02-15,2026-02-17,28.0,Yes,3.6,3.6,3.8,3.3,3.58,Behavioral evidence mapped to published BARS anchors
INT-2026-1691,CAND-2026-3048,REQ-2026-PNC-G2,Structured Interview B,APD-INT-011,Cross-functional Panelist,2026-02-17,2026-02-19,39.0,Yes,3.6,3.6,3.8,3.3,3.58,Independent follow-up evidence locked before panel release
INT-2026-1692,CAND-2026-3048,REQ-2026-PNC-G2,Calibration Review,APD-INT-012,Talent Acquisition Partner,2026-02-19,2026-02-20,13.0,Yes,3.6,3.6,3.8,3.3,3.58,Composite and decision evidence reviewed in calibration
INT-2026-1693,CAND-2026-3049,REQ-2026-PNC-G2,Work Sample Review,APD-INT-013,Technical Assessor,2026-02-07,2026-02-08,24.0,Yes,3.9,4.1,3.5,3.5,3.75,Work sample evidence recorded against the controlled scoring key
INT-2026-1694,CAND-2026-3049,REQ-2026-PNC-G2,Structured Interview A,APD-INT-014,Hiring Manager,2026-02-09,2026-02-11,35.0,Yes,3.9,4.1,3.5,3.5,3.75,Behavioral evidence mapped to published BARS anchors
INT-2026-1695,CAND-2026-3049,REQ-2026-PNC-G2,Structured Interview B,APD-INT-015,Cross-functional Panelist,2026-02-11,2026-02-13,46.0,Yes,3.9,4.1,3.5,3.5,3.75,Independent follow-up evidence locked before panel release
INT-2026-1696,CAND-2026-3049,REQ-2026-PNC-G2,Calibration Review,APD-INT-016,Talent Acquisition Partner,2026-02-13,2026-02-14,20.0,Yes,3.9,4.1,3.5,3.5,3.75,Composite and decision evidence reviewed in calibration
INT-2026-1697,CAND-2026-3050,REQ-2026-PNC-G2,Work Sample Review,APD-INT-017,Technical Assessor,2026-02-14,2026-02-16,31.0,Yes,3.2,3.5,3.2,3.7,3.40,Work sample evidence recorded against the controlled scoring key
INT-2026-1698,CAND-2026-3050,REQ-2026-PNC-G2,Structured Interview A,APD-INT-018,Hiring Manager,2026-02-16,2026-02-18,42.0,Yes,3.2,3.5,3.2,3.7,3.40,Behavioral evidence mapped to published BARS anchors
INT-2026-1699,CAND-2026-3050,REQ-2026-PNC-G2,Structured Interview B,APD-INT-019,Cross-functional Panelist,2026-02-18,2026-02-19,16.0,Yes,3.2,3.5,3.2,3.7,3.40,Independent follow-up evidence locked before panel release
INT-2026-1700,CAND-2026-3050,REQ-2026-PNC-G2,Calibration Review,APD-INT-020,Talent Acquisition Partner,2026-02-20,2026-02-22,27.0,Yes,3.2,3.5,3.2,3.7,3.40,Composite and decision evidence reviewed in calibration
INT-2026-1701,CAND-2026-3401,REQ-2026-SCM-G2,Work Sample Review,APD-INT-021,Technical Assessor,2026-03-02,2026-03-04,38.0,Yes,4.5,4.6,4.7,4.8,4.65,Work sample evidence recorded against the controlled scoring key
INT-2026-1702,CAND-2026-3401,REQ-2026-SCM-G2,Structured Interview A,APD-INT-022,Hiring Manager,2026-03-04,2026-03-05,12.0,Yes,4.5,4.6,4.7,4.8,4.65,Behavioral evidence mapped to published BARS anchors
INT-2026-1703,CAND-2026-3401,REQ-2026-SCM-G2,Structured Interview B,APD-INT-023,Cross-functional Panelist,2026-03-06,2026-03-07,23.0,Yes,4.5,4.6,4.7,4.8,4.65,Independent follow-up evidence locked before panel release
INT-2026-1704,CAND-2026-3401,REQ-2026-SCM-G2,Calibration Review,APD-INT-024,Talent Acquisition Partner,2026-03-08,2026-03-10,34.0,Yes,4.5,4.6,4.7,4.8,4.65,Composite and decision evidence reviewed in calibration
INT-2026-1705,CAND-2026-3402,REQ-2026-SCM-G2,Work Sample Review,APD-INT-025,Technical Assessor,2026-02-24,2026-02-26,45.0,Yes,4.6,4.7,4.8,4.4,4.63,Work sample evidence recorded against the controlled scoring key
INT-2026-1706,CAND-2026-3402,REQ-2026-SCM-G2,Structured Interview A,APD-INT-026,Hiring Manager,2026-02-26,2026-02-27,19.0,Yes,4.6,4.7,4.8,4.4,4.63,Behavioral evidence mapped to published BARS anchors
INT-2026-1707,CAND-2026-3402,REQ-2026-SCM-G2,Structured Interview B,APD-INT-027,Cross-functional Panelist,2026-02-28,2026-03-02,30.0,Yes,4.6,4.7,4.8,4.4,4.63,Independent follow-up evidence locked before panel release
INT-2026-1708,CAND-2026-3402,REQ-2026-SCM-G2,Calibration Review,APD-INT-028,Talent Acquisition Partner,2026-03-02,2026-03-04,41.0,Yes,4.6,4.7,4.8,4.4,4.63,Composite and decision evidence reviewed in calibration
INT-2026-1709,CAND-2026-3403,REQ-2026-SCM-G2,Work Sample Review,APD-INT-029,Technical Assessor,2026-03-03,2026-03-04,15.0,Yes,4.7,4.8,4.4,4.5,4.60,Work sample evidence recorded against the controlled scoring key
INT-2026-1710,CAND-2026-3403,REQ-2026-SCM-G2,Structured Interview A,APD-INT-030,Hiring Manager,2026-03-05,2026-03-07,26.0,Yes,4.7,4.8,4.4,4.5,4.60,Behavioral evidence mapped to published BARS anchors
INT-2026-1711,CAND-2026-3403,REQ-2026-SCM-G2,Structured Interview B,APD-INT-031,Cross-functional Panelist,2026-03-07,2026-03-09,37.0,Yes,4.7,4.8,4.4,4.5,4.60,Independent follow-up evidence locked before panel release
INT-2026-1712,CAND-2026-3403,REQ-2026-SCM-G2,Calibration Review,APD-INT-032,Talent Acquisition Partner,2026-03-09,2026-03-11,48.0,Yes,4.7,4.8,4.4,4.5,4.60,Composite and decision evidence reviewed in calibration
INT-2026-1713,CAND-2026-3404,REQ-2026-SCM-G2,Work Sample Review,APD-INT-033,Technical Assessor,2026-02-25,2026-02-26,22.0,Yes,4.5,4.6,4.7,4.8,4.65,Work sample evidence recorded against the controlled scoring key
INT-2026-1714,CAND-2026-3404,REQ-2026-SCM-G2,Structured Interview A,APD-INT-034,Hiring Manager,2026-02-27,2026-03-01,33.0,Yes,4.5,4.6,4.7,4.8,4.65,Behavioral evidence mapped to published BARS anchors
INT-2026-1715,CAND-2026-3404,REQ-2026-SCM-G2,Structured Interview B,APD-INT-035,Cross-functional Panelist,2026-03-01,2026-03-03,44.0,Yes,4.5,4.6,4.7,4.8,4.65,Independent follow-up evidence locked before panel release
INT-2026-1716,CAND-2026-3404,REQ-2026-SCM-G2,Calibration Review,APD-INT-036,Talent Acquisition Partner,2026-03-03,2026-03-04,18.0,Yes,4.5,4.6,4.7,4.8,4.65,Composite and decision evidence reviewed in calibration
INT-2026-1717,CAND-2026-3405,REQ-2026-SCM-G2,Work Sample Review,APD-INT-037,Technical Assessor,2026-03-04,2026-03-06,29.0,Yes,4.6,4.7,4.8,4.4,4.63,Work sample evidence recorded against the controlled scoring key
INT-2026-1718,CAND-2026-3405,REQ-2026-SCM-G2,Structured Interview A,APD-INT-038,Hiring Manager,2026-03-06,2026-03-08,40.0,Yes,4.6,4.7,4.8,4.4,4.63,Behavioral evidence mapped to published BARS anchors
INT-2026-1719,CAND-2026-3405,REQ-2026-SCM-G2,Structured Interview B,APD-INT-039,Cross-functional Panelist,2026-03-08,2026-03-09,14.0,Yes,4.6,4.7,4.8,4.4,4.63,Independent follow-up evidence locked before panel release
INT-2026-1720,CAND-2026-3405,REQ-2026-SCM-G2,Calibration Review,APD-INT-040,Talent Acquisition Partner,2026-03-10,2026-03-12,25.0,Yes,4.6,4.7,4.8,4.4,4.63,Composite and decision evidence reviewed in calibration
INT-2026-1721,CAND-2026-3406,REQ-2026-SCM-G2,Work Sample Review,APD-INT-041,Technical Assessor,2026-02-26,2026-02-28,36.0,Yes,4.8,4.4,4.5,4.6,4.58,Work sample evidence recorded against the controlled scoring key
INT-2026-1722,CAND-2026-3406,REQ-2026-SCM-G2,Structured Interview A,APD-INT-042,Hiring Manager,2026-02-28,2026-03-02,47.0,Yes,4.8,4.4,4.5,4.6,4.58,Behavioral evidence mapped to published BARS anchors
INT-2026-1723,CAND-2026-3406,REQ-2026-SCM-G2,Structured Interview B,APD-INT-043,Cross-functional Panelist,2026-03-02,2026-03-03,21.0,Yes,4.8,4.4,4.5,4.6,4.58,Independent follow-up evidence locked before panel release
INT-2026-1724,CAND-2026-3406,REQ-2026-SCM-G2,Calibration Review,APD-INT-044,Talent Acquisition Partner,2026-03-04,2026-03-06,32.0,Yes,4.8,4.4,4.5,4.6,4.58,Composite and decision evidence reviewed in calibration
INT-2026-1725,CAND-2026-3407,REQ-2026-SCM-G2,Work Sample Review,APD-INT-045,Technical Assessor,2026-03-05,2026-03-07,43.0,Yes,4.4,4.5,4.6,4.7,4.55,Work sample evidence recorded against the controlled scoring key
INT-2026-1726,CAND-2026-3407,REQ-2026-SCM-G2,Structured Interview A,APD-INT-046,Hiring Manager,2026-03-07,2026-03-08,17.0,Yes,4.4,4.5,4.6,4.7,4.55,Behavioral evidence mapped to published BARS anchors
INT-2026-1727,CAND-2026-3407,REQ-2026-SCM-G2,Structured Interview B,APD-INT-047,Cross-functional Panelist,2026-03-09,2026-03-11,28.0,Yes,4.4,4.5,4.6,4.7,4.55,Independent follow-up evidence locked before panel release
INT-2026-1728,CAND-2026-3407,REQ-2026-SCM-G2,Calibration Review,APD-INT-048,Talent Acquisition Partner,2026-03-11,2026-03-13,39.0,Yes,4.4,4.5,4.6,4.7,4.55,Composite and decision evidence reviewed in calibration
INT-2026-1729,CAND-2026-3408,REQ-2026-SCM-G2,Work Sample Review,APD-INT-049,Technical Assessor,2026-02-27,2026-02-28,13.0,Yes,4.5,4.6,4.7,4.8,4.65,Work sample evidence recorded against the controlled scoring key
INT-2026-1730,CAND-2026-3408,REQ-2026-SCM-G2,Structured Interview A,APD-INT-050,Hiring Manager,2026-03-01,2026-03-04,63.0,No,4.5,4.6,4.7,4.8,4.65,Behavioral evidence mapped to published BARS anchors
INT-2026-1731,CAND-2026-3408,REQ-2026-SCM-G2,Structured Interview B,APD-INT-051,Cross-functional Panelist,2026-03-03,2026-03-06,70.0,No,4.5,4.6,4.7,4.8,4.65,Independent follow-up evidence locked before panel release
INT-2026-1732,CAND-2026-3408,REQ-2026-SCM-G2,Calibration Review,APD-INT-052,Talent Acquisition Partner,2026-03-05,2026-03-08,53.0,No,4.5,4.6,4.7,4.8,4.65,Composite and decision evidence reviewed in calibration
INT-2026-1733,CAND-2026-3409,REQ-2026-SCM-G2,Work Sample Review,APD-INT-053,Technical Assessor,2026-03-06,2026-03-09,60.0,No,4.7,4.8,4.4,4.5,4.60,Work sample evidence recorded against the controlled scoring key
INT-2026-1734,CAND-2026-3409,REQ-2026-SCM-G2,Structured Interview A,APD-INT-054,Hiring Manager,2026-03-08,2026-03-11,67.0,No,4.7,4.8,4.4,4.5,4.60,Behavioral evidence mapped to published BARS anchors
INT-2026-1735,CAND-2026-3409,REQ-2026-SCM-G2,Structured Interview B,APD-INT-055,Cross-functional Panelist,2026-03-10,2026-03-12,42.0,Yes,4.7,4.8,4.4,4.5,4.60,Independent follow-up evidence locked before panel release
INT-2026-1736,CAND-2026-3409,REQ-2026-SCM-G2,Calibration Review,APD-INT-056,Talent Acquisition Partner,2026-03-12,2026-03-13,16.0,Yes,4.7,4.8,4.4,4.5,4.60,Composite and decision evidence reviewed in calibration
INT-2026-1737,CAND-2026-3410,REQ-2026-SCM-G2,Work Sample Review,APD-INT-057,Technical Assessor,2026-02-28,2026-03-02,27.0,Yes,4.8,4.4,4.5,4.6,4.58,Work sample evidence recorded against the controlled scoring key
INT-2026-1738,CAND-2026-3410,REQ-2026-SCM-G2,Structured Interview A,APD-INT-058,Hiring Manager,2026-03-02,2026-03-04,38.0,Yes,4.8,4.4,4.5,4.6,4.58,Behavioral evidence mapped to published BARS anchors
INT-2026-1739,CAND-2026-3410,REQ-2026-SCM-G2,Structured Interview B,APD-INT-059,Cross-functional Panelist,2026-03-04,2026-03-05,12.0,Yes,4.8,4.4,4.5,4.6,4.58,Independent follow-up evidence locked before panel release
INT-2026-1740,CAND-2026-3410,REQ-2026-SCM-G2,Calibration Review,APD-INT-060,Talent Acquisition Partner,2026-03-06,2026-03-07,23.0,Yes,4.8,4.4,4.5,4.6,4.58,Composite and decision evidence reviewed in calibration
INT-2026-1741,CAND-2026-3411,REQ-2026-SCM-G2,Work Sample Review,APD-INT-001,Technical Assessor,2026-03-07,2026-03-09,34.0,Yes,4.6,4.7,4.8,4.4,4.63,Work sample evidence recorded against the controlled scoring key
INT-2026-1742,CAND-2026-3411,REQ-2026-SCM-G2,Structured Interview A,APD-INT-002,Hiring Manager,2026-03-09,2026-03-11,45.0,Yes,4.6,4.7,4.8,4.4,4.63,Behavioral evidence mapped to published BARS anchors
INT-2026-1743,CAND-2026-3411,REQ-2026-SCM-G2,Structured Interview B,APD-INT-003,Cross-functional Panelist,2026-03-11,2026-03-12,19.0,Yes,4.6,4.7,4.8,4.4,4.63,Independent follow-up evidence locked before panel release
INT-2026-1744,CAND-2026-3411,REQ-2026-SCM-G2,Calibration Review,APD-INT-004,Talent Acquisition Partner,2026-03-13,2026-03-15,30.0,Yes,4.6,4.7,4.8,4.4,4.63,Composite and decision evidence reviewed in calibration
INT-2026-1745,CAND-2026-3412,REQ-2026-SCM-G2,Work Sample Review,APD-INT-005,Technical Assessor,2026-03-01,2026-03-03,41.0,Yes,4.7,4.8,4.4,4.5,4.60,Work sample evidence recorded against the controlled scoring key
INT-2026-1746,CAND-2026-3412,REQ-2026-SCM-G2,Structured Interview A,APD-INT-006,Hiring Manager,2026-03-03,2026-03-04,15.0,Yes,4.7,4.8,4.4,4.5,4.60,Behavioral evidence mapped to published BARS anchors
INT-2026-1747,CAND-2026-3412,REQ-2026-SCM-G2,Structured Interview B,APD-INT-007,Cross-functional Panelist,2026-03-05,2026-03-07,26.0,Yes,4.7,4.8,4.4,4.5,4.60,Independent follow-up evidence locked before panel release
INT-2026-1748,CAND-2026-3412,REQ-2026-SCM-G2,Calibration Review,APD-INT-008,Talent Acquisition Partner,2026-03-07,2026-03-09,37.0,Yes,4.7,4.8,4.4,4.5,4.60,Composite and decision evidence reviewed in calibration
INT-2026-1749,CAND-2026-3413,REQ-2026-SCM-G2,Work Sample Review,APD-INT-009,Technical Assessor,2026-02-23,2026-02-25,48.0,Yes,4.8,4.4,4.5,4.6,4.58,Work sample evidence recorded against the controlled scoring key
INT-2026-1750,CAND-2026-3413,REQ-2026-SCM-G2,Structured Interview A,APD-INT-010,Hiring Manager,2026-02-25,2026-02-26,22.0,Yes,4.8,4.4,4.5,4.6,4.58,Behavioral evidence mapped to published BARS anchors
INT-2026-1751,CAND-2026-3413,REQ-2026-SCM-G2,Structured Interview B,APD-INT-011,Cross-functional Panelist,2026-02-27,2026-03-01,33.0,Yes,4.8,4.4,4.5,4.6,4.58,Independent follow-up evidence locked before panel release
INT-2026-1752,CAND-2026-3413,REQ-2026-SCM-G2,Calibration Review,APD-INT-012,Talent Acquisition Partner,2026-03-01,2026-03-03,44.0,Yes,4.8,4.4,4.5,4.6,4.58,Composite and decision evidence reviewed in calibration
INT-2026-1753,CAND-2026-3414,REQ-2026-SCM-G2,Work Sample Review,APD-INT-013,Technical Assessor,2026-03-02,2026-03-03,18.0,Yes,4.4,4.5,4.6,4.7,4.55,Work sample evidence recorded against the controlled scoring key
INT-2026-1754,CAND-2026-3414,REQ-2026-SCM-G2,Structured Interview A,APD-INT-014,Hiring Manager,2026-03-04,2026-03-06,29.0,Yes,4.4,4.5,4.6,4.7,4.55,Behavioral evidence mapped to published BARS anchors
INT-2026-1755,CAND-2026-3414,REQ-2026-SCM-G2,Structured Interview B,APD-INT-015,Cross-functional Panelist,2026-03-06,2026-03-08,40.0,Yes,4.4,4.5,4.6,4.7,4.55,Independent follow-up evidence locked before panel release
INT-2026-1756,CAND-2026-3414,REQ-2026-SCM-G2,Calibration Review,APD-INT-016,Talent Acquisition Partner,2026-03-08,2026-03-09,14.0,Yes,4.4,4.5,4.6,4.7,4.55,Composite and decision evidence reviewed in calibration
INT-2026-1757,CAND-2026-3415,REQ-2026-SCM-G2,Work Sample Review,APD-INT-017,Technical Assessor,2026-02-24,2026-02-26,25.0,Yes,4.5,4.6,4.7,4.8,4.65,Work sample evidence recorded against the controlled scoring key
INT-2026-1758,CAND-2026-3415,REQ-2026-SCM-G2,Structured Interview A,APD-INT-018,Hiring Manager,2026-02-26,2026-02-28,36.0,Yes,4.5,4.6,4.7,4.8,4.65,Behavioral evidence mapped to published BARS anchors
INT-2026-1759,CAND-2026-3415,REQ-2026-SCM-G2,Structured Interview B,APD-INT-019,Cross-functional Panelist,2026-02-28,2026-03-02,47.0,Yes,4.5,4.6,4.7,4.8,4.65,Independent follow-up evidence locked before panel release
INT-2026-1760,CAND-2026-3415,REQ-2026-SCM-G2,Calibration Review,APD-INT-020,Talent Acquisition Partner,2026-03-02,2026-03-03,21.0,Yes,4.5,4.6,4.7,4.8,4.65,Composite and decision evidence reviewed in calibration
INT-2026-1761,CAND-2026-3416,REQ-2026-SCM-G2,Work Sample Review,APD-INT-021,Technical Assessor,2026-03-03,2026-03-05,32.0,Yes,4.4,4.5,4.6,4.7,4.55,Work sample evidence recorded against the controlled scoring key
INT-2026-1762,CAND-2026-3416,REQ-2026-SCM-G2,Structured Interview A,APD-INT-022,Hiring Manager,2026-03-05,2026-03-07,43.0,Yes,4.4,4.5,4.6,4.7,4.55,Behavioral evidence mapped to published BARS anchors
INT-2026-1763,CAND-2026-3416,REQ-2026-SCM-G2,Structured Interview B,APD-INT-023,Cross-functional Panelist,2026-03-07,2026-03-08,17.0,Yes,4.4,4.5,4.6,4.7,4.55,Independent follow-up evidence locked before panel release
INT-2026-1764,CAND-2026-3416,REQ-2026-SCM-G2,Calibration Review,APD-INT-024,Talent Acquisition Partner,2026-03-09,2026-03-11,28.0,Yes,4.4,4.5,4.6,4.7,4.55,Composite and decision evidence reviewed in calibration
INT-2026-1765,CAND-2026-3417,REQ-2026-SCM-G2,Work Sample Review,APD-INT-025,Technical Assessor,2026-02-25,2026-02-27,39.0,Yes,4.5,4.6,4.7,4.8,4.65,Work sample evidence recorded against the controlled scoring key
INT-2026-1766,CAND-2026-3417,REQ-2026-SCM-G2,Structured Interview A,APD-INT-026,Hiring Manager,2026-02-27,2026-02-28,13.0,Yes,4.5,4.6,4.7,4.8,4.65,Behavioral evidence mapped to published BARS anchors
INT-2026-1767,CAND-2026-3417,REQ-2026-SCM-G2,Structured Interview B,APD-INT-027,Cross-functional Panelist,2026-03-01,2026-03-02,24.0,Yes,4.5,4.6,4.7,4.8,4.65,Independent follow-up evidence locked before panel release
INT-2026-1768,CAND-2026-3417,REQ-2026-SCM-G2,Calibration Review,APD-INT-028,Talent Acquisition Partner,2026-03-03,2026-03-05,35.0,Yes,4.5,4.6,4.7,4.8,4.65,Composite and decision evidence reviewed in calibration
INT-2026-1769,CAND-2026-3418,REQ-2026-SCM-G2,Work Sample Review,APD-INT-029,Technical Assessor,2026-03-04,2026-03-06,46.0,Yes,4.6,4.7,4.8,4.4,4.63,Work sample evidence recorded against the controlled scoring key
INT-2026-1770,CAND-2026-3418,REQ-2026-SCM-G2,Structured Interview A,APD-INT-030,Hiring Manager,2026-03-06,2026-03-07,20.0,Yes,4.6,4.7,4.8,4.4,4.63,Behavioral evidence mapped to published BARS anchors
INT-2026-1771,CAND-2026-3418,REQ-2026-SCM-G2,Structured Interview B,APD-INT-031,Cross-functional Panelist,2026-03-08,2026-03-10,31.0,Yes,4.6,4.7,4.8,4.4,4.63,Independent follow-up evidence locked before panel release
INT-2026-1772,CAND-2026-3418,REQ-2026-SCM-G2,Calibration Review,APD-INT-032,Talent Acquisition Partner,2026-03-10,2026-03-12,42.0,Yes,4.6,4.7,4.8,4.4,4.63,Composite and decision evidence reviewed in calibration
INT-2026-1773,CAND-2026-3419,REQ-2026-SCM-G2,Work Sample Review,APD-INT-033,Technical Assessor,2026-02-26,2026-02-27,16.0,Yes,4.6,4.7,4.8,4.4,4.63,Work sample evidence recorded against the controlled scoring key
INT-2026-1774,CAND-2026-3419,REQ-2026-SCM-G2,Structured Interview A,APD-INT-034,Hiring Manager,2026-02-28,2026-03-02,27.0,Yes,4.6,4.7,4.8,4.4,4.63,Behavioral evidence mapped to published BARS anchors
INT-2026-1775,CAND-2026-3419,REQ-2026-SCM-G2,Structured Interview B,APD-INT-035,Cross-functional Panelist,2026-03-02,2026-03-04,38.0,Yes,4.6,4.7,4.8,4.4,4.63,Independent follow-up evidence locked before panel release
INT-2026-1776,CAND-2026-3419,REQ-2026-SCM-G2,Calibration Review,APD-INT-036,Talent Acquisition Partner,2026-03-04,2026-03-05,12.0,Yes,4.6,4.7,4.8,4.4,4.63,Composite and decision evidence reviewed in calibration
INT-2026-1777,CAND-2026-3420,REQ-2026-SCM-G2,Work Sample Review,APD-INT-037,Technical Assessor,2026-03-05,2026-03-06,23.0,Yes,4.7,4.8,4.4,4.5,4.60,Work sample evidence recorded against the controlled scoring key
INT-2026-1778,CAND-2026-3420,REQ-2026-SCM-G2,Structured Interview A,APD-INT-038,Hiring Manager,2026-03-07,2026-03-09,34.0,Yes,4.7,4.8,4.4,4.5,4.60,Behavioral evidence mapped to published BARS anchors
INT-2026-1779,CAND-2026-3420,REQ-2026-SCM-G2,Structured Interview B,APD-INT-039,Cross-functional Panelist,2026-03-09,2026-03-11,45.0,Yes,4.7,4.8,4.4,4.5,4.60,Independent follow-up evidence locked before panel release
INT-2026-1780,CAND-2026-3420,REQ-2026-SCM-G2,Calibration Review,APD-INT-040,Talent Acquisition Partner,2026-03-11,2026-03-12,19.0,Yes,4.7,4.8,4.4,4.5,4.60,Composite and decision evidence reviewed in calibration
INT-2026-1781,CAND-2026-3421,REQ-2026-SCM-G2,Work Sample Review,APD-INT-041,Technical Assessor,2026-02-27,2026-03-01,30.0,Yes,4.7,4.8,4.4,4.5,4.60,Work sample evidence recorded against the controlled scoring key
INT-2026-1782,CAND-2026-3421,REQ-2026-SCM-G2,Structured Interview A,APD-INT-042,Hiring Manager,2026-03-01,2026-03-03,41.0,Yes,4.7,4.8,4.4,4.5,4.60,Behavioral evidence mapped to published BARS anchors
INT-2026-1783,CAND-2026-3421,REQ-2026-SCM-G2,Structured Interview B,APD-INT-043,Cross-functional Panelist,2026-03-03,2026-03-04,15.0,Yes,4.7,4.8,4.4,4.5,4.60,Independent follow-up evidence locked before panel release
INT-2026-1784,CAND-2026-3421,REQ-2026-SCM-G2,Calibration Review,APD-INT-044,Talent Acquisition Partner,2026-03-05,2026-03-08,57.0,No,4.7,4.8,4.4,4.5,4.60,Composite and decision evidence reviewed in calibration
INT-2026-1785,CAND-2026-3422,REQ-2026-SCM-G2,Work Sample Review,APD-INT-045,Technical Assessor,2026-03-06,2026-03-09,64.0,No,4.8,4.4,4.5,4.6,4.58,Work sample evidence recorded against the controlled scoring key
INT-2026-1786,CAND-2026-3422,REQ-2026-SCM-G2,Structured Interview A,APD-INT-046,Hiring Manager,2026-03-08,2026-03-11,71.0,No,4.8,4.4,4.5,4.6,4.58,Behavioral evidence mapped to published BARS anchors
INT-2026-1787,CAND-2026-3422,REQ-2026-SCM-G2,Structured Interview B,APD-INT-047,Cross-functional Panelist,2026-03-10,2026-03-13,54.0,No,4.8,4.4,4.5,4.6,4.58,Independent follow-up evidence locked before panel release
INT-2026-1788,CAND-2026-3422,REQ-2026-SCM-G2,Calibration Review,APD-INT-048,Talent Acquisition Partner,2026-03-12,2026-03-15,61.0,No,4.8,4.4,4.5,4.6,4.58,Composite and decision evidence reviewed in calibration
INT-2026-1789,CAND-2026-3423,REQ-2026-SCM-G2,Work Sample Review,APD-INT-049,Technical Assessor,2026-02-28,2026-03-02,44.0,Yes,4.4,4.5,4.6,4.7,4.55,Work sample evidence recorded against the controlled scoring key
INT-2026-1790,CAND-2026-3423,REQ-2026-SCM-G2,Structured Interview A,APD-INT-050,Hiring Manager,2026-03-02,2026-03-03,18.0,Yes,4.4,4.5,4.6,4.7,4.55,Behavioral evidence mapped to published BARS anchors
INT-2026-1791,CAND-2026-3423,REQ-2026-SCM-G2,Structured Interview B,APD-INT-051,Cross-functional Panelist,2026-03-04,2026-03-06,29.0,Yes,4.4,4.5,4.6,4.7,4.55,Independent follow-up evidence locked before panel release
INT-2026-1792,CAND-2026-3423,REQ-2026-SCM-G2,Calibration Review,APD-INT-052,Talent Acquisition Partner,2026-03-06,2026-03-08,40.0,Yes,4.4,4.5,4.6,4.7,4.55,Composite and decision evidence reviewed in calibration
INT-2026-1793,CAND-2026-3424,REQ-2026-SCM-G2,Work Sample Review,APD-INT-053,Technical Assessor,2026-03-07,2026-03-08,14.0,Yes,4.8,4.4,4.5,4.6,4.58,Work sample evidence recorded against the controlled scoring key
INT-2026-1794,CAND-2026-3424,REQ-2026-SCM-G2,Structured Interview A,APD-INT-054,Hiring Manager,2026-03-09,2026-03-11,25.0,Yes,4.8,4.4,4.5,4.6,4.58,Behavioral evidence mapped to published BARS anchors
INT-2026-1795,CAND-2026-3424,REQ-2026-SCM-G2,Structured Interview B,APD-INT-055,Cross-functional Panelist,2026-03-11,2026-03-13,36.0,Yes,4.8,4.4,4.5,4.6,4.58,Independent follow-up evidence locked before panel release
INT-2026-1796,CAND-2026-3424,REQ-2026-SCM-G2,Calibration Review,APD-INT-056,Talent Acquisition Partner,2026-03-13,2026-03-15,47.0,Yes,4.8,4.4,4.5,4.6,4.58,Composite and decision evidence reviewed in calibration
INT-2026-1797,CAND-2026-3425,REQ-2026-SCM-G2,Work Sample Review,APD-INT-057,Technical Assessor,2026-03-01,2026-03-02,21.0,Yes,4.4,4.5,4.6,4.7,4.55,Work sample evidence recorded against the controlled scoring key
INT-2026-1798,CAND-2026-3425,REQ-2026-SCM-G2,Structured Interview A,APD-INT-058,Hiring Manager,2026-03-03,2026-03-05,32.0,Yes,4.4,4.5,4.6,4.7,4.55,Behavioral evidence mapped to published BARS anchors
INT-2026-1799,CAND-2026-3425,REQ-2026-SCM-G2,Structured Interview B,APD-INT-059,Cross-functional Panelist,2026-03-05,2026-03-07,43.0,Yes,4.4,4.5,4.6,4.7,4.55,Independent follow-up evidence locked before panel release
INT-2026-1800,CAND-2026-3425,REQ-2026-SCM-G2,Calibration Review,APD-INT-060,Talent Acquisition Partner,2026-03-07,2026-03-08,17.0,Yes,4.4,4.5,4.6,4.7,4.55,Composite and decision evidence reviewed in calibration
INT-2026-1801,CAND-2026-3426,REQ-2026-SCM-G2,Work Sample Review,APD-INT-001,Technical Assessor,2026-02-23,2026-02-25,28.0,Yes,4.0,3.4,3.4,4.1,3.73,Work sample evidence recorded against the controlled scoring key
INT-2026-1802,CAND-2026-3426,REQ-2026-SCM-G2,Structured Interview A,APD-INT-002,Hiring Manager,2026-02-25,2026-02-27,39.0,Yes,4.0,3.4,3.4,4.1,3.73,Behavioral evidence mapped to published BARS anchors
INT-2026-1803,CAND-2026-3426,REQ-2026-SCM-G2,Structured Interview B,APD-INT-003,Cross-functional Panelist,2026-02-27,2026-02-28,13.0,Yes,4.0,3.4,3.4,4.1,3.73,Independent follow-up evidence locked before panel release
INT-2026-1804,CAND-2026-3426,REQ-2026-SCM-G2,Calibration Review,APD-INT-004,Talent Acquisition Partner,2026-03-01,2026-03-02,24.0,Yes,4.0,3.4,3.4,4.1,3.73,Composite and decision evidence reviewed in calibration
INT-2026-1805,CAND-2026-3427,REQ-2026-SCM-G2,Work Sample Review,APD-INT-005,Technical Assessor,2026-03-02,2026-03-04,35.0,Yes,3.3,3.9,4.1,3.2,3.63,Work sample evidence recorded against the controlled scoring key
INT-2026-1806,CAND-2026-3427,REQ-2026-SCM-G2,Structured Interview A,APD-INT-006,Hiring Manager,2026-03-04,2026-03-06,46.0,Yes,3.3,3.9,4.1,3.2,3.63,Behavioral evidence mapped to published BARS anchors
INT-2026-1807,CAND-2026-3427,REQ-2026-SCM-G2,Structured Interview B,APD-INT-007,Cross-functional Panelist,2026-03-06,2026-03-07,20.0,Yes,3.3,3.9,4.1,3.2,3.63,Independent follow-up evidence locked before panel release
INT-2026-1808,CAND-2026-3427,REQ-2026-SCM-G2,Calibration Review,APD-INT-008,Talent Acquisition Partner,2026-03-08,2026-03-10,31.0,Yes,3.3,3.9,4.1,3.2,3.63,Composite and decision evidence reviewed in calibration
INT-2026-1809,CAND-2026-3428,REQ-2026-SCM-G2,Work Sample Review,APD-INT-009,Technical Assessor,2026-02-24,2026-02-26,42.0,Yes,3.6,3.3,3.8,3.4,3.53,Work sample evidence recorded against the controlled scoring key
INT-2026-1810,CAND-2026-3428,REQ-2026-SCM-G2,Structured Interview A,APD-INT-010,Hiring Manager,2026-02-26,2026-02-27,16.0,Yes,3.6,3.3,3.8,3.4,3.53,Behavioral evidence mapped to published BARS anchors
INT-2026-1811,CAND-2026-3428,REQ-2026-SCM-G2,Structured Interview B,APD-INT-011,Cross-functional Panelist,2026-02-28,2026-03-02,27.0,Yes,3.6,3.3,3.8,3.4,3.53,Independent follow-up evidence locked before panel release
INT-2026-1812,CAND-2026-3428,REQ-2026-SCM-G2,Calibration Review,APD-INT-012,Talent Acquisition Partner,2026-03-02,2026-03-04,38.0,Yes,3.6,3.3,3.8,3.4,3.53,Composite and decision evidence reviewed in calibration
INT-2026-1813,CAND-2026-3429,REQ-2026-SCM-G2,Work Sample Review,APD-INT-013,Technical Assessor,2026-03-03,2026-03-04,12.0,Yes,3.9,3.8,3.5,3.6,3.70,Work sample evidence recorded against the controlled scoring key
INT-2026-1814,CAND-2026-3429,REQ-2026-SCM-G2,Structured Interview A,APD-INT-014,Hiring Manager,2026-03-05,2026-03-06,23.0,Yes,3.9,3.8,3.5,3.6,3.70,Behavioral evidence mapped to published BARS anchors
INT-2026-1815,CAND-2026-3429,REQ-2026-SCM-G2,Structured Interview B,APD-INT-015,Cross-functional Panelist,2026-03-07,2026-03-09,34.0,Yes,3.9,3.8,3.5,3.6,3.70,Independent follow-up evidence locked before panel release
INT-2026-1816,CAND-2026-3429,REQ-2026-SCM-G2,Calibration Review,APD-INT-016,Talent Acquisition Partner,2026-03-09,2026-03-11,45.0,Yes,3.9,3.8,3.5,3.6,3.70,Composite and decision evidence reviewed in calibration
INT-2026-1817,CAND-2026-3430,REQ-2026-SCM-G2,Work Sample Review,APD-INT-017,Technical Assessor,2026-02-25,2026-02-26,19.0,Yes,3.2,3.2,3.2,3.8,3.35,Work sample evidence recorded against the controlled scoring key
INT-2026-1818,CAND-2026-3430,REQ-2026-SCM-G2,Structured Interview A,APD-INT-018,Hiring Manager,2026-02-27,2026-03-01,30.0,Yes,3.2,3.2,3.2,3.8,3.35,Behavioral evidence mapped to published BARS anchors
INT-2026-1819,CAND-2026-3430,REQ-2026-SCM-G2,Structured Interview B,APD-INT-019,Cross-functional Panelist,2026-03-01,2026-03-03,41.0,Yes,3.2,3.2,3.2,3.8,3.35,Independent follow-up evidence locked before panel release
INT-2026-1820,CAND-2026-3430,REQ-2026-SCM-G2,Calibration Review,APD-INT-020,Talent Acquisition Partner,2026-03-03,2026-03-04,15.0,Yes,3.2,3.2,3.2,3.8,3.35,Composite and decision evidence reviewed in calibration
INT-2026-1821,CAND-2026-3431,REQ-2026-SCM-G2,Work Sample Review,APD-INT-021,Technical Assessor,2026-03-04,2026-03-06,26.0,Yes,3.5,3.7,3.9,4.0,3.78,Work sample evidence recorded against the controlled scoring key
INT-2026-1822,CAND-2026-3431,REQ-2026-SCM-G2,Structured Interview A,APD-INT-022,Hiring Manager,2026-03-06,2026-03-08,37.0,Yes,3.5,3.7,3.9,4.0,3.78,Behavioral evidence mapped to published BARS anchors
INT-2026-1823,CAND-2026-3431,REQ-2026-SCM-G2,Structured Interview B,APD-INT-023,Cross-functional Panelist,2026-03-08,2026-03-10,48.0,Yes,3.5,3.7,3.9,4.0,3.78,Independent follow-up evidence locked before panel release
INT-2026-1824,CAND-2026-3431,REQ-2026-SCM-G2,Calibration Review,APD-INT-024,Talent Acquisition Partner,2026-03-10,2026-03-11,22.0,Yes,3.5,3.7,3.9,4.0,3.78,Composite and decision evidence reviewed in calibration
INT-2026-1825,CAND-2026-3432,REQ-2026-SCM-G2,Work Sample Review,APD-INT-025,Technical Assessor,2026-02-26,2026-02-28,33.0,Yes,3.8,3.1,3.6,3.1,3.40,Work sample evidence recorded against the controlled scoring key
INT-2026-1826,CAND-2026-3432,REQ-2026-SCM-G2,Structured Interview A,APD-INT-026,Hiring Manager,2026-02-28,2026-03-02,44.0,Yes,3.8,3.1,3.6,3.1,3.40,Behavioral evidence mapped to published BARS anchors
INT-2026-1827,CAND-2026-3432,REQ-2026-SCM-G2,Structured Interview B,APD-INT-027,Cross-functional Panelist,2026-03-02,2026-03-03,18.0,Yes,3.8,3.1,3.6,3.1,3.40,Independent follow-up evidence locked before panel release
INT-2026-1828,CAND-2026-3432,REQ-2026-SCM-G2,Calibration Review,APD-INT-028,Talent Acquisition Partner,2026-03-04,2026-03-06,29.0,Yes,3.8,3.1,3.6,3.1,3.40,Composite and decision evidence reviewed in calibration
INT-2026-1829,CAND-2026-3433,REQ-2026-SCM-G2,Work Sample Review,APD-INT-029,Technical Assessor,2026-03-05,2026-03-07,40.0,Yes,4.1,3.6,3.3,3.3,3.58,Work sample evidence recorded against the controlled scoring key
INT-2026-1830,CAND-2026-3433,REQ-2026-SCM-G2,Structured Interview A,APD-INT-030,Hiring Manager,2026-03-07,2026-03-08,14.0,Yes,4.1,3.6,3.3,3.3,3.58,Behavioral evidence mapped to published BARS anchors
INT-2026-1831,CAND-2026-3433,REQ-2026-SCM-G2,Structured Interview B,APD-INT-031,Cross-functional Panelist,2026-03-09,2026-03-11,25.0,Yes,4.1,3.6,3.3,3.3,3.58,Independent follow-up evidence locked before panel release
INT-2026-1832,CAND-2026-3433,REQ-2026-SCM-G2,Calibration Review,APD-INT-032,Talent Acquisition Partner,2026-03-11,2026-03-13,36.0,Yes,4.1,3.6,3.3,3.3,3.58,Composite and decision evidence reviewed in calibration
INT-2026-1833,CAND-2026-3434,REQ-2026-SCM-G2,Work Sample Review,APD-INT-033,Technical Assessor,2026-02-27,2026-03-01,47.0,Yes,3.4,4.1,4.0,3.5,3.75,Work sample evidence recorded against the controlled scoring key
INT-2026-1834,CAND-2026-3434,REQ-2026-SCM-G2,Structured Interview A,APD-INT-034,Hiring Manager,2026-03-01,2026-03-02,21.0,Yes,3.4,4.1,4.0,3.5,3.75,Behavioral evidence mapped to published BARS anchors
INT-2026-1835,CAND-2026-3434,REQ-2026-SCM-G2,Structured Interview B,APD-INT-035,Cross-functional Panelist,2026-03-03,2026-03-05,32.0,Yes,3.4,4.1,4.0,3.5,3.75,Independent follow-up evidence locked before panel release
INT-2026-1836,CAND-2026-3434,REQ-2026-SCM-G2,Calibration Review,APD-INT-036,Talent Acquisition Partner,2026-03-05,2026-03-07,43.0,Yes,3.4,4.1,4.0,3.5,3.75,Composite and decision evidence reviewed in calibration
INT-2026-1837,CAND-2026-3435,REQ-2026-SCM-G2,Work Sample Review,APD-INT-037,Technical Assessor,2026-03-06,2026-03-07,17.0,Yes,3.7,3.5,3.7,3.7,3.65,Work sample evidence recorded against the controlled scoring key
INT-2026-1838,CAND-2026-3435,REQ-2026-SCM-G2,Structured Interview A,APD-INT-038,Hiring Manager,2026-03-08,2026-03-11,51.0,No,3.7,3.5,3.7,3.7,3.65,Behavioral evidence mapped to published BARS anchors
INT-2026-1839,CAND-2026-3435,REQ-2026-SCM-G2,Structured Interview B,APD-INT-039,Cross-functional Panelist,2026-03-10,2026-03-13,58.0,No,3.7,3.5,3.7,3.7,3.65,Independent follow-up evidence locked before panel release
INT-2026-1840,CAND-2026-3435,REQ-2026-SCM-G2,Calibration Review,APD-INT-040,Talent Acquisition Partner,2026-03-12,2026-03-15,65.0,No,3.7,3.5,3.7,3.7,3.65,Composite and decision evidence reviewed in calibration
INT-2026-1841,CAND-2026-3436,REQ-2026-SCM-G2,Work Sample Review,APD-INT-041,Technical Assessor,2026-02-28,2026-03-03,72.0,No,4.0,4.0,3.4,3.9,3.83,Work sample evidence recorded against the controlled scoring key
INT-2026-1842,CAND-2026-3436,REQ-2026-SCM-G2,Structured Interview A,APD-INT-042,Hiring Manager,2026-03-02,2026-03-05,55.0,No,4.0,4.0,3.4,3.9,3.83,Behavioral evidence mapped to published BARS anchors
INT-2026-1843,CAND-2026-3436,REQ-2026-SCM-G2,Structured Interview B,APD-INT-043,Cross-functional Panelist,2026-03-04,2026-03-06,46.0,Yes,4.0,4.0,3.4,3.9,3.83,Independent follow-up evidence locked before panel release
INT-2026-1844,CAND-2026-3436,REQ-2026-SCM-G2,Calibration Review,APD-INT-044,Talent Acquisition Partner,2026-03-06,2026-03-07,20.0,Yes,4.0,4.0,3.4,3.9,3.83,Composite and decision evidence reviewed in calibration
INT-2026-1845,CAND-2026-3437,REQ-2026-SCM-G2,Work Sample Review,APD-INT-045,Technical Assessor,2026-03-07,2026-03-09,31.0,Yes,3.3,3.4,4.1,4.1,3.73,Work sample evidence recorded against the controlled scoring key
INT-2026-1846,CAND-2026-3437,REQ-2026-SCM-G2,Structured Interview A,APD-INT-046,Hiring Manager,2026-03-09,2026-03-11,42.0,Yes,3.3,3.4,4.1,4.1,3.73,Behavioral evidence mapped to published BARS anchors
INT-2026-1847,CAND-2026-3437,REQ-2026-SCM-G2,Structured Interview B,APD-INT-047,Cross-functional Panelist,2026-03-11,2026-03-12,16.0,Yes,3.3,3.4,4.1,4.1,3.73,Independent follow-up evidence locked before panel release
INT-2026-1848,CAND-2026-3437,REQ-2026-SCM-G2,Calibration Review,APD-INT-048,Talent Acquisition Partner,2026-03-13,2026-03-15,27.0,Yes,3.3,3.4,4.1,4.1,3.73,Composite and decision evidence reviewed in calibration
INT-2026-1849,CAND-2026-3438,REQ-2026-SCM-G2,Work Sample Review,APD-INT-049,Technical Assessor,2026-03-01,2026-03-03,38.0,Yes,3.6,3.9,3.8,3.2,3.63,Work sample evidence recorded against the controlled scoring key
INT-2026-1850,CAND-2026-3438,REQ-2026-SCM-G2,Structured Interview A,APD-INT-050,Hiring Manager,2026-03-03,2026-03-04,12.0,Yes,3.6,3.9,3.8,3.2,3.63,Behavioral evidence mapped to published BARS anchors
INT-2026-1851,CAND-2026-3438,REQ-2026-SCM-G2,Structured Interview B,APD-INT-051,Cross-functional Panelist,2026-03-05,2026-03-06,23.0,Yes,3.6,3.9,3.8,3.2,3.63,Independent follow-up evidence locked before panel release
INT-2026-1852,CAND-2026-3438,REQ-2026-SCM-G2,Calibration Review,APD-INT-052,Talent Acquisition Partner,2026-03-07,2026-03-09,34.0,Yes,3.6,3.9,3.8,3.2,3.63,Composite and decision evidence reviewed in calibration
INT-2026-1853,CAND-2026-3439,REQ-2026-SCM-G2,Work Sample Review,APD-INT-053,Technical Assessor,2026-02-23,2026-02-25,45.0,Yes,3.9,3.3,3.5,3.4,3.53,Work sample evidence recorded against the controlled scoring key
INT-2026-1854,CAND-2026-3439,REQ-2026-SCM-G2,Structured Interview A,APD-INT-054,Hiring Manager,2026-02-25,2026-02-26,19.0,Yes,3.9,3.3,3.5,3.4,3.53,Behavioral evidence mapped to published BARS anchors
INT-2026-1855,CAND-2026-3439,REQ-2026-SCM-G2,Structured Interview B,APD-INT-055,Cross-functional Panelist,2026-02-27,2026-03-01,30.0,Yes,3.9,3.3,3.5,3.4,3.53,Independent follow-up evidence locked before panel release
INT-2026-1856,CAND-2026-3439,REQ-2026-SCM-G2,Calibration Review,APD-INT-056,Talent Acquisition Partner,2026-03-01,2026-03-03,41.0,Yes,3.9,3.3,3.5,3.4,3.53,Composite and decision evidence reviewed in calibration
INT-2026-1857,CAND-2026-3440,REQ-2026-SCM-G2,Work Sample Review,APD-INT-057,Technical Assessor,2026-03-02,2026-03-03,15.0,Yes,3.2,3.8,3.2,3.6,3.45,Work sample evidence recorded against the controlled scoring key
INT-2026-1858,CAND-2026-3440,REQ-2026-SCM-G2,Structured Interview A,APD-INT-058,Hiring Manager,2026-03-04,2026-03-06,26.0,Yes,3.2,3.8,3.2,3.6,3.45,Behavioral evidence mapped to published BARS anchors
INT-2026-1859,CAND-2026-3440,REQ-2026-SCM-G2,Structured Interview B,APD-INT-059,Cross-functional Panelist,2026-03-06,2026-03-08,37.0,Yes,3.2,3.8,3.2,3.6,3.45,Independent follow-up evidence locked before panel release
INT-2026-1860,CAND-2026-3440,REQ-2026-SCM-G2,Calibration Review,APD-INT-060,Talent Acquisition Partner,2026-03-08,2026-03-10,48.0,Yes,3.2,3.8,3.2,3.6,3.45,Composite and decision evidence reviewed in calibration
INT-2026-1861,CAND-2026-3441,REQ-2026-SCM-G2,Work Sample Review,APD-INT-001,Technical Assessor,2026-02-24,2026-02-25,22.0,Yes,3.5,3.2,3.9,3.8,3.60,Work sample evidence recorded against the controlled scoring key
INT-2026-1862,CAND-2026-3441,REQ-2026-SCM-G2,Structured Interview A,APD-INT-002,Hiring Manager,2026-02-26,2026-02-28,33.0,Yes,3.5,3.2,3.9,3.8,3.60,Behavioral evidence mapped to published BARS anchors
INT-2026-1863,CAND-2026-3441,REQ-2026-SCM-G2,Structured Interview B,APD-INT-003,Cross-functional Panelist,2026-02-28,2026-03-02,44.0,Yes,3.5,3.2,3.9,3.8,3.60,Independent follow-up evidence locked before panel release
INT-2026-1864,CAND-2026-3441,REQ-2026-SCM-G2,Calibration Review,APD-INT-004,Talent Acquisition Partner,2026-03-02,2026-03-03,18.0,Yes,3.5,3.2,3.9,3.8,3.60,Composite and decision evidence reviewed in calibration
INT-2026-1865,CAND-2026-3442,REQ-2026-SCM-G2,Work Sample Review,APD-INT-005,Technical Assessor,2026-03-03,2026-03-05,29.0,Yes,3.8,3.7,3.6,4.0,3.78,Work sample evidence recorded against the controlled scoring key
INT-2026-1866,CAND-2026-3442,REQ-2026-SCM-G2,Structured Interview A,APD-INT-006,Hiring Manager,2026-03-05,2026-03-07,40.0,Yes,3.8,3.7,3.6,4.0,3.78,Behavioral evidence mapped to published BARS anchors
INT-2026-1867,CAND-2026-3442,REQ-2026-SCM-G2,Structured Interview B,APD-INT-007,Cross-functional Panelist,2026-03-07,2026-03-08,14.0,Yes,3.8,3.7,3.6,4.0,3.78,Independent follow-up evidence locked before panel release
INT-2026-1868,CAND-2026-3442,REQ-2026-SCM-G2,Calibration Review,APD-INT-008,Talent Acquisition Partner,2026-03-09,2026-03-11,25.0,Yes,3.8,3.7,3.6,4.0,3.78,Composite and decision evidence reviewed in calibration
INT-2026-1869,CAND-2026-3443,REQ-2026-SCM-G2,Work Sample Review,APD-INT-009,Technical Assessor,2026-02-25,2026-02-27,36.0,Yes,4.1,3.1,3.3,3.1,3.40,Work sample evidence recorded against the controlled scoring key
INT-2026-1870,CAND-2026-3443,REQ-2026-SCM-G2,Structured Interview A,APD-INT-010,Hiring Manager,2026-02-27,2026-03-01,47.0,Yes,4.1,3.1,3.3,3.1,3.40,Behavioral evidence mapped to published BARS anchors
INT-2026-1871,CAND-2026-3443,REQ-2026-SCM-G2,Structured Interview B,APD-INT-011,Cross-functional Panelist,2026-03-01,2026-03-02,21.0,Yes,4.1,3.1,3.3,3.1,3.40,Independent follow-up evidence locked before panel release
INT-2026-1872,CAND-2026-3443,REQ-2026-SCM-G2,Calibration Review,APD-INT-012,Talent Acquisition Partner,2026-03-03,2026-03-05,32.0,Yes,4.1,3.1,3.3,3.1,3.40,Composite and decision evidence reviewed in calibration
INT-2026-1873,CAND-2026-3444,REQ-2026-SCM-G2,Work Sample Review,APD-INT-013,Technical Assessor,2026-03-04,2026-03-06,43.0,Yes,3.4,3.6,4.0,3.3,3.58,Work sample evidence recorded against the controlled scoring key
INT-2026-1874,CAND-2026-3444,REQ-2026-SCM-G2,Structured Interview A,APD-INT-014,Hiring Manager,2026-03-06,2026-03-07,17.0,Yes,3.4,3.6,4.0,3.3,3.58,Behavioral evidence mapped to published BARS anchors
INT-2026-1875,CAND-2026-3444,REQ-2026-SCM-G2,Structured Interview B,APD-INT-015,Cross-functional Panelist,2026-03-08,2026-03-10,28.0,Yes,3.4,3.6,4.0,3.3,3.58,Independent follow-up evidence locked before panel release
INT-2026-1876,CAND-2026-3444,REQ-2026-SCM-G2,Calibration Review,APD-INT-016,Talent Acquisition Partner,2026-03-10,2026-03-12,39.0,Yes,3.4,3.6,4.0,3.3,3.58,Composite and decision evidence reviewed in calibration
INT-2026-1877,CAND-2026-3445,REQ-2026-SCM-G2,Work Sample Review,APD-INT-017,Technical Assessor,2026-02-26,2026-02-27,13.0,Yes,3.7,4.1,3.7,3.5,3.75,Work sample evidence recorded against the controlled scoring key
INT-2026-1878,CAND-2026-3445,REQ-2026-SCM-G2,Structured Interview A,APD-INT-018,Hiring Manager,2026-02-28,2026-03-01,24.0,Yes,3.7,4.1,3.7,3.5,3.75,Behavioral evidence mapped to published BARS anchors
INT-2026-1879,CAND-2026-3445,REQ-2026-SCM-G2,Structured Interview B,APD-INT-019,Cross-functional Panelist,2026-03-02,2026-03-04,35.0,Yes,3.7,4.1,3.7,3.5,3.75,Independent follow-up evidence locked before panel release
INT-2026-1880,CAND-2026-3445,REQ-2026-SCM-G2,Calibration Review,APD-INT-020,Talent Acquisition Partner,2026-03-04,2026-03-06,46.0,Yes,3.7,4.1,3.7,3.5,3.75,Composite and decision evidence reviewed in calibration
INT-2026-1881,CAND-2026-3446,REQ-2026-SCM-G2,Work Sample Review,APD-INT-021,Technical Assessor,2026-03-05,2026-03-06,20.0,Yes,4.0,3.5,3.4,3.7,3.65,Work sample evidence recorded against the controlled scoring key
INT-2026-1882,CAND-2026-3446,REQ-2026-SCM-G2,Structured Interview A,APD-INT-022,Hiring Manager,2026-03-07,2026-03-09,31.0,Yes,4.0,3.5,3.4,3.7,3.65,Behavioral evidence mapped to published BARS anchors
INT-2026-1883,CAND-2026-3446,REQ-2026-SCM-G2,Structured Interview B,APD-INT-023,Cross-functional Panelist,2026-03-09,2026-03-11,42.0,Yes,4.0,3.5,3.4,3.7,3.65,Independent follow-up evidence locked before panel release
INT-2026-1884,CAND-2026-3446,REQ-2026-SCM-G2,Calibration Review,APD-INT-024,Talent Acquisition Partner,2026-03-11,2026-03-12,16.0,Yes,4.0,3.5,3.4,3.7,3.65,Composite and decision evidence reviewed in calibration
INT-2026-1885,CAND-2026-3447,REQ-2026-SCM-G2,Work Sample Review,APD-INT-025,Technical Assessor,2026-02-27,2026-03-01,27.0,Yes,3.3,4.0,4.1,3.9,3.83,Work sample evidence recorded against the controlled scoring key
INT-2026-1886,CAND-2026-3447,REQ-2026-SCM-G2,Structured Interview A,APD-INT-026,Hiring Manager,2026-03-01,2026-03-03,38.0,Yes,3.3,4.0,4.1,3.9,3.83,Behavioral evidence mapped to published BARS anchors
INT-2026-1887,CAND-2026-3447,REQ-2026-SCM-G2,Structured Interview B,APD-INT-027,Cross-functional Panelist,2026-03-03,2026-03-04,12.0,Yes,3.3,4.0,4.1,3.9,3.83,Independent follow-up evidence locked before panel release
INT-2026-1888,CAND-2026-3447,REQ-2026-SCM-G2,Calibration Review,APD-INT-028,Talent Acquisition Partner,2026-03-05,2026-03-06,23.0,Yes,3.3,4.0,4.1,3.9,3.83,Composite and decision evidence reviewed in calibration
INT-2026-1889,CAND-2026-3448,REQ-2026-SCM-G2,Work Sample Review,APD-INT-029,Technical Assessor,2026-03-06,2026-03-08,34.0,Yes,3.6,3.4,3.8,4.1,3.73,Work sample evidence recorded against the controlled scoring key
INT-2026-1890,CAND-2026-3448,REQ-2026-SCM-G2,Structured Interview A,APD-INT-030,Hiring Manager,2026-03-08,2026-03-10,45.0,Yes,3.6,3.4,3.8,4.1,3.73,Behavioral evidence mapped to published BARS anchors
INT-2026-1891,CAND-2026-3448,REQ-2026-SCM-G2,Structured Interview B,APD-INT-031,Cross-functional Panelist,2026-03-10,2026-03-11,19.0,Yes,3.6,3.4,3.8,4.1,3.73,Independent follow-up evidence locked before panel release
INT-2026-1892,CAND-2026-3448,REQ-2026-SCM-G2,Calibration Review,APD-INT-032,Talent Acquisition Partner,2026-03-12,2026-03-15,69.0,No,3.6,3.4,3.8,4.1,3.73,Composite and decision evidence reviewed in calibration
INT-2026-1893,CAND-2026-3449,REQ-2026-SCM-G2,Work Sample Review,APD-INT-033,Technical Assessor,2026-02-28,2026-03-03,52.0,No,3.9,3.9,3.5,3.2,3.63,Work sample evidence recorded against the controlled scoring key
INT-2026-1894,CAND-2026-3449,REQ-2026-SCM-G2,Structured Interview A,APD-INT-034,Hiring Manager,2026-03-02,2026-03-05,59.0,No,3.9,3.9,3.5,3.2,3.63,Behavioral evidence mapped to published BARS anchors
INT-2026-1895,CAND-2026-3449,REQ-2026-SCM-G2,Structured Interview B,APD-INT-035,Cross-functional Panelist,2026-03-04,2026-03-07,66.0,No,3.9,3.9,3.5,3.2,3.63,Independent follow-up evidence locked before panel release
INT-2026-1896,CAND-2026-3449,REQ-2026-SCM-G2,Calibration Review,APD-INT-036,Talent Acquisition Partner,2026-03-06,2026-03-09,49.0,No,3.9,3.9,3.5,3.2,3.63,Composite and decision evidence reviewed in calibration
INT-2026-1897,CAND-2026-3450,REQ-2026-SCM-G2,Work Sample Review,APD-INT-037,Technical Assessor,2026-03-07,2026-03-09,48.0,Yes,3.2,3.3,3.2,3.4,3.28,Work sample evidence recorded against the controlled scoring key
INT-2026-1898,CAND-2026-3450,REQ-2026-SCM-G2,Structured Interview A,APD-INT-038,Hiring Manager,2026-03-09,2026-03-10,22.0,Yes,3.2,3.3,3.2,3.4,3.28,Behavioral evidence mapped to published BARS anchors
INT-2026-1899,CAND-2026-3450,REQ-2026-SCM-G2,Structured Interview B,APD-INT-039,Cross-functional Panelist,2026-03-11,2026-03-13,33.0,Yes,3.2,3.3,3.2,3.4,3.28,Independent follow-up evidence locked before panel release
INT-2026-1900,CAND-2026-3450,REQ-2026-SCM-G2,Calibration Review,APD-INT-040,Talent Acquisition Partner,2026-03-13,2026-03-15,44.0,Yes,3.2,3.3,3.2,3.4,3.28,Composite and decision evidence reviewed in calibration
INT-2026-1901,CAND-2026-3451,REQ-2026-SCM-G2,Work Sample Review,APD-INT-041,Technical Assessor,2026-03-01,2026-03-02,18.0,Yes,3.5,3.8,3.9,3.6,3.70,Work sample evidence recorded against the controlled scoring key
INT-2026-1902,CAND-2026-3451,REQ-2026-SCM-G2,Structured Interview A,APD-INT-042,Hiring Manager,2026-03-03,2026-03-05,29.0,Yes,3.5,3.8,3.9,3.6,3.70,Behavioral evidence mapped to published BARS anchors
INT-2026-1903,CAND-2026-3451,REQ-2026-SCM-G2,Structured Interview B,APD-INT-043,Cross-functional Panelist,2026-03-05,2026-03-07,40.0,Yes,3.5,3.8,3.9,3.6,3.70,Independent follow-up evidence locked before panel release
INT-2026-1904,CAND-2026-3451,REQ-2026-SCM-G2,Calibration Review,APD-INT-044,Talent Acquisition Partner,2026-03-07,2026-03-08,14.0,Yes,3.5,3.8,3.9,3.6,3.70,Composite and decision evidence reviewed in calibration
INT-2026-1905,CAND-2026-3452,REQ-2026-SCM-G2,Work Sample Review,APD-INT-045,Technical Assessor,2026-02-23,2026-02-25,25.0,Yes,3.8,3.2,3.6,3.8,3.60,Work sample evidence recorded against the controlled scoring key
INT-2026-1906,CAND-2026-3452,REQ-2026-SCM-G2,Structured Interview A,APD-INT-046,Hiring Manager,2026-02-25,2026-02-27,36.0,Yes,3.8,3.2,3.6,3.8,3.60,Behavioral evidence mapped to published BARS anchors
INT-2026-1907,CAND-2026-3452,REQ-2026-SCM-G2,Structured Interview B,APD-INT-047,Cross-functional Panelist,2026-02-27,2026-03-01,47.0,Yes,3.8,3.2,3.6,3.8,3.60,Independent follow-up evidence locked before panel release
INT-2026-1908,CAND-2026-3452,REQ-2026-SCM-G2,Calibration Review,APD-INT-048,Talent Acquisition Partner,2026-03-01,2026-03-02,21.0,Yes,3.8,3.2,3.6,3.8,3.60,Composite and decision evidence reviewed in calibration
INT-2026-1909,CAND-2026-3453,REQ-2026-SCM-G2,Work Sample Review,APD-INT-049,Technical Assessor,2026-03-02,2026-03-04,32.0,Yes,4.1,3.7,3.3,4.0,3.78,Work sample evidence recorded against the controlled scoring key
INT-2026-1910,CAND-2026-3453,REQ-2026-SCM-G2,Structured Interview A,APD-INT-050,Hiring Manager,2026-03-04,2026-03-06,43.0,Yes,4.1,3.7,3.3,4.0,3.78,Behavioral evidence mapped to published BARS anchors
INT-2026-1911,CAND-2026-3453,REQ-2026-SCM-G2,Structured Interview B,APD-INT-051,Cross-functional Panelist,2026-03-06,2026-03-07,17.0,Yes,4.1,3.7,3.3,4.0,3.78,Independent follow-up evidence locked before panel release
INT-2026-1912,CAND-2026-3453,REQ-2026-SCM-G2,Calibration Review,APD-INT-052,Talent Acquisition Partner,2026-03-08,2026-03-10,28.0,Yes,4.1,3.7,3.3,4.0,3.78,Composite and decision evidence reviewed in calibration
INT-2026-1913,CAND-2026-3454,REQ-2026-SCM-G2,Work Sample Review,APD-INT-053,Technical Assessor,2026-02-24,2026-02-26,39.0,Yes,3.4,3.1,4.0,3.1,3.40,Work sample evidence recorded against the controlled scoring key
INT-2026-1914,CAND-2026-3454,REQ-2026-SCM-G2,Structured Interview A,APD-INT-054,Hiring Manager,2026-02-26,2026-02-27,13.0,Yes,3.4,3.1,4.0,3.1,3.40,Behavioral evidence mapped to published BARS anchors
INT-2026-1915,CAND-2026-3454,REQ-2026-SCM-G2,Structured Interview B,APD-INT-055,Cross-functional Panelist,2026-02-28,2026-03-01,24.0,Yes,3.4,3.1,4.0,3.1,3.40,Independent follow-up evidence locked before panel release
INT-2026-1916,CAND-2026-3454,REQ-2026-SCM-G2,Calibration Review,APD-INT-056,Talent Acquisition Partner,2026-03-02,2026-03-04,35.0,Yes,3.4,3.1,4.0,3.1,3.40,Composite and decision evidence reviewed in calibration
INT-2026-1917,CAND-2026-3455,REQ-2026-SCM-G2,Work Sample Review,APD-INT-057,Technical Assessor,2026-03-03,2026-03-05,46.0,Yes,3.7,3.6,3.7,3.3,3.58,Work sample evidence recorded against the controlled scoring key
INT-2026-1918,CAND-2026-3455,REQ-2026-SCM-G2,Structured Interview A,APD-INT-058,Hiring Manager,2026-03-05,2026-03-06,20.0,Yes,3.7,3.6,3.7,3.3,3.58,Behavioral evidence mapped to published BARS anchors
INT-2026-1919,CAND-2026-3455,REQ-2026-SCM-G2,Structured Interview B,APD-INT-059,Cross-functional Panelist,2026-03-07,2026-03-09,31.0,Yes,3.7,3.6,3.7,3.3,3.58,Independent follow-up evidence locked before panel release
INT-2026-1920,CAND-2026-3455,REQ-2026-SCM-G2,Calibration Review,APD-INT-060,Talent Acquisition Partner,2026-03-09,2026-03-11,42.0,Yes,3.7,3.6,3.7,3.3,3.58,Composite and decision evidence reviewed in calibration
INT-2026-1921,CAND-2026-3456,REQ-2026-SCM-G2,Work Sample Review,APD-INT-001,Technical Assessor,2026-02-25,2026-02-26,16.0,Yes,4.0,4.1,3.4,3.5,3.75,Work sample evidence recorded against the controlled scoring key
INT-2026-1922,CAND-2026-3456,REQ-2026-SCM-G2,Structured Interview A,APD-INT-002,Hiring Manager,2026-02-27,2026-03-01,27.0,Yes,4.0,4.1,3.4,3.5,3.75,Behavioral evidence mapped to published BARS anchors
INT-2026-1923,CAND-2026-3456,REQ-2026-SCM-G2,Structured Interview B,APD-INT-003,Cross-functional Panelist,2026-03-01,2026-03-03,38.0,Yes,4.0,4.1,3.4,3.5,3.75,Independent follow-up evidence locked before panel release
INT-2026-1924,CAND-2026-3456,REQ-2026-SCM-G2,Calibration Review,APD-INT-004,Talent Acquisition Partner,2026-03-03,2026-03-04,12.0,Yes,4.0,4.1,3.4,3.5,3.75,Composite and decision evidence reviewed in calibration
INT-2026-1925,CAND-2026-3457,REQ-2026-SCM-G2,Work Sample Review,APD-INT-005,Technical Assessor,2026-03-04,2026-03-05,23.0,Yes,3.3,3.5,4.1,3.7,3.65,Work sample evidence recorded against the controlled scoring key
INT-2026-1926,CAND-2026-3457,REQ-2026-SCM-G2,Structured Interview A,APD-INT-006,Hiring Manager,2026-03-06,2026-03-08,34.0,Yes,3.3,3.5,4.1,3.7,3.65,Behavioral evidence mapped to published BARS anchors
INT-2026-1927,CAND-2026-3457,REQ-2026-SCM-G2,Structured Interview B,APD-INT-007,Cross-functional Panelist,2026-03-08,2026-03-10,45.0,Yes,3.3,3.5,4.1,3.7,3.65,Independent follow-up evidence locked before panel release
INT-2026-1928,CAND-2026-3457,REQ-2026-SCM-G2,Calibration Review,APD-INT-008,Talent Acquisition Partner,2026-03-10,2026-03-11,19.0,Yes,3.3,3.5,4.1,3.7,3.65,Composite and decision evidence reviewed in calibration
INT-2026-1929,CAND-2026-3458,REQ-2026-SCM-G2,Work Sample Review,APD-INT-009,Technical Assessor,2026-02-26,2026-02-28,30.0,Yes,3.6,4.0,3.8,3.9,3.83,Work sample evidence recorded against the controlled scoring key
INT-2026-1930,CAND-2026-3458,REQ-2026-SCM-G2,Structured Interview A,APD-INT-010,Hiring Manager,2026-02-28,2026-03-02,41.0,Yes,3.6,4.0,3.8,3.9,3.83,Behavioral evidence mapped to published BARS anchors
INT-2026-1931,CAND-2026-3458,REQ-2026-SCM-G2,Structured Interview B,APD-INT-011,Cross-functional Panelist,2026-03-02,2026-03-03,15.0,Yes,3.6,4.0,3.8,3.9,3.83,Independent follow-up evidence locked before panel release
INT-2026-1932,CAND-2026-3458,REQ-2026-SCM-G2,Calibration Review,APD-INT-012,Talent Acquisition Partner,2026-03-04,2026-03-06,26.0,Yes,3.6,4.0,3.8,3.9,3.83,Composite and decision evidence reviewed in calibration
INT-2026-1933,CAND-2026-3459,REQ-2026-SCM-G2,Work Sample Review,APD-INT-013,Technical Assessor,2026-03-05,2026-03-07,37.0,Yes,3.9,3.4,3.5,4.1,3.73,Work sample evidence recorded against the controlled scoring key
INT-2026-1934,CAND-2026-3459,REQ-2026-SCM-G2,Structured Interview A,APD-INT-014,Hiring Manager,2026-03-07,2026-03-09,48.0,Yes,3.9,3.4,3.5,4.1,3.73,Behavioral evidence mapped to published BARS anchors
INT-2026-1935,CAND-2026-3459,REQ-2026-SCM-G2,Structured Interview B,APD-INT-015,Cross-functional Panelist,2026-03-09,2026-03-10,22.0,Yes,3.9,3.4,3.5,4.1,3.73,Independent follow-up evidence locked before panel release
INT-2026-1936,CAND-2026-3459,REQ-2026-SCM-G2,Calibration Review,APD-INT-016,Talent Acquisition Partner,2026-03-11,2026-03-13,33.0,Yes,3.9,3.4,3.5,4.1,3.73,Composite and decision evidence reviewed in calibration
INT-2026-1937,CAND-2026-3460,REQ-2026-SCM-G2,Work Sample Review,APD-INT-017,Technical Assessor,2026-02-27,2026-03-01,44.0,Yes,3.2,3.9,3.2,3.2,3.38,Work sample evidence recorded against the controlled scoring key
INT-2026-1938,CAND-2026-3460,REQ-2026-SCM-G2,Structured Interview A,APD-INT-018,Hiring Manager,2026-03-01,2026-03-02,18.0,Yes,3.2,3.9,3.2,3.2,3.38,Behavioral evidence mapped to published BARS anchors
INT-2026-1939,CAND-2026-3460,REQ-2026-SCM-G2,Structured Interview B,APD-INT-019,Cross-functional Panelist,2026-03-03,2026-03-05,29.0,Yes,3.2,3.9,3.2,3.2,3.38,Independent follow-up evidence locked before panel release
INT-2026-1940,CAND-2026-3460,REQ-2026-SCM-G2,Calibration Review,APD-INT-020,Talent Acquisition Partner,2026-03-05,2026-03-07,40.0,Yes,3.2,3.9,3.2,3.2,3.38,Composite and decision evidence reviewed in calibration
INT-2026-1941,CAND-2026-3461,REQ-2026-SCM-G2,Work Sample Review,APD-INT-021,Technical Assessor,2026-03-06,2026-03-07,14.0,Yes,3.5,3.3,3.9,3.4,3.53,Work sample evidence recorded against the controlled scoring key
INT-2026-1942,CAND-2026-3461,REQ-2026-SCM-G2,Structured Interview A,APD-INT-022,Hiring Manager,2026-03-08,2026-03-10,25.0,Yes,3.5,3.3,3.9,3.4,3.53,Behavioral evidence mapped to published BARS anchors
INT-2026-1943,CAND-2026-3461,REQ-2026-SCM-G2,Structured Interview B,APD-INT-023,Cross-functional Panelist,2026-03-10,2026-03-12,36.0,Yes,3.5,3.3,3.9,3.4,3.53,Independent follow-up evidence locked before panel release
INT-2026-1944,CAND-2026-3461,REQ-2026-SCM-G2,Calibration Review,APD-INT-024,Talent Acquisition Partner,2026-03-12,2026-03-14,47.0,Yes,3.5,3.3,3.9,3.4,3.53,Composite and decision evidence reviewed in calibration
INT-2026-1945,CAND-2026-3462,REQ-2026-SCM-G2,Work Sample Review,APD-INT-025,Technical Assessor,2026-02-28,2026-03-01,21.0,Yes,3.8,3.8,3.6,3.6,3.70,Work sample evidence recorded against the controlled scoring key
INT-2026-1946,CAND-2026-3462,REQ-2026-SCM-G2,Structured Interview A,APD-INT-026,Hiring Manager,2026-03-02,2026-03-05,63.0,No,3.8,3.8,3.6,3.6,3.70,Behavioral evidence mapped to published BARS anchors
INT-2026-1947,CAND-2026-3462,REQ-2026-SCM-G2,Structured Interview B,APD-INT-027,Cross-functional Panelist,2026-03-04,2026-03-07,70.0,No,3.8,3.8,3.6,3.6,3.70,Independent follow-up evidence locked before panel release
INT-2026-1948,CAND-2026-3462,REQ-2026-SCM-G2,Calibration Review,APD-INT-028,Talent Acquisition Partner,2026-03-06,2026-03-09,53.0,No,3.8,3.8,3.6,3.6,3.70,Composite and decision evidence reviewed in calibration
INT-2026-1949,CAND-2026-3463,REQ-2026-SCM-G2,Work Sample Review,APD-INT-029,Technical Assessor,2026-03-07,2026-03-10,60.0,No,4.1,3.2,3.3,3.8,3.60,Work sample evidence recorded against the controlled scoring key
INT-2026-1950,CAND-2026-3463,REQ-2026-SCM-G2,Structured Interview A,APD-INT-030,Hiring Manager,2026-03-09,2026-03-12,67.0,No,4.1,3.2,3.3,3.8,3.60,Behavioral evidence mapped to published BARS anchors
INT-2026-1951,CAND-2026-3463,REQ-2026-SCM-G2,Structured Interview B,APD-INT-031,Cross-functional Panelist,2026-03-11,2026-03-12,13.0,Yes,4.1,3.2,3.3,3.8,3.60,Independent follow-up evidence locked before panel release
INT-2026-1952,CAND-2026-3463,REQ-2026-SCM-G2,Calibration Review,APD-INT-032,Talent Acquisition Partner,2026-03-13,2026-03-14,24.0,Yes,4.1,3.2,3.3,3.8,3.60,Composite and decision evidence reviewed in calibration
INT-2026-1953,CAND-2026-3464,REQ-2026-SCM-G2,Work Sample Review,APD-INT-033,Technical Assessor,2026-03-01,2026-03-03,35.0,Yes,3.4,3.7,4.0,4.0,3.78,Work sample evidence recorded against the controlled scoring key
INT-2026-1954,CAND-2026-3464,REQ-2026-SCM-G2,Structured Interview A,APD-INT-034,Hiring Manager,2026-03-03,2026-03-05,46.0,Yes,3.4,3.7,4.0,4.0,3.78,Behavioral evidence mapped to published BARS anchors
INT-2026-1955,CAND-2026-3464,REQ-2026-SCM-G2,Structured Interview B,APD-INT-035,Cross-functional Panelist,2026-03-05,2026-03-06,20.0,Yes,3.4,3.7,4.0,4.0,3.78,Independent follow-up evidence locked before panel release
INT-2026-1956,CAND-2026-3464,REQ-2026-SCM-G2,Calibration Review,APD-INT-036,Talent Acquisition Partner,2026-03-07,2026-03-09,31.0,Yes,3.4,3.7,4.0,4.0,3.78,Composite and decision evidence reviewed in calibration
INT-2026-1957,CAND-2026-3465,REQ-2026-SCM-G2,Work Sample Review,APD-INT-037,Technical Assessor,2026-02-23,2026-02-25,42.0,Yes,3.7,3.1,3.7,3.1,3.40,Work sample evidence recorded against the controlled scoring key
INT-2026-1958,CAND-2026-3465,REQ-2026-SCM-G2,Structured Interview A,APD-INT-038,Hiring Manager,2026-02-25,2026-02-26,16.0,Yes,3.7,3.1,3.7,3.1,3.40,Behavioral evidence mapped to published BARS anchors
INT-2026-1959,CAND-2026-3465,REQ-2026-SCM-G2,Structured Interview B,APD-INT-039,Cross-functional Panelist,2026-02-27,2026-03-01,27.0,Yes,3.7,3.1,3.7,3.1,3.40,Independent follow-up evidence locked before panel release
INT-2026-1960,CAND-2026-3465,REQ-2026-SCM-G2,Calibration Review,APD-INT-040,Talent Acquisition Partner,2026-03-01,2026-03-03,38.0,Yes,3.7,3.1,3.7,3.1,3.40,Composite and decision evidence reviewed in calibration
INT-2026-1961,CAND-2026-3466,REQ-2026-SCM-G2,Work Sample Review,APD-INT-041,Technical Assessor,2026-03-02,2026-03-03,12.0,Yes,4.0,3.6,3.4,3.3,3.58,Work sample evidence recorded against the controlled scoring key
INT-2026-1962,CAND-2026-3466,REQ-2026-SCM-G2,Structured Interview A,APD-INT-042,Hiring Manager,2026-03-04,2026-03-05,23.0,Yes,4.0,3.6,3.4,3.3,3.58,Behavioral evidence mapped to published BARS anchors
INT-2026-1963,CAND-2026-3466,REQ-2026-SCM-G2,Structured Interview B,APD-INT-043,Cross-functional Panelist,2026-03-06,2026-03-08,34.0,Yes,4.0,3.6,3.4,3.3,3.58,Independent follow-up evidence locked before panel release
INT-2026-1964,CAND-2026-3466,REQ-2026-SCM-G2,Calibration Review,APD-INT-044,Talent Acquisition Partner,2026-03-08,2026-03-10,45.0,Yes,4.0,3.6,3.4,3.3,3.58,Composite and decision evidence reviewed in calibration
INT-2026-1965,CAND-2026-3467,REQ-2026-SCM-G2,Work Sample Review,APD-INT-045,Technical Assessor,2026-02-24,2026-02-25,19.0,Yes,3.3,4.1,4.1,3.5,3.75,Work sample evidence recorded against the controlled scoring key
INT-2026-1966,CAND-2026-3467,REQ-2026-SCM-G2,Structured Interview A,APD-INT-046,Hiring Manager,2026-02-26,2026-02-28,30.0,Yes,3.3,4.1,4.1,3.5,3.75,Behavioral evidence mapped to published BARS anchors
INT-2026-1967,CAND-2026-3467,REQ-2026-SCM-G2,Structured Interview B,APD-INT-047,Cross-functional Panelist,2026-02-28,2026-03-02,41.0,Yes,3.3,4.1,4.1,3.5,3.75,Independent follow-up evidence locked before panel release
INT-2026-1968,CAND-2026-3467,REQ-2026-SCM-G2,Calibration Review,APD-INT-048,Talent Acquisition Partner,2026-03-02,2026-03-03,15.0,Yes,3.3,4.1,4.1,3.5,3.75,Composite and decision evidence reviewed in calibration
INT-2026-1969,CAND-2026-3468,REQ-2026-SCM-G2,Work Sample Review,APD-INT-049,Technical Assessor,2026-03-03,2026-03-05,26.0,Yes,3.6,3.5,3.8,3.7,3.65,Work sample evidence recorded against the controlled scoring key
INT-2026-1970,CAND-2026-3468,REQ-2026-SCM-G2,Structured Interview A,APD-INT-050,Hiring Manager,2026-03-05,2026-03-07,37.0,Yes,3.6,3.5,3.8,3.7,3.65,Behavioral evidence mapped to published BARS anchors
INT-2026-1971,CAND-2026-3468,REQ-2026-SCM-G2,Structured Interview B,APD-INT-051,Cross-functional Panelist,2026-03-07,2026-03-09,48.0,Yes,3.6,3.5,3.8,3.7,3.65,Independent follow-up evidence locked before panel release
INT-2026-1972,CAND-2026-3468,REQ-2026-SCM-G2,Calibration Review,APD-INT-052,Talent Acquisition Partner,2026-03-09,2026-03-10,22.0,Yes,3.6,3.5,3.8,3.7,3.65,Composite and decision evidence reviewed in calibration
INT-2026-1973,CAND-2026-3469,REQ-2026-SCM-G2,Work Sample Review,APD-INT-053,Technical Assessor,2026-02-25,2026-02-27,33.0,Yes,3.9,4.0,3.5,3.9,3.83,Work sample evidence recorded against the controlled scoring key
INT-2026-1974,CAND-2026-3469,REQ-2026-SCM-G2,Structured Interview A,APD-INT-054,Hiring Manager,2026-02-27,2026-03-01,44.0,Yes,3.9,4.0,3.5,3.9,3.83,Behavioral evidence mapped to published BARS anchors
INT-2026-1975,CAND-2026-3469,REQ-2026-SCM-G2,Structured Interview B,APD-INT-055,Cross-functional Panelist,2026-03-01,2026-03-02,18.0,Yes,3.9,4.0,3.5,3.9,3.83,Independent follow-up evidence locked before panel release
INT-2026-1976,CAND-2026-3469,REQ-2026-SCM-G2,Calibration Review,APD-INT-056,Talent Acquisition Partner,2026-03-03,2026-03-05,29.0,Yes,3.9,4.0,3.5,3.9,3.83,Composite and decision evidence reviewed in calibration
INT-2026-1977,CAND-2026-3470,REQ-2026-SCM-G2,Work Sample Review,APD-INT-057,Technical Assessor,2026-03-04,2026-03-06,40.0,Yes,3.2,3.4,3.2,4.1,3.48,Work sample evidence recorded against the controlled scoring key
INT-2026-1978,CAND-2026-3470,REQ-2026-SCM-G2,Structured Interview A,APD-INT-058,Hiring Manager,2026-03-06,2026-03-07,14.0,Yes,3.2,3.4,3.2,4.1,3.48,Behavioral evidence mapped to published BARS anchors
INT-2026-1979,CAND-2026-3470,REQ-2026-SCM-G2,Structured Interview B,APD-INT-059,Cross-functional Panelist,2026-03-08,2026-03-10,25.0,Yes,3.2,3.4,3.2,4.1,3.48,Independent follow-up evidence locked before panel release
INT-2026-1980,CAND-2026-3470,REQ-2026-SCM-G2,Calibration Review,APD-INT-060,Talent Acquisition Partner,2026-03-10,2026-03-12,36.0,Yes,3.2,3.4,3.2,4.1,3.48,Composite and decision evidence reviewed in calibration
INT-2026-1981,CAND-2026-3471,REQ-2026-SCM-G2,Work Sample Review,APD-INT-001,Technical Assessor,2026-02-26,2026-02-28,47.0,Yes,3.5,3.9,3.9,3.2,3.63,Work sample evidence recorded against the controlled scoring key
INT-2026-1982,CAND-2026-3471,REQ-2026-SCM-G2,Structured Interview A,APD-INT-002,Hiring Manager,2026-02-28,2026-03-01,21.0,Yes,3.5,3.9,3.9,3.2,3.63,Behavioral evidence mapped to published BARS anchors
INT-2026-1983,CAND-2026-3471,REQ-2026-SCM-G2,Structured Interview B,APD-INT-003,Cross-functional Panelist,2026-03-02,2026-03-04,32.0,Yes,3.5,3.9,3.9,3.2,3.63,Independent follow-up evidence locked before panel release
INT-2026-1984,CAND-2026-3471,REQ-2026-SCM-G2,Calibration Review,APD-INT-004,Talent Acquisition Partner,2026-03-04,2026-03-06,43.0,Yes,3.5,3.9,3.9,3.2,3.63,Composite and decision evidence reviewed in calibration
INT-2026-1985,CAND-2026-3472,REQ-2026-SCM-G2,Work Sample Review,APD-INT-005,Technical Assessor,2026-03-05,2026-03-06,17.0,Yes,3.8,3.3,3.6,3.4,3.53,Work sample evidence recorded against the controlled scoring key
INT-2026-1986,CAND-2026-3472,REQ-2026-SCM-G2,Structured Interview A,APD-INT-006,Hiring Manager,2026-03-07,2026-03-09,28.0,Yes,3.8,3.3,3.6,3.4,3.53,Behavioral evidence mapped to published BARS anchors
INT-2026-1987,CAND-2026-3472,REQ-2026-SCM-G2,Structured Interview B,APD-INT-007,Cross-functional Panelist,2026-03-09,2026-03-11,39.0,Yes,3.8,3.3,3.6,3.4,3.53,Independent follow-up evidence locked before panel release
INT-2026-1988,CAND-2026-3472,REQ-2026-SCM-G2,Calibration Review,APD-INT-008,Talent Acquisition Partner,2026-03-11,2026-03-12,13.0,Yes,3.8,3.3,3.6,3.4,3.53,Composite and decision evidence reviewed in calibration
INT-2026-1989,CAND-2026-3473,REQ-2026-SCM-G2,Work Sample Review,APD-INT-009,Technical Assessor,2026-02-27,2026-02-28,24.0,Yes,4.1,3.8,3.3,3.6,3.70,Work sample evidence recorded against the controlled scoring key
INT-2026-1990,CAND-2026-3473,REQ-2026-SCM-G2,Structured Interview A,APD-INT-010,Hiring Manager,2026-03-01,2026-03-03,35.0,Yes,4.1,3.8,3.3,3.6,3.70,Behavioral evidence mapped to published BARS anchors
INT-2026-1991,CAND-2026-3473,REQ-2026-SCM-G2,Structured Interview B,APD-INT-011,Cross-functional Panelist,2026-03-03,2026-03-05,46.0,Yes,4.1,3.8,3.3,3.6,3.70,Independent follow-up evidence locked before panel release
INT-2026-1992,CAND-2026-3473,REQ-2026-SCM-G2,Calibration Review,APD-INT-012,Talent Acquisition Partner,2026-03-05,2026-03-06,20.0,Yes,4.1,3.8,3.3,3.6,3.70,Composite and decision evidence reviewed in calibration
INT-2026-1993,CAND-2026-3474,REQ-2026-SCM-G2,Work Sample Review,APD-INT-013,Technical Assessor,2026-03-06,2026-03-08,31.0,Yes,3.4,3.2,4.0,3.8,3.60,Work sample evidence recorded against the controlled scoring key
INT-2026-1994,CAND-2026-3474,REQ-2026-SCM-G2,Structured Interview A,APD-INT-014,Hiring Manager,2026-03-08,2026-03-10,42.0,Yes,3.4,3.2,4.0,3.8,3.60,Behavioral evidence mapped to published BARS anchors
INT-2026-1995,CAND-2026-3474,REQ-2026-SCM-G2,Structured Interview B,APD-INT-015,Cross-functional Panelist,2026-03-10,2026-03-11,16.0,Yes,3.4,3.2,4.0,3.8,3.60,Independent follow-up evidence locked before panel release
INT-2026-1996,CAND-2026-3474,REQ-2026-SCM-G2,Calibration Review,APD-INT-016,Talent Acquisition Partner,2026-03-12,2026-03-14,27.0,Yes,3.4,3.2,4.0,3.8,3.60,Composite and decision evidence reviewed in calibration
INT-2026-1997,CAND-2026-3475,REQ-2026-SCM-G2,Work Sample Review,APD-INT-017,Technical Assessor,2026-02-28,2026-03-02,38.0,Yes,3.7,3.7,3.7,4.0,3.78,Work sample evidence recorded against the controlled scoring key
INT-2026-1998,CAND-2026-3475,REQ-2026-SCM-G2,Structured Interview A,APD-INT-018,Hiring Manager,2026-03-02,2026-03-03,12.0,Yes,3.7,3.7,3.7,4.0,3.78,Behavioral evidence mapped to published BARS anchors
INT-2026-1999,CAND-2026-3475,REQ-2026-SCM-G2,Structured Interview B,APD-INT-019,Cross-functional Panelist,2026-03-04,2026-03-05,23.0,Yes,3.7,3.7,3.7,4.0,3.78,Independent follow-up evidence locked before panel release
INT-2026-2000,CAND-2026-3475,REQ-2026-SCM-G2,Calibration Review,APD-INT-020,Talent Acquisition Partner,2026-03-06,2026-03-09,57.0,No,3.7,3.7,3.7,4.0,3.78,Composite and decision evidence reviewed in calibration
